customer_id,tenure_months,monthly_charges,support_tickets,logins_last_30d,late_payments,contract,payment_method,plan,churned
CUST-00001,27,49.71,0,11,0,one-year,card,standard,0
CUST-00002,4,12.89,0,13,0,month-to-month,bank_transfer,basic,0
CUST-00003,40,30.71,0,19,2,two-year,card,basic,0
CUST-00004,9,100.09,6,9,1,one-year,invoice,premium,1
CUST-00005,2,6.56,0,15,2,month-to-month,card,basic,1
CUST-00006,35,20.06,2,18,0,two-year,card,basic,0
CUST-00007,39,23.23,1,13,1,one-year,card,basic,0
CUST-00008,51,91.65,0,10,0,one-year,invoice,premium,0
CUST-00009,28,58.09,2,11,0,month-to-month,invoice,standard,1
CUST-00010,30,56.85,1,8,0,month-to-month,card,standard,0
CUST-00011,27,90.59,2,12,2,month-to-month,card,premium,1
CUST-00012,50,32.66,5,8,0,two-year,card,basic,0
CUST-00013,1,94.62,2,17,0,one-year,card,premium,0
CUST-00014,45,16.89,0,12,1,two-year,card,basic,0
CUST-00015,4,15.69,0,9,1,month-to-month,invoice,basic,1
CUST-00016,2,26.46,0,8,0,month-to-month,card,basic,0
CUST-00017,9,84.24,1,10,0,one-year,invoice,premium,0
CUST-00018,29,86.54,1,8,0,month-to-month,card,premium,1
CUST-00019,53,47.56,0,10,1,two-year,invoice,standard,0
CUST-00020,56,21.13,2,7,2,one-year,card,basic,0
CUST-00021,58,17.84,1,14,1,one-year,card,basic,0
CUST-00022,32,41.1,1,8,1,month-to-month,bank_transfer,standard,0
CUST-00023,9,25.97,1,11,1,two-year,card,basic,0
CUST-00024,63,16.57,0,11,1,two-year,invoice,basic,0
CUST-00025,50,61.12,2,10,1,one-year,bank_transfer,standard,1
CUST-00026,31,50.82,2,5,0,month-to-month,invoice,standard,1
CUST-00027,5,96.6,1,15,0,month-to-month,invoice,premium,1
CUST-00028,4,52.79,2,21,0,month-to-month,card,standard,0
CUST-00029,33,26.89,0,13,1,month-to-month,card,basic,0
CUST-00030,10,52.42,0,13,0,one-year,bank_transfer,standard,0
CUST-00031,22,20.41,1,13,1,one-year,card,basic,0
CUST-00032,32,55.56,1,8,1,two-year,bank_transfer,standard,0
CUST-00033,4,63.92,1,14,0,month-to-month,card,standard,1
CUST-00034,1,17.38,1,7,0,month-to-month,bank_transfer,basic,0
CUST-00035,35,23.77,2,15,0,month-to-month,card,basic,0
CUST-00036,31,88.97,2,17,0,month-to-month,card,premium,0
CUST-00037,32,52.04,3,15,0,month-to-month,invoice,standard,0
CUST-00038,10,49.25,0,13,0,month-to-month,invoice,standard,0
CUST-00039,7,36.05,3,20,0,month-to-month,card,standard,0
CUST-00040,25,47.8,1,14,1,one-year,card,standard,0
CUST-00041,16,25.0,1,11,0,month-to-month,bank_transfer,basic,1
CUST-00042,1,84.41,2,13,0,two-year,card,premium,0
CUST-00043,46,94.53,1,11,0,one-year,bank_transfer,premium,0
CUST-00044,35,20.1,2,14,0,month-to-month,bank_transfer,basic,1
CUST-00045,38,17.85,1,11,0,two-year,card,basic,0
CUST-00046,27,54.43,0,5,0,two-year,card,standard,0
CUST-00047,14,53.09,1,12,0,month-to-month,card,standard,0
CUST-00048,3,21.52,4,10,0,month-to-month,card,basic,1
CUST-00049,15,55.1,1,9,0,one-year,bank_transfer,standard,0
CUST-00050,18,50.22,1,9,1,month-to-month,card,standard,0
CUST-00051,15,39.13,2,8,0,month-to-month,invoice,standard,0
CUST-00052,19,16.73,2,20,0,month-to-month,bank_transfer,basic,1
CUST-00053,50,8.17,3,15,1,one-year,card,basic,0
CUST-00054,13,52.94,0,15,0,one-year,bank_transfer,standard,1
CUST-00055,1,94.38,0,12,0,one-year,card,premium,0
CUST-00056,2,54.65,2,7,1,one-year,card,standard,1
CUST-00057,4,21.93,0,9,0,month-to-month,bank_transfer,basic,0
CUST-00058,34,94.81,1,14,1,one-year,card,premium,0
CUST-00059,29,9.54,1,9,0,month-to-month,card,basic,0
CUST-00060,31,48.35,2,14,0,month-to-month,card,standard,1
CUST-00061,38,10.51,1,13,0,one-year,card,basic,0
CUST-00062,14,46.85,2,14,0,month-to-month,bank_transfer,standard,1
CUST-00063,9,58.7,2,9,1,one-year,invoice,standard,0
CUST-00064,24,55.56,2,13,0,one-year,bank_transfer,standard,0
CUST-00065,19,22.97,1,11,0,one-year,invoice,basic,1
CUST-00066,52,47.91,1,18,1,one-year,bank_transfer,standard,0
CUST-00067,29,13.04,2,12,0,one-year,card,basic,0
CUST-00068,8,90.12,1,10,0,month-to-month,invoice,premium,1
CUST-00069,10,25.66,1,13,0,month-to-month,card,basic,0
CUST-00070,4,51.46,1,16,2,month-to-month,card,standard,1
CUST-00071,33,39.49,1,3,1,month-to-month,invoice,standard,1
CUST-00072,1,19.63,1,17,0,month-to-month,bank_transfer,basic,0
CUST-00073,1,7.52,2,14,2,two-year,invoice,basic,0
CUST-00074,6,23.83,0,12,0,month-to-month,card,basic,1
CUST-00075,29,44.84,0,9,0,month-to-month,bank_transfer,standard,1
CUST-00076,18,81.66,0,9,1,month-to-month,card,premium,1
CUST-00077,22,53.91,1,11,0,month-to-month,card,standard,0
CUST-00078,21,92.36,0,6,1,one-year,invoice,premium,0
CUST-00079,4,20.39,0,12,1,one-year,card,basic,0
CUST-00080,51,32.15,2,6,0,one-year,bank_transfer,basic,0
CUST-00081,11,92.81,1,10,4,one-year,invoice,premium,1
CUST-00082,1,85.13,1,6,0,month-to-month,invoice,premium,1
CUST-00083,41,22.12,1,15,0,two-year,card,basic,0
CUST-00084,2,47.28,3,8,0,month-to-month,card,standard,1
CUST-00085,3,96.6,1,10,1,month-to-month,invoice,premium,1
CUST-00086,28,50.69,2,16,0,month-to-month,bank_transfer,standard,1
CUST-00087,29,51.28,0,14,1,one-year,card,standard,0
CUST-00088,8,10.35,1,8,0,month-to-month,card,basic,0
CUST-00089,12,19.37,2,8,1,month-to-month,card,basic,1
CUST-00090,26,48.66,1,11,0,month-to-month,invoice,standard,0
CUST-00091,2,42.85,2,7,0,month-to-month,card,standard,1
CUST-00092,6,17.67,2,9,0,one-year,bank_transfer,basic,1
CUST-00093,22,21.61,0,13,0,month-to-month,card,basic,0
CUST-00094,21,18.97,0,16,1,month-to-month,card,basic,0
CUST-00095,35,40.53,0,10,0,month-to-month,bank_transfer,standard,0
CUST-00096,22,17.36,2,14,0,one-year,invoice,basic,0
CUST-00097,2,16.19,1,9,1,month-to-month,card,basic,1
CUST-00098,19,20.16,0,9,0,month-to-month,card,basic,0
CUST-00099,22,89.51,2,9,1,month-to-month,bank_transfer,premium,1
CUST-00100,10,46.53,4,13,1,two-year,card,standard,0
CUST-00101,39,16.3,2,16,2,two-year,card,basic,0
CUST-00102,11,49.4,0,14,0,one-year,bank_transfer,standard,1
CUST-00103,30,54.78,2,12,0,month-to-month,card,standard,0
CUST-00104,60,50.67,2,9,2,two-year,bank_transfer,standard,0
CUST-00105,25,57.54,0,10,0,one-year,card,standard,1
CUST-00106,58,55.8,2,10,0,one-year,bank_transfer,standard,0
CUST-00107,35,57.98,1,13,1,month-to-month,invoice,standard,0
CUST-00108,4,27.21,0,14,1,month-to-month,invoice,basic,0
CUST-00109,13,28.38,0,9,0,month-to-month,bank_transfer,basic,0
CUST-00110,43,12.08,0,13,1,two-year,bank_transfer,basic,0
CUST-00111,3,52.88,1,10,0,month-to-month,card,standard,0
CUST-00112,13,56.31,0,10,0,month-to-month,card,standard,0
CUST-00113,9,57.39,1,14,0,month-to-month,card,standard,1
CUST-00114,57,14.38,2,6,0,one-year,bank_transfer,basic,0
CUST-00115,14,52.94,3,26,0,month-to-month,card,standard,1
CUST-00116,54,19.45,0,6,0,two-year,card,basic,0
CUST-00117,23,30.08,2,14,0,one-year,bank_transfer,basic,0
CUST-00118,7,40.68,1,8,1,one-year,bank_transfer,standard,1
CUST-00119,31,14.38,1,8,0,month-to-month,card,basic,0
CUST-00120,1,8.14,1,8,2,one-year,card,basic,1
CUST-00121,3,19.87,6,11,0,one-year,bank_transfer,basic,1
CUST-00122,21,62.58,1,12,0,one-year,invoice,standard,0
CUST-00123,24,18.73,0,11,1,month-to-month,bank_transfer,basic,0
CUST-00124,12,89.61,1,11,0,month-to-month,card,premium,1
CUST-00125,2,92.3,1,12,1,month-to-month,invoice,premium,1
CUST-00126,11,88.3,0,13,2,month-to-month,card,premium,0
CUST-00127,8,21.2,0,15,0,month-to-month,card,basic,1
CUST-00128,1,51.35,0,9,1,month-to-month,card,standard,1
CUST-00129,19,13.93,0,13,1,month-to-month,card,basic,1
CUST-00130,6,88.44,1,12,0,one-year,bank_transfer,premium,1
CUST-00131,10,53.45,2,10,0,month-to-month,bank_transfer,standard,1
CUST-00132,46,24.57,1,10,2,two-year,invoice,basic,0
CUST-00133,43,26.79,0,15,0,one-year,bank_transfer,basic,0
CUST-00134,9,91.01,2,12,2,month-to-month,card,premium,1
CUST-00135,19,91.13,1,4,0,one-year,bank_transfer,premium,0
CUST-00136,8,53.5,0,12,1,month-to-month,bank_transfer,standard,1
CUST-00137,68,45.43,0,11,0,two-year,bank_transfer,standard,0
CUST-00138,6,45.19,1,13,2,month-to-month,card,standard,1
CUST-00139,10,88.25,1,11,3,one-year,bank_transfer,premium,1
CUST-00140,16,41.35,0,11,0,month-to-month,bank_transfer,standard,1
CUST-00141,6,21.44,0,13,0,month-to-month,card,basic,0
CUST-00142,5,55.29,3,8,0,month-to-month,invoice,standard,1
CUST-00143,6,84.74,0,18,1,two-year,card,premium,0
CUST-00144,38,21.61,0,13,0,one-year,card,basic,0
CUST-00145,22,15.23,3,17,0,month-to-month,bank_transfer,basic,0
CUST-00146,23,12.9,2,12,0,month-to-month,invoice,basic,0
CUST-00147,27,61.33,1,13,2,month-to-month,bank_transfer,standard,1
CUST-00148,11,42.99,2,11,2,month-to-month,card,standard,0
CUST-00149,33,11.32,3,18,1,month-to-month,invoice,basic,1
CUST-00150,26,50.29,0,13,1,month-to-month,card,standard,1
CUST-00151,57,20.61,3,7,1,two-year,card,basic,0
CUST-00152,51,93.0,2,7,0,two-year,bank_transfer,premium,0
CUST-00153,12,101.01,0,6,0,month-to-month,card,premium,1
CUST-00154,16,44.34,0,13,0,one-year,bank_transfer,standard,0
CUST-00155,15,45.53,1,17,1,month-to-month,invoice,standard,1
CUST-00156,5,28.65,1,9,0,one-year,card,basic,0
CUST-00157,16,94.63,2,11,1,month-to-month,card,premium,1
CUST-00158,2,53.8,0,9,0,one-year,card,standard,0
CUST-00159,1,15.46,2,8,0,one-year,bank_transfer,basic,0
CUST-00160,55,95.76,1,9,0,one-year,bank_transfer,premium,0
CUST-00161,24,23.82,3,11,1,month-to-month,invoice,basic,1
CUST-00162,40,50.14,0,8,0,two-year,bank_transfer,standard,0
CUST-00163,12,15.49,0,10,0,month-to-month,invoice,basic,1
CUST-00164,20,49.64,2,12,0,month-to-month,card,standard,1
CUST-00165,53,28.89,2,11,1,one-year,card,basic,0
CUST-00166,23,12.44,0,12,0,month-to-month,card,basic,0
CUST-00167,43,44.2,2,7,1,two-year,bank_transfer,standard,0
CUST-00168,33,85.23,0,13,1,two-year,card,premium,0
CUST-00169,12,16.54,0,5,0,month-to-month,card,basic,1
CUST-00170,50,48.91,1,15,0,two-year,card,standard,0
CUST-00171,35,54.75,1,9,1,month-to-month,card,standard,1
CUST-00172,15,91.77,2,22,2,month-to-month,bank_transfer,premium,1
CUST-00173,14,19.37,2,8,0,month-to-month,invoice,basic,1
CUST-00174,30,50.66,2,9,1,two-year,card,standard,0
CUST-00175,15,92.74,1,9,1,month-to-month,bank_transfer,premium,0
CUST-00176,35,8.91,1,9,1,month-to-month,card,basic,1
CUST-00177,25,55.43,1,11,2,month-to-month,card,standard,1
CUST-00178,25,84.04,1,11,1,two-year,card,premium,0
CUST-00179,26,16.34,1,18,1,two-year,bank_transfer,basic,0
CUST-00180,25,21.04,0,10,0,one-year,bank_transfer,basic,0
CUST-00181,2,18.55,0,14,0,two-year,bank_transfer,basic,0
CUST-00182,38,91.92,2,15,0,two-year,invoice,premium,0
CUST-00183,29,89.85,3,15,1,month-to-month,card,premium,1
CUST-00184,23,47.26,3,10,0,month-to-month,bank_transfer,standard,1
CUST-00185,11,58.17,1,9,1,one-year,bank_transfer,standard,0
CUST-00186,43,23.25,3,17,1,one-year,card,basic,0
CUST-00187,25,20.81,3,7,0,month-to-month,card,basic,1
CUST-00188,9,23.16,0,10,0,month-to-month,card,basic,0
CUST-00189,37,14.77,5,12,0,one-year,card,basic,0
CUST-00190,21,32.05,0,12,3,month-to-month,card,basic,1
CUST-00191,60,42.47,0,8,0,two-year,card,standard,0
CUST-00192,4,19.68,3,14,0,month-to-month,invoice,basic,1
CUST-00193,7,17.28,2,18,1,month-to-month,invoice,basic,0
CUST-00194,34,17.05,2,15,1,two-year,bank_transfer,basic,0
CUST-00195,1,16.27,2,14,0,month-to-month,bank_transfer,basic,0
CUST-00196,14,14.37,2,13,0,month-to-month,invoice,basic,1
CUST-00197,47,26.13,2,17,0,one-year,card,basic,0
CUST-00198,10,11.77,1,5,1,two-year,bank_transfer,basic,0
CUST-00199,16,54.9,0,14,0,month-to-month,bank_transfer,standard,1
CUST-00200,35,52.89,0,12,0,month-to-month,invoice,standard,1
CUST-00201,30,86.71,2,12,2,one-year,bank_transfer,premium,0
CUST-00202,35,52.2,1,6,0,two-year,card,standard,0
CUST-00203,20,48.05,3,14,0,month-to-month,bank_transfer,standard,1
CUST-00204,6,82.39,2,11,0,month-to-month,card,premium,1
CUST-00205,5,42.46,1,13,1,month-to-month,card,standard,0
CUST-00206,24,52.93,2,13,0,month-to-month,bank_transfer,standard,1
CUST-00207,14,52.62,0,11,2,month-to-month,bank_transfer,standard,1
CUST-00208,17,20.45,2,19,2,one-year,card,basic,1
CUST-00209,1,16.65,0,7,1,month-to-month,card,basic,1
CUST-00210,30,17.86,2,12,0,month-to-month,bank_transfer,basic,0
CUST-00211,1,47.05,1,11,0,one-year,card,standard,1
CUST-00212,44,8.52,0,9,0,one-year,invoice,basic,0
CUST-00213,13,49.37,2,13,0,month-to-month,card,standard,0
CUST-00214,43,92.13,1,9,0,two-year,bank_transfer,premium,0
CUST-00215,14,49.41,1,14,0,one-year,card,standard,0
CUST-00216,9,29.61,1,17,0,one-year,invoice,basic,1
CUST-00217,19,42.97,2,18,1,month-to-month,invoice,standard,0
CUST-00218,25,15.03,2,15,1,month-to-month,card,basic,0
CUST-00219,14,89.8,3,4,1,two-year,bank_transfer,premium,1
CUST-00220,15,50.46,0,13,0,month-to-month,bank_transfer,standard,0
CUST-00221,16,37.59,0,8,0,month-to-month,card,standard,0
CUST-00222,7,52.62,3,12,1,month-to-month,bank_transfer,standard,0
CUST-00223,33,50.49,0,12,1,one-year,invoice,standard,0
CUST-00224,10,36.28,0,14,1,two-year,bank_transfer,standard,0
CUST-00225,18,18.3,1,11,0,month-to-month,invoice,basic,0
CUST-00226,8,14.15,1,7,1,two-year,card,basic,0
CUST-00227,17,16.28,0,19,0,month-to-month,invoice,basic,1
CUST-00228,18,40.97,0,12,1,one-year,invoice,standard,0
CUST-00229,27,91.5,1,12,0,one-year,card,premium,0
CUST-00230,15,59.57,2,12,0,month-to-month,card,standard,0
CUST-00231,32,50.59,1,17,0,month-to-month,bank_transfer,standard,1
CUST-00232,17,76.04,4,21,0,month-to-month,invoice,premium,0
CUST-00233,58,20.71,1,7,1,two-year,card,basic,0
CUST-00234,13,17.83,1,16,1,one-year,card,basic,0
CUST-00235,25,82.39,0,16,0,two-year,bank_transfer,premium,0
CUST-00236,5,91.12,2,14,0,two-year,card,premium,0
CUST-00237,15,54.28,2,11,0,month-to-month,bank_transfer,standard,0
CUST-00238,40,14.99,4,17,0,one-year,bank_transfer,basic,0
CUST-00239,30,79.14,2,15,0,month-to-month,invoice,premium,0
CUST-00240,20,36.93,1,7,0,month-to-month,card,standard,1
CUST-00241,46,45.01,2,16,2,two-year,invoice,standard,0
CUST-00242,10,18.07,1,13,0,one-year,bank_transfer,basic,0
CUST-00243,1,45.9,1,9,1,month-to-month,invoice,standard,1
CUST-00244,28,84.9,2,8,0,month-to-month,card,premium,0
CUST-00245,10,92.41,1,9,1,one-year,bank_transfer,premium,1
CUST-00246,6,51.78,0,6,0,two-year,invoice,standard,0
CUST-00247,56,50.2,0,12,1,one-year,bank_transfer,standard,0
CUST-00248,34,53.9,2,12,0,month-to-month,card,standard,1
CUST-00249,22,45.06,1,17,1,month-to-month,card,standard,0
CUST-00250,13,42.43,1,12,0,month-to-month,card,standard,1
CUST-00251,49,15.87,3,19,1,one-year,card,basic,1
CUST-00252,14,15.45,0,10,0,two-year,bank_transfer,basic,0
CUST-00253,15,36.69,0,11,0,month-to-month,invoice,standard,0
CUST-00254,12,15.73,2,9,1,month-to-month,bank_transfer,basic,1
CUST-00255,32,25.63,0,23,1,month-to-month,card,basic,0
CUST-00256,55,93.81,0,19,1,one-year,card,premium,0
CUST-00257,46,52.15,2,6,0,two-year,card,standard,0
CUST-00258,3,19.79,2,10,0,month-to-month,card,basic,1
CUST-00259,17,27.69,0,12,0,month-to-month,invoice,basic,0
CUST-00260,14,42.64,0,10,0,one-year,card,standard,1
CUST-00261,31,43.21,0,12,0,month-to-month,card,standard,0
CUST-00262,9,55.75,2,8,0,two-year,bank_transfer,standard,0
CUST-00263,1,49.17,1,11,3,month-to-month,card,standard,1
CUST-00264,25,14.97,1,8,0,month-to-month,card,basic,1
CUST-00265,32,52.31,1,7,0,two-year,bank_transfer,standard,0
CUST-00266,30,16.37,2,17,0,month-to-month,card,basic,0
CUST-00267,2,43.97,1,13,0,month-to-month,bank_transfer,standard,1
CUST-00268,28,13.81,0,12,0,month-to-month,card,basic,0
CUST-00269,1,20.93,1,12,0,month-to-month,bank_transfer,basic,1
CUST-00270,1,20.23,1,8,2,month-to-month,card,basic,0
CUST-00271,16,98.1,0,12,0,month-to-month,card,premium,1
CUST-00272,7,17.26,2,7,0,month-to-month,bank_transfer,basic,1
CUST-00273,21,17.16,1,12,0,month-to-month,card,basic,0
CUST-00274,1,27.64,0,11,0,one-year,card,basic,0
CUST-00275,2,54.91,1,14,0,one-year,card,standard,0
CUST-00276,26,49.87,2,8,0,month-to-month,card,standard,1
CUST-00277,7,79.63,1,8,0,month-to-month,card,premium,1
CUST-00278,23,44.13,1,12,0,month-to-month,invoice,standard,0
CUST-00279,53,42.68,1,14,0,two-year,card,standard,0
CUST-00280,4,49.22,0,11,2,two-year,bank_transfer,standard,0
CUST-00281,27,15.95,0,15,1,month-to-month,card,basic,1
CUST-00282,9,98.62,1,6,0,month-to-month,card,premium,1
CUST-00283,14,79.57,1,16,0,month-to-month,bank_transfer,premium,1
CUST-00284,3,12.03,1,12,0,month-to-month,bank_transfer,basic,1
CUST-00285,50,50.47,0,11,2,one-year,invoice,standard,0
CUST-00286,20,22.13,1,9,1,month-to-month,card,basic,0
CUST-00287,18,33.48,0,12,1,month-to-month,card,standard,0
CUST-00288,34,38.59,1,21,0,month-to-month,bank_transfer,standard,1
CUST-00289,12,87.42,3,13,1,month-to-month,card,premium,1
CUST-00290,32,27.14,1,17,0,month-to-month,card,basic,1
CUST-00291,51,60.33,1,10,1,two-year,card,standard,0
CUST-00292,33,46.51,0,7,0,month-to-month,card,standard,0
CUST-00293,65,17.98,0,13,0,two-year,invoice,basic,0
CUST-00294,35,43.98,1,7,1,month-to-month,invoice,standard,1
CUST-00295,9,52.8,1,11,1,two-year,bank_transfer,standard,0
CUST-00296,57,58.17,1,19,0,two-year,card,standard,0
CUST-00297,57,96.54,0,13,0,two-year,bank_transfer,premium,0
CUST-00298,46,18.83,1,17,0,two-year,bank_transfer,basic,0
CUST-00299,16,13.97,2,7,0,one-year,bank_transfer,basic,1
CUST-00300,57,19.05,0,11,0,one-year,bank_transfer,basic,0
CUST-00301,12,27.28,0,13,0,one-year,invoice,basic,0
CUST-00302,17,46.6,1,10,2,month-to-month,card,standard,1
CUST-00303,18,78.11,1,13,0,month-to-month,bank_transfer,premium,1
CUST-00304,5,46.84,1,14,0,month-to-month,invoice,standard,0
CUST-00305,52,47.33,2,12,0,two-year,invoice,standard,0
CUST-00306,3,8.07,0,12,0,month-to-month,invoice,basic,1
CUST-00307,24,20.39,1,6,0,month-to-month,card,basic,1
CUST-00308,50,92.04,2,12,0,one-year,bank_transfer,premium,0
CUST-00309,12,60.16,0,10,1,month-to-month,card,standard,0
CUST-00310,25,11.01,4,12,0,month-to-month,bank_transfer,basic,1
CUST-00311,5,93.38,1,15,1,month-to-month,card,premium,1
CUST-00312,30,54.8,0,6,1,month-to-month,card,standard,0
CUST-00313,34,22.12,3,15,0,month-to-month,invoice,basic,0
CUST-00314,5,42.96,3,12,0,month-to-month,invoice,standard,1
CUST-00315,24,42.61,1,9,0,month-to-month,card,standard,0
CUST-00316,18,19.58,4,8,1,month-to-month,card,basic,1
CUST-00317,19,89.54,2,9,0,month-to-month,card,premium,1
CUST-00318,42,45.64,3,10,0,one-year,card,standard,0
CUST-00319,17,56.75,1,15,0,month-to-month,card,standard,0
CUST-00320,43,86.6,5,14,0,two-year,invoice,premium,0
CUST-00321,16,37.64,1,9,0,two-year,card,standard,0
CUST-00322,13,47.66,1,15,0,month-to-month,card,standard,0
CUST-00323,31,21.88,2,13,0,month-to-month,bank_transfer,basic,1
CUST-00324,3,21.05,3,9,1,month-to-month,card,basic,0
CUST-00325,43,21.01,1,14,1,two-year,card,basic,0
CUST-00326,11,27.96,3,8,1,one-year,card,basic,1
CUST-00327,60,42.31,1,19,0,two-year,card,standard,0
CUST-00328,20,16.46,1,11,0,month-to-month,bank_transfer,basic,0
CUST-00329,24,28.27,0,9,1,one-year,bank_transfer,basic,0
CUST-00330,8,37.2,0,10,0,month-to-month,card,standard,1
CUST-00331,26,18.68,3,17,1,one-year,invoice,basic,1
CUST-00332,34,56.37,2,8,0,month-to-month,invoice,standard,0
CUST-00333,30,56.28,2,14,0,one-year,invoice,standard,0
CUST-00334,33,22.96,1,13,0,two-year,invoice,basic,0
CUST-00335,26,23.11,0,8,2,month-to-month,invoice,basic,1
CUST-00336,22,42.75,1,11,0,one-year,invoice,standard,0
CUST-00337,15,27.24,1,17,1,month-to-month,card,basic,0
CUST-00338,20,41.8,0,12,0,one-year,card,standard,0
CUST-00339,5,42.16,1,8,2,month-to-month,bank_transfer,standard,1
CUST-00340,51,51.33,0,14,1,two-year,invoice,standard,0
CUST-00341,31,46.04,1,18,1,month-to-month,invoice,standard,0
CUST-00342,65,90.24,1,8,0,two-year,bank_transfer,premium,0
CUST-00343,63,21.58,1,13,0,two-year,invoice,basic,0
CUST-00344,27,99.67,2,12,0,one-year,bank_transfer,premium,0
CUST-00345,17,91.6,1,12,0,one-year,bank_transfer,premium,0
CUST-00346,38,45.29,2,11,0,one-year,card,standard,0
CUST-00347,68,23.06,0,12,0,two-year,card,basic,0
CUST-00348,26,14.01,3,7,1,month-to-month,card,basic,1
CUST-00349,29,94.48,3,11,1,one-year,card,premium,0
CUST-00350,24,19.39,1,5,0,month-to-month,bank_transfer,basic,1
CUST-00351,46,91.4,1,5,1,one-year,card,premium,1
CUST-00352,33,38.32,0,15,0,month-to-month,invoice,standard,1
CUST-00353,45,35.5,0,14,0,one-year,card,standard,0
CUST-00354,25,39.99,1,13,1,one-year,bank_transfer,standard,0
CUST-00355,9,29.47,2,10,0,month-to-month,card,basic,1
CUST-00356,17,42.11,2,18,0,month-to-month,invoice,standard,0
CUST-00357,19,93.39,0,13,1,one-year,card,premium,0
CUST-00358,56,15.15,0,12,0,one-year,bank_transfer,basic,0
CUST-00359,18,87.56,1,12,1,month-to-month,bank_transfer,premium,0
CUST-00360,28,88.73,1,13,1,one-year,bank_transfer,premium,0
CUST-00361,25,28.86,1,16,0,two-year,bank_transfer,basic,0
CUST-00362,23,52.51,2,8,0,month-to-month,bank_transfer,standard,1
CUST-00363,18,21.31,3,8,2,month-to-month,invoice,basic,1
CUST-00364,4,56.78,0,8,0,month-to-month,card,standard,1
CUST-00365,52,85.2,3,18,0,one-year,invoice,premium,0
CUST-00366,12,95.41,2,6,0,month-to-month,card,premium,1
CUST-00367,25,94.41,1,8,0,one-year,card,premium,0
CUST-00368,12,24.34,1,14,0,one-year,card,basic,0
CUST-00369,19,48.07,3,14,0,month-to-month,card,standard,0
CUST-00370,50,16.38,0,9,0,two-year,card,basic,0
CUST-00371,52,83.78,1,11,0,one-year,invoice,premium,0
CUST-00372,1,14.16,1,9,0,month-to-month,bank_transfer,basic,1
CUST-00373,35,13.5,1,18,1,month-to-month,invoice,basic,0
CUST-00374,25,21.2,1,9,1,month-to-month,card,basic,0
CUST-00375,10,17.63,1,12,1,month-to-month,bank_transfer,basic,1
CUST-00376,7,21.59,4,13,1,month-to-month,card,basic,1
CUST-00377,21,21.93,1,10,0,two-year,card,basic,0
CUST-00378,31,82.64,1,11,0,month-to-month,card,premium,0
CUST-00379,10,42.46,2,7,0,month-to-month,bank_transfer,standard,1
CUST-00380,27,17.63,0,8,1,one-year,bank_transfer,basic,0
CUST-00381,42,44.35,0,10,0,one-year,card,standard,1
CUST-00382,62,43.72,3,15,0,two-year,card,standard,0
CUST-00383,39,59.17,0,21,0,one-year,card,standard,0
CUST-00384,27,9.8,0,7,0,month-to-month,card,basic,0
CUST-00385,6,61.14,1,11,1,month-to-month,bank_transfer,standard,1
CUST-00386,63,20.73,3,8,0,two-year,bank_transfer,basic,0
CUST-00387,16,24.92,0,20,0,one-year,invoice,basic,0
CUST-00388,9,54.21,1,11,2,two-year,invoice,standard,1
CUST-00389,35,52.7,0,22,0,month-to-month,card,standard,1
CUST-00390,14,58.97,1,13,2,two-year,invoice,standard,1
CUST-00391,8,12.51,0,13,0,one-year,bank_transfer,basic,1
CUST-00392,22,48.06,2,13,1,month-to-month,card,standard,1
CUST-00393,19,43.88,1,6,1,one-year,invoice,standard,0
CUST-00394,8,8.82,2,7,0,one-year,card,basic,0
CUST-00395,21,15.03,1,11,2,month-to-month,bank_transfer,basic,1
CUST-00396,27,30.24,0,16,1,month-to-month,bank_transfer,basic,0
CUST-00397,57,17.96,1,14,0,two-year,invoice,basic,0
CUST-00398,5,30.9,0,3,0,month-to-month,bank_transfer,basic,1
CUST-00399,20,31.51,1,11,0,month-to-month,invoice,basic,1
CUST-00400,29,66.97,1,9,0,month-to-month,card,standard,0
CUST-00401,5,60.43,4,9,1,month-to-month,invoice,standard,1
CUST-00402,14,63.15,5,7,1,two-year,bank_transfer,standard,0
CUST-00403,1,50.95,2,13,0,one-year,bank_transfer,standard,1
CUST-00404,18,20.37,0,8,0,month-to-month,invoice,basic,1
CUST-00405,14,90.77,1,16,0,two-year,card,premium,0
CUST-00406,52,49.0,0,9,1,two-year,card,standard,0
CUST-00407,34,49.9,1,11,0,month-to-month,invoice,standard,0
CUST-00408,15,23.51,0,7,1,two-year,invoice,basic,0
CUST-00409,23,46.21,2,13,0,month-to-month,bank_transfer,standard,0
CUST-00410,15,40.73,1,13,0,two-year,card,standard,1
CUST-00411,1,51.18,3,17,1,one-year,card,standard,1
CUST-00412,45,44.84,5,10,0,one-year,bank_transfer,standard,1
CUST-00413,15,85.46,0,9,1,month-to-month,card,premium,0
CUST-00414,68,88.14,0,15,2,two-year,invoice,premium,0
CUST-00415,19,46.77,0,10,0,month-to-month,bank_transfer,standard,0
CUST-00416,5,95.66,0,12,0,month-to-month,card,premium,1
CUST-00417,16,88.0,0,14,1,month-to-month,card,premium,1
CUST-00418,12,25.96,2,16,1,one-year,invoice,basic,1
CUST-00419,31,50.24,2,11,0,month-to-month,bank_transfer,standard,0
CUST-00420,49,18.47,0,11,0,two-year,card,basic,0
CUST-00421,20,19.95,3,8,1,one-year,bank_transfer,basic,1
CUST-00422,19,11.25,2,13,0,month-to-month,card,basic,0
CUST-00423,24,51.03,2,13,1,month-to-month,card,standard,1
CUST-00424,28,24.1,1,18,0,month-to-month,bank_transfer,basic,0
CUST-00425,4,24.95,2,12,1,one-year,card,basic,1
CUST-00426,1,10.89,1,10,0,two-year,card,basic,1
CUST-00427,4,39.89,0,10,0,month-to-month,card,standard,1
CUST-00428,28,85.78,0,12,1,two-year,card,premium,0
CUST-00429,16,97.31,2,9,2,month-to-month,bank_transfer,premium,0
CUST-00430,9,50.33,3,8,0,two-year,bank_transfer,standard,1
CUST-00431,29,14.35,1,11,1,two-year,card,basic,0
CUST-00432,26,80.28,1,15,0,one-year,card,premium,0
CUST-00433,6,14.9,2,17,0,one-year,bank_transfer,basic,1
CUST-00434,65,84.49,3,8,1,two-year,invoice,premium,1
CUST-00435,21,54.61,1,16,0,month-to-month,card,standard,1
CUST-00436,13,55.08,1,9,2,month-to-month,card,standard,1
CUST-00437,18,12.7,1,13,0,month-to-month,invoice,basic,0
CUST-00438,11,23.52,2,19,0,month-to-month,card,basic,1
CUST-00439,51,52.9,3,8,0,one-year,invoice,standard,1
CUST-00440,34,41.92,1,9,0,one-year,invoice,standard,0
CUST-00441,35,88.5,2,18,1,two-year,card,premium,0
CUST-00442,32,51.04,0,8,1,month-to-month,card,standard,1
CUST-00443,50,49.98,0,16,1,one-year,invoice,standard,0
CUST-00444,29,8.74,3,7,2,month-to-month,card,basic,1
CUST-00445,8,49.79,0,14,1,month-to-month,bank_transfer,standard,1
CUST-00446,9,22.82,0,13,2,one-year,card,basic,0
CUST-00447,49,58.48,1,11,0,two-year,bank_transfer,standard,0
CUST-00448,28,44.99,3,17,0,one-year,invoice,standard,0
CUST-00449,24,85.73,1,10,1,month-to-month,bank_transfer,premium,0
CUST-00450,45,47.75,1,13,0,one-year,card,standard,0
CUST-00451,10,20.75,0,11,0,month-to-month,bank_transfer,basic,0
CUST-00452,20,89.58,1,16,0,two-year,bank_transfer,premium,0
CUST-00453,29,52.63,0,9,0,one-year,card,standard,0
CUST-00454,9,42.25,2,8,1,month-to-month,bank_transfer,standard,0
CUST-00455,24,51.38,1,18,0,month-to-month,bank_transfer,standard,0
CUST-00456,26,84.55,1,18,1,month-to-month,card,premium,1
CUST-00457,33,18.14,0,12,2,two-year,invoice,basic,0
CUST-00458,26,59.25,2,10,0,month-to-month,card,standard,1
CUST-00459,30,40.61,0,14,0,one-year,card,standard,0
CUST-00460,42,17.32,0,19,0,one-year,card,basic,0
CUST-00461,13,81.35,1,16,0,one-year,card,premium,1
CUST-00462,26,19.92,1,8,1,month-to-month,card,basic,0
CUST-00463,51,25.29,0,9,1,two-year,card,basic,0
CUST-00464,9,20.02,0,16,0,month-to-month,bank_transfer,basic,0
CUST-00465,33,88.3,0,19,0,one-year,bank_transfer,premium,0
CUST-00466,51,56.97,1,10,0,one-year,card,standard,0
CUST-00467,14,20.98,1,18,0,one-year,bank_transfer,basic,0
CUST-00468,52,23.92,1,10,2,two-year,bank_transfer,basic,0
CUST-00469,34,23.29,0,13,1,month-to-month,bank_transfer,basic,0
CUST-00470,31,1.74,0,11,1,month-to-month,invoice,basic,1
CUST-00471,14,48.54,0,16,0,month-to-month,card,standard,0
CUST-00472,21,12.53,0,4,1,month-to-month,card,basic,1
CUST-00473,35,14.02,1,12,2,month-to-month,card,basic,0
CUST-00474,20,27.85,1,13,0,month-to-month,card,basic,1
CUST-00475,4,46.75,1,8,0,month-to-month,card,standard,0
CUST-00476,1,60.36,1,13,0,month-to-month,card,standard,0
CUST-00477,28,40.55,1,10,1,month-to-month,bank_transfer,standard,0
CUST-00478,25,42.5,0,13,0,one-year,invoice,standard,0
CUST-00479,14,93.57,1,11,0,one-year,bank_transfer,premium,0
CUST-00480,12,46.95,0,15,1,month-to-month,bank_transfer,standard,0
CUST-00481,27,90.84,2,13,1,month-to-month,bank_transfer,premium,0
CUST-00482,16,48.33,0,8,0,month-to-month,bank_transfer,standard,1
CUST-00483,52,18.14,0,11,1,one-year,card,basic,0
CUST-00484,26,87.17,0,14,1,month-to-month,card,premium,1
CUST-00485,35,50.08,1,13,0,month-to-month,card,standard,0
CUST-00486,31,52.85,3,9,1,month-to-month,card,standard,1
CUST-00487,9,28.69,3,15,0,month-to-month,bank_transfer,basic,1
CUST-00488,23,47.78,2,17,0,month-to-month,card,standard,1
CUST-00489,1,86.64,2,11,1,one-year,card,premium,1
CUST-00490,59,15.87,1,14,0,one-year,card,basic,0
CUST-00491,15,27.82,2,10,0,one-year,bank_transfer,basic,1
CUST-00492,39,23.14,2,13,1,one-year,card,basic,0
CUST-00493,50,37.61,1,12,1,one-year,card,standard,0
CUST-00494,5,77.34,1,8,0,month-to-month,card,premium,1
CUST-00495,50,44.02,2,11,0,one-year,card,standard,1
CUST-00496,1,90.38,0,12,0,month-to-month,bank_transfer,premium,1
CUST-00497,15,48.8,0,9,2,month-to-month,card,standard,1
CUST-00498,28,22.09,0,15,0,one-year,card,basic,0
CUST-00499,13,17.95,0,12,0,month-to-month,invoice,basic,1
CUST-00500,21,27.38,0,19,0,month-to-month,card,basic,1
CUST-00501,54,53.63,3,12,0,one-year,bank_transfer,standard,1
CUST-00502,23,19.47,2,11,0,two-year,bank_transfer,basic,0
CUST-00503,41,25.87,3,14,1,two-year,card,basic,0
CUST-00504,31,79.11,2,7,1,month-to-month,card,premium,1
CUST-00505,27,48.49,0,10,0,month-to-month,card,standard,0
CUST-00506,2,19.83,1,9,0,one-year,card,basic,1
CUST-00507,33,52.61,0,6,1,month-to-month,card,standard,1
CUST-00508,3,38.71,0,13,0,two-year,bank_transfer,standard,0
CUST-00509,21,87.44,5,10,0,month-to-month,card,premium,1
CUST-00510,20,51.4,1,13,1,month-to-month,card,standard,1
CUST-00511,28,21.86,0,13,0,month-to-month,bank_transfer,basic,0
CUST-00512,10,26.12,1,12,1,two-year,card,basic,0
CUST-00513,6,23.57,1,11,0,month-to-month,bank_transfer,basic,0
CUST-00514,27,48.63,0,14,0,month-to-month,card,standard,1
CUST-00515,5,53.05,1,12,0,month-to-month,bank_transfer,standard,0
CUST-00516,16,47.79,2,15,0,month-to-month,invoice,standard,1
CUST-00517,26,49.88,1,11,1,month-to-month,bank_transfer,standard,1
CUST-00518,39,23.77,0,7,0,one-year,invoice,basic,0
CUST-00519,7,18.73,1,11,0,month-to-month,card,basic,1
CUST-00520,21,21.17,2,17,0,two-year,card,basic,0
CUST-00521,69,54.77,2,11,0,two-year,card,standard,0
CUST-00522,16,53.27,1,15,2,month-to-month,card,standard,1
CUST-00523,1,96.4,1,19,1,month-to-month,invoice,premium,1
CUST-00524,13,32.97,0,11,0,one-year,card,basic,0
CUST-00525,12,53.22,2,14,0,month-to-month,card,standard,1
CUST-00526,35,16.23,1,9,0,month-to-month,invoice,basic,1
CUST-00527,21,52.07,1,5,0,two-year,card,standard,0
CUST-00528,1,21.81,2,13,1,two-year,bank_transfer,basic,1
CUST-00529,30,52.68,1,12,1,one-year,card,standard,1
CUST-00530,3,27.97,3,14,1,month-to-month,invoice,basic,1
CUST-00531,16,8.9,3,15,0,one-year,card,basic,0
CUST-00532,59,58.08,2,11,0,one-year,bank_transfer,standard,0
CUST-00533,25,30.1,1,9,1,month-to-month,bank_transfer,basic,1
CUST-00534,3,52.41,3,8,0,one-year,invoice,standard,0
CUST-00535,16,22.55,1,13,0,month-to-month,invoice,basic,0
CUST-00536,6,87.55,0,13,0,month-to-month,bank_transfer,premium,0
CUST-00537,4,19.04,0,11,1,month-to-month,card,basic,1
CUST-00538,21,53.19,1,12,1,month-to-month,card,standard,1
CUST-00539,18,92.8,0,8,0,month-to-month,invoice,premium,0
CUST-00540,53,53.32,0,16,0,two-year,bank_transfer,standard,0
CUST-00541,64,22.76,0,13,1,two-year,invoice,basic,0
CUST-00542,14,54.39,0,6,0,one-year,bank_transfer,standard,1
CUST-00543,66,23.72,2,16,0,two-year,card,basic,0
CUST-00544,37,42.85,1,9,1,two-year,card,standard,0
CUST-00545,9,53.99,0,13,0,month-to-month,card,standard,0
CUST-00546,30,60.15,3,9,1,month-to-month,bank_transfer,standard,1
CUST-00547,1,88.84,1,8,0,month-to-month,card,premium,0
CUST-00548,20,28.0,0,9,0,month-to-month,card,basic,0
CUST-00549,43,13.5,1,14,0,one-year,bank_transfer,basic,1
CUST-00550,10,18.82,1,14,0,month-to-month,card,basic,0
CUST-00551,31,45.15,2,11,0,month-to-month,card,standard,1
CUST-00552,8,27.28,1,9,0,month-to-month,card,basic,0
CUST-00553,30,58.84,4,12,0,month-to-month,bank_transfer,standard,1
CUST-00554,5,48.4,2,7,1,two-year,card,standard,0
CUST-00555,5,96.03,2,10,0,month-to-month,bank_transfer,premium,1
CUST-00556,13,58.9,0,12,2,month-to-month,invoice,standard,1
CUST-00557,30,18.8,0,14,1,month-to-month,bank_transfer,basic,0
CUST-00558,5,19.78,2,11,0,month-to-month,invoice,basic,1
CUST-00559,52,53.4,1,22,0,one-year,card,standard,0
CUST-00560,8,13.94,0,10,0,month-to-month,card,basic,0
CUST-00561,16,19.66,0,14,1,month-to-month,card,basic,1
CUST-00562,12,31.86,0,9,1,month-to-month,bank_transfer,basic,1
CUST-00563,8,46.0,3,16,0,two-year,card,standard,0
CUST-00564,56,94.12,2,15,0,one-year,invoice,premium,1
CUST-00565,26,22.14,2,13,0,one-year,bank_transfer,basic,0
CUST-00566,41,18.02,1,8,0,one-year,invoice,basic,0
CUST-00567,34,50.33,0,7,0,one-year,card,standard,0
CUST-00568,18,29.52,0,11,0,month-to-month,bank_transfer,basic,0
CUST-00569,22,92.32,0,13,0,month-to-month,card,premium,1
CUST-00570,32,53.26,1,14,0,month-to-month,bank_transfer,standard,1
CUST-00571,25,58.61,3,6,0,month-to-month,bank_transfer,standard,1
CUST-00572,38,87.26,0,13,1,two-year,card,premium,1
CUST-00573,23,42.72,1,13,2,month-to-month,invoice,standard,1
CUST-00574,36,29.61,1,10,0,one-year,bank_transfer,basic,0
CUST-00575,31,49.82,1,15,0,two-year,bank_transfer,standard,0
CUST-00576,22,54.36,0,16,0,month-to-month,card,standard,0
CUST-00577,31,44.43,3,7,0,two-year,card,standard,0
CUST-00578,45,91.33,1,13,1,one-year,card,premium,0
CUST-00579,69,12.42,1,16,1,two-year,bank_transfer,basic,0
CUST-00580,34,49.38,1,18,1,month-to-month,card,standard,1
CUST-00581,29,15.11,3,10,0,month-to-month,invoice,basic,1
CUST-00582,21,13.73,2,18,2,month-to-month,invoice,basic,1
CUST-00583,26,47.18,1,16,0,month-to-month,card,standard,1
CUST-00584,6,35.24,1,12,0,month-to-month,bank_transfer,standard,0
CUST-00585,34,42.04,1,7,0,two-year,card,standard,0
CUST-00586,15,23.69,1,16,0,one-year,card,basic,0
CUST-00587,1,21.09,1,8,1,month-to-month,card,basic,1
CUST-00588,34,42.55,1,16,0,month-to-month,invoice,standard,0
CUST-00589,31,52.29,1,8,1,month-to-month,invoice,standard,0
CUST-00590,18,43.73,1,15,1,month-to-month,card,standard,1
CUST-00591,18,53.33,1,13,0,two-year,card,standard,0
CUST-00592,24,88.31,1,12,0,month-to-month,card,premium,0
CUST-00593,15,47.05,1,11,0,month-to-month,bank_transfer,standard,1
CUST-00594,48,18.45,1,10,1,one-year,card,basic,0
CUST-00595,35,64.36,2,13,2,month-to-month,invoice,standard,1
CUST-00596,12,44.45,0,15,0,month-to-month,invoice,standard,1
CUST-00597,14,90.36,0,12,0,one-year,card,premium,0
CUST-00598,16,53.69,4,15,1,one-year,invoice,standard,1
CUST-00599,6,43.23,3,15,0,two-year,bank_transfer,standard,0
CUST-00600,23,9.43,0,7,0,one-year,bank_transfer,basic,0
CUST-00601,1,45.39,2,11,1,month-to-month,invoice,standard,0
CUST-00602,6,93.56,1,11,0,one-year,card,premium,0
CUST-00603,19,86.95,1,7,0,two-year,bank_transfer,premium,0
CUST-00604,9,17.61,4,9,0,one-year,card,basic,0
CUST-00605,52,24.46,0,12,0,two-year,bank_transfer,basic,0
CUST-00606,6,44.16,0,11,0,one-year,card,standard,1
CUST-00607,62,48.47,1,9,0,two-year,card,standard,0
CUST-00608,7,79.92,0,9,0,month-to-month,card,premium,0
CUST-00609,6,20.92,2,9,1,one-year,card,basic,0
CUST-00610,1,90.38,3,10,0,month-to-month,card,premium,1
CUST-00611,42,53.77,3,11,0,one-year,card,standard,1
CUST-00612,15,12.13,1,12,0,one-year,invoice,basic,0
CUST-00613,36,17.85,0,15,0,two-year,bank_transfer,basic,0
CUST-00614,8,41.33,1,15,1,two-year,card,standard,0
CUST-00615,35,17.52,2,11,1,month-to-month,invoice,basic,1
CUST-00616,7,57.89,3,14,0,one-year,invoice,standard,1
CUST-00617,24,47.08,1,11,1,one-year,card,standard,1
CUST-00618,30,40.8,1,16,0,month-to-month,bank_transfer,standard,0
CUST-00619,8,14.92,0,11,0,month-to-month,card,basic,1
CUST-00620,9,79.33,1,14,0,month-to-month,bank_transfer,premium,0
CUST-00621,48,41.23,3,16,0,one-year,bank_transfer,standard,0
CUST-00622,9,53.03,3,5,1,month-to-month,card,standard,1
CUST-00623,1,40.32,1,14,1,two-year,bank_transfer,standard,0
CUST-00624,15,50.87,5,10,1,month-to-month,card,standard,0
CUST-00625,1,89.15,2,9,0,two-year,bank_transfer,premium,0
CUST-00626,32,45.81,1,13,1,month-to-month,card,standard,1
CUST-00627,38,50.36,3,15,1,one-year,invoice,standard,0
CUST-00628,20,13.37,1,10,0,month-to-month,bank_transfer,basic,0
CUST-00629,12,24.05,2,12,1,one-year,card,basic,0
CUST-00630,50,44.81,2,7,1,two-year,bank_transfer,standard,0
CUST-00631,48,16.68,0,12,1,two-year,card,basic,0
CUST-00632,4,45.97,1,11,1,two-year,bank_transfer,standard,1
CUST-00633,31,93.14,1,14,0,month-to-month,bank_transfer,premium,0
CUST-00634,20,52.27,1,13,0,month-to-month,card,standard,0
CUST-00635,28,3.27,2,15,1,month-to-month,card,basic,0
CUST-00636,9,50.53,2,13,3,month-to-month,card,standard,0
CUST-00637,7,8.53,2,15,0,one-year,bank_transfer,basic,1
CUST-00638,42,46.95,1,16,0,one-year,bank_transfer,standard,0
CUST-00639,47,48.35,2,8,2,one-year,card,standard,0
CUST-00640,27,46.89,1,19,0,two-year,card,standard,0
CUST-00641,1,52.0,0,15,1,one-year,invoice,standard,1
CUST-00642,58,53.32,0,11,0,two-year,card,standard,0
CUST-00643,7,14.36,2,11,1,month-to-month,card,basic,1
CUST-00644,12,14.14,0,16,0,month-to-month,bank_transfer,basic,1
CUST-00645,37,48.78,2,14,1,one-year,card,standard,1
CUST-00646,7,79.74,1,15,0,two-year,invoice,premium,0
CUST-00647,2,16.14,0,10,1,month-to-month,card,basic,0
CUST-00648,1,27.09,0,13,0,month-to-month,invoice,basic,0
CUST-00649,54,9.96,1,7,1,one-year,card,basic,0
CUST-00650,11,46.96,2,9,0,month-to-month,card,standard,1
CUST-00651,23,15.45,4,17,0,month-to-month,card,basic,0
CUST-00652,71,61.03,1,13,2,two-year,invoice,standard,0
CUST-00653,40,15.77,0,11,0,one-year,bank_transfer,basic,0
CUST-00654,18,46.12,2,18,2,month-to-month,card,standard,1
CUST-00655,37,12.82,1,15,1,two-year,invoice,basic,0
CUST-00656,13,49.06,1,17,0,month-to-month,card,standard,0
CUST-00657,43,20.62,1,10,1,two-year,card,basic,0
CUST-00658,34,43.69,2,14,0,month-to-month,card,standard,0
CUST-00659,47,94.93,2,7,0,one-year,invoice,premium,0
CUST-00660,15,20.63,2,10,0,month-to-month,card,basic,0
CUST-00661,11,94.11,1,9,1,month-to-month,card,premium,1
CUST-00662,63,17.03,0,11,1,two-year,invoice,basic,0
CUST-00663,4,50.46,1,11,1,month-to-month,bank_transfer,standard,1
CUST-00664,30,47.72,1,19,1,month-to-month,card,standard,0
CUST-00665,9,27.75,0,10,0,month-to-month,bank_transfer,basic,0
CUST-00666,42,49.7,2,10,1,one-year,card,standard,0
CUST-00667,58,19.05,0,15,0,two-year,card,basic,0
CUST-00668,34,46.25,1,20,0,two-year,card,standard,0
CUST-00669,6,45.9,0,17,0,month-to-month,bank_transfer,standard,0
CUST-00670,30,90.43,1,13,0,month-to-month,bank_transfer,premium,0
CUST-00671,13,23.92,3,12,0,month-to-month,card,basic,0
CUST-00672,19,84.89,1,10,0,one-year,card,premium,0
CUST-00673,36,19.76,0,13,0,two-year,card,basic,0
CUST-00674,26,50.11,1,13,1,one-year,bank_transfer,standard,0
CUST-00675,40,21.15,1,13,1,one-year,bank_transfer,basic,0
CUST-00676,4,8.76,0,15,0,month-to-month,bank_transfer,basic,0
CUST-00677,31,13.45,0,13,0,two-year,invoice,basic,0
CUST-00678,32,40.8,1,11,0,month-to-month,invoice,standard,0
CUST-00679,1,19.2,2,16,1,month-to-month,invoice,basic,0
CUST-00680,16,43.59,1,14,1,month-to-month,bank_transfer,standard,0
CUST-00681,23,86.02,1,14,0,month-to-month,card,premium,1
CUST-00682,31,11.83,1,11,0,month-to-month,bank_transfer,basic,0
CUST-00683,21,16.58,1,7,0,month-to-month,card,basic,1
CUST-00684,29,12.26,0,14,0,month-to-month,card,basic,1
CUST-00685,13,23.55,0,7,1,one-year,card,basic,0
CUST-00686,12,51.88,2,10,2,month-to-month,card,standard,1
CUST-00687,33,49.9,2,12,0,month-to-month,bank_transfer,standard,1
CUST-00688,63,17.19,2,11,0,two-year,card,basic,0
CUST-00689,33,6.77,0,8,0,one-year,card,basic,0
CUST-00690,17,46.25,1,9,0,month-to-month,invoice,standard,0
CUST-00691,16,14.43,1,10,0,month-to-month,bank_transfer,basic,0
CUST-00692,4,50.48,3,12,1,two-year,card,standard,0
CUST-00693,32,92.72,2,12,0,month-to-month,card,premium,0
CUST-00694,29,20.95,1,7,0,month-to-month,card,basic,0
CUST-00695,32,56.58,2,9,0,two-year,invoice,standard,0
CUST-00696,10,85.59,1,12,0,month-to-month,card,premium,1
CUST-00697,20,45.34,2,8,0,one-year,invoice,standard,0
CUST-00698,7,55.23,1,18,0,one-year,card,standard,0
CUST-00699,43,50.0,0,12,1,one-year,bank_transfer,standard,1
CUST-00700,20,47.52,1,16,0,month-to-month,card,standard,1
CUST-00701,8,60.08,0,11,0,month-to-month,card,standard,1
CUST-00702,22,52.47,0,9,0,month-to-month,card,standard,0
CUST-00703,35,47.86,1,14,1,month-to-month,card,standard,0
CUST-00704,8,44.88,1,14,1,two-year,invoice,standard,0
CUST-00705,16,26.96,1,16,0,month-to-month,bank_transfer,basic,1
CUST-00706,29,90.24,4,13,1,one-year,card,premium,1
CUST-00707,10,19.15,0,15,1,one-year,bank_transfer,basic,0
CUST-00708,31,23.06,1,11,0,one-year,card,basic,0
CUST-00709,21,24.28,1,16,0,month-to-month,invoice,basic,0
CUST-00710,5,22.3,1,7,0,month-to-month,card,basic,1
CUST-00711,11,54.3,2,21,1,two-year,card,standard,1
CUST-00712,51,21.71,0,15,0,one-year,card,basic,0
CUST-00713,22,52.33,0,15,0,two-year,card,standard,0
CUST-00714,45,44.61,1,10,0,two-year,invoice,standard,0
CUST-00715,37,29.86,4,7,0,one-year,card,basic,0
CUST-00716,30,11.6,2,14,0,month-to-month,card,basic,1
CUST-00717,44,50.86,2,15,0,one-year,invoice,standard,0
CUST-00718,30,40.98,1,11,0,month-to-month,card,standard,0
CUST-00719,37,18.41,0,13,0,one-year,card,basic,0
CUST-00720,32,15.57,0,13,1,two-year,bank_transfer,basic,0
CUST-00721,14,19.81,1,13,0,month-to-month,card,basic,1
CUST-00722,13,21.05,0,11,0,month-to-month,invoice,basic,0
CUST-00723,15,13.26,1,5,1,month-to-month,bank_transfer,basic,1
CUST-00724,9,88.82,1,6,1,two-year,card,premium,1
CUST-00725,15,27.36,0,11,0,month-to-month,card,basic,1
CUST-00726,14,11.13,0,19,1,month-to-month,card,basic,0
CUST-00727,1,83.88,0,8,0,month-to-month,bank_transfer,premium,0
CUST-00728,9,54.16,2,15,0,month-to-month,bank_transfer,standard,1
CUST-00729,27,49.47,0,10,0,month-to-month,bank_transfer,standard,0
CUST-00730,20,49.91,0,14,0,month-to-month,card,standard,0
CUST-00731,29,95.13,1,11,0,month-to-month,bank_transfer,premium,1
CUST-00732,19,14.24,2,20,0,month-to-month,card,basic,0
CUST-00733,30,15.88,2,8,1,month-to-month,invoice,basic,0
CUST-00734,28,85.14,1,11,2,month-to-month,card,premium,0
CUST-00735,3,46.91,0,14,1,month-to-month,invoice,standard,1
CUST-00736,58,97.04,1,8,1,one-year,card,premium,0
CUST-00737,1,8.79,0,11,1,month-to-month,card,basic,1
CUST-00738,21,81.83,2,18,1,month-to-month,card,premium,1
CUST-00739,28,10.81,1,15,0,month-to-month,invoice,basic,0
CUST-00740,11,57.41,1,14,1,month-to-month,invoice,standard,1
CUST-00741,21,85.31,2,11,0,month-to-month,bank_transfer,premium,0
CUST-00742,13,17.04,0,15,0,month-to-month,card,basic,0
CUST-00743,4,9.31,1,10,1,two-year,bank_transfer,basic,0
CUST-00744,1,47.43,3,14,0,month-to-month,card,standard,1
CUST-00745,3,94.2,2,10,0,month-to-month,bank_transfer,premium,0
CUST-00746,3,20.52,1,9,1,month-to-month,card,basic,1
CUST-00747,21,88.35,0,15,1,month-to-month,invoice,premium,0
CUST-00748,18,9.61,1,11,0,month-to-month,bank_transfer,basic,0
CUST-00749,27,47.03,1,9,0,one-year,card,standard,0
CUST-00750,49,19.88,1,11,1,two-year,bank_transfer,basic,0
CUST-00751,1,83.05,2,12,1,month-to-month,card,premium,1
CUST-00752,9,22.93,1,12,0,month-to-month,card,basic,1
CUST-00753,27,54.31,3,17,1,month-to-month,card,standard,1
CUST-00754,32,15.83,1,10,0,month-to-month,card,basic,0
CUST-00755,26,93.35,0,17,0,one-year,card,premium,0
CUST-00756,2,48.34,0,10,0,month-to-month,bank_transfer,standard,1
CUST-00757,28,25.88,2,11,1,month-to-month,bank_transfer,basic,1
CUST-00758,63,31.2,1,15,1,two-year,card,basic,0
CUST-00759,14,12.44,5,12,1,month-to-month,invoice,basic,1
CUST-00760,8,53.62,2,14,0,month-to-month,invoice,standard,1
CUST-00761,2,96.83,1,15,1,one-year,card,premium,0
CUST-00762,21,43.18,1,9,0,month-to-month,card,standard,0
CUST-00763,32,45.55,1,15,2,month-to-month,invoice,standard,0
CUST-00764,24,45.48,0,7,1,month-to-month,card,standard,1
CUST-00765,22,48.2,1,18,2,two-year,card,standard,0
CUST-00766,23,16.86,1,15,1,month-to-month,invoice,basic,0
CUST-00767,29,17.81,0,16,0,month-to-month,bank_transfer,basic,0
CUST-00768,17,24.03,2,19,0,month-to-month,invoice,basic,0
CUST-00769,29,37.63,2,9,0,month-to-month,invoice,standard,0
CUST-00770,23,13.16,1,8,0,one-year,card,basic,0
CUST-00771,12,53.02,4,13,0,month-to-month,bank_transfer,standard,1
CUST-00772,34,22.32,4,12,1,one-year,invoice,basic,0
CUST-00773,27,42.65,0,12,0,one-year,card,standard,0
CUST-00774,70,22.36,0,7,2,two-year,card,basic,0
CUST-00775,18,56.96,2,8,0,month-to-month,card,standard,0
CUST-00776,27,18.71,0,19,1,two-year,bank_transfer,basic,0
CUST-00777,23,12.95,1,12,0,one-year,bank_transfer,basic,0
CUST-00778,19,24.25,1,11,0,month-to-month,invoice,basic,0
CUST-00779,21,59.34,0,11,1,one-year,card,standard,0
CUST-00780,52,43.68,0,12,1,two-year,bank_transfer,standard,0
CUST-00781,13,19.24,4,12,0,month-to-month,card,basic,0
CUST-00782,27,55.54,2,13,1,two-year,invoice,standard,0
CUST-00783,22,49.69,1,11,1,month-to-month,bank_transfer,standard,1
CUST-00784,3,38.52,1,10,1,one-year,bank_transfer,standard,0
CUST-00785,47,51.66,1,11,0,two-year,card,standard,0
CUST-00786,18,13.13,2,15,1,month-to-month,card,basic,0
CUST-00787,32,41.38,0,11,1,two-year,card,standard,0
CUST-00788,25,38.63,2,10,0,month-to-month,invoice,standard,1
CUST-00789,45,56.14,1,17,0,one-year,card,standard,0
CUST-00790,50,13.99,0,9,0,one-year,invoice,basic,0
CUST-00791,13,51.0,2,10,2,month-to-month,card,standard,1
CUST-00792,11,22.47,0,14,0,month-to-month,bank_transfer,basic,0
CUST-00793,25,49.97,0,11,0,month-to-month,card,standard,0
CUST-00794,20,20.78,1,13,0,month-to-month,card,basic,0
CUST-00795,22,21.29,1,12,1,month-to-month,bank_transfer,basic,1
CUST-00796,19,49.83,1,9,0,month-to-month,card,standard,1
CUST-00797,27,84.44,1,11,0,month-to-month,card,premium,1
CUST-00798,6,13.9,0,9,0,month-to-month,bank_transfer,basic,0
CUST-00799,33,48.37,0,13,0,one-year,card,standard,0
CUST-00800,9,48.24,2,11,0,one-year,bank_transfer,standard,0
CUST-00801,24,91.58,1,12,0,one-year,bank_transfer,premium,0
CUST-00802,23,55.61,0,8,1,month-to-month,card,standard,1
CUST-00803,35,21.06,0,11,1,two-year,card,basic,0
CUST-00804,22,14.13,0,17,0,one-year,card,basic,1
CUST-00805,31,35.91,0,12,0,month-to-month,card,standard,0
CUST-00806,27,14.39,4,17,0,month-to-month,card,basic,1
CUST-00807,31,80.93,2,17,0,one-year,bank_transfer,premium,0
CUST-00808,34,84.62,2,13,0,month-to-month,card,premium,0
CUST-00809,15,90.45,3,10,0,month-to-month,invoice,premium,1
CUST-00810,56,19.51,1,6,1,two-year,bank_transfer,basic,0
CUST-00811,6,60.15,1,14,0,month-to-month,card,standard,0
CUST-00812,10,51.9,0,14,1,month-to-month,bank_transfer,standard,0
CUST-00813,24,30.46,1,15,0,two-year,card,basic,0
CUST-00814,6,23.29,2,14,0,one-year,card,basic,0
CUST-00815,18,25.51,2,15,3,month-to-month,invoice,basic,1
CUST-00816,13,16.85,1,12,0,two-year,card,basic,0
CUST-00817,45,82.55,0,12,2,two-year,card,premium,0
CUST-00818,6,86.31,1,14,0,month-to-month,invoice,premium,0
CUST-00819,7,18.93,1,20,0,one-year,invoice,basic,0
CUST-00820,34,45.23,2,9,0,month-to-month,bank_transfer,standard,1
CUST-00821,23,12.99,1,13,0,month-to-month,bank_transfer,basic,0
CUST-00822,56,21.5,2,14,2,one-year,bank_transfer,basic,0
CUST-00823,17,12.97,2,12,0,month-to-month,bank_transfer,basic,1
CUST-00824,2,39.8,2,8,0,one-year,card,standard,0
CUST-00825,41,42.27,0,11,0,two-year,invoice,standard,0
CUST-00826,20,87.59,2,7,0,month-to-month,bank_transfer,premium,1
CUST-00827,1,83.05,1,3,0,one-year,card,premium,1
CUST-00828,31,17.63,1,9,3,month-to-month,card,basic,0
CUST-00829,44,52.6,2,10,1,two-year,card,standard,0
CUST-00830,26,22.45,4,13,1,month-to-month,card,basic,0
CUST-00831,29,15.04,1,9,0,one-year,card,basic,0
CUST-00832,37,41.18,0,15,0,one-year,card,standard,0
CUST-00833,9,15.55,1,10,1,month-to-month,invoice,basic,1
CUST-00834,58,22.93,1,14,0,one-year,card,basic,0
CUST-00835,24,24.34,2,14,1,one-year,card,basic,1
CUST-00836,9,21.12,1,11,0,one-year,invoice,basic,0
CUST-00837,3,96.21,0,13,1,one-year,card,premium,0
CUST-00838,45,29.38,1,13,0,two-year,bank_transfer,basic,0
CUST-00839,35,46.1,0,15,2,month-to-month,bank_transfer,standard,1
CUST-00840,32,97.92,1,10,0,month-to-month,bank_transfer,premium,1
CUST-00841,25,47.44,3,9,0,month-to-month,card,standard,1
CUST-00842,59,55.12,2,11,0,one-year,card,standard,0
CUST-00843,26,93.25,3,11,2,month-to-month,bank_transfer,premium,0
CUST-00844,12,7.14,3,13,0,month-to-month,card,basic,0
CUST-00845,21,13.2,0,10,1,month-to-month,card,basic,1
CUST-00846,5,41.67,3,10,0,two-year,card,standard,0
CUST-00847,7,38.31,0,11,0,month-to-month,bank_transfer,standard,1
CUST-00848,25,54.28,2,11,0,one-year,bank_transfer,standard,0
CUST-00849,7,31.41,1,13,0,month-to-month,bank_transfer,basic,1
CUST-00850,68,47.45,0,8,1,two-year,bank_transfer,standard,0
CUST-00851,35,54.12,0,13,0,month-to-month,card,standard,0
CUST-00852,13,97.91,0,8,0,month-to-month,invoice,premium,1
CUST-00853,51,20.25,1,11,0,two-year,invoice,basic,0
CUST-00854,29,18.85,1,14,0,two-year,card,basic,0
CUST-00855,5,87.53,2,8,1,month-to-month,card,premium,1
CUST-00856,12,52.23,3,11,1,month-to-month,card,standard,1
CUST-00857,14,24.25,1,10,0,one-year,invoice,basic,0
CUST-00858,23,21.77,1,14,0,two-year,card,basic,0
CUST-00859,7,51.56,2,13,0,month-to-month,card,standard,0
CUST-00860,4,48.69,2,9,1,month-to-month,invoice,standard,1
CUST-00861,13,39.44,2,14,1,one-year,bank_transfer,standard,1
CUST-00862,54,94.39,0,13,0,one-year,card,premium,0
CUST-00863,5,11.29,0,14,0,one-year,bank_transfer,basic,1
CUST-00864,19,22.72,0,15,0,one-year,bank_transfer,basic,0
CUST-00865,19,53.53,1,8,1,month-to-month,card,standard,1
CUST-00866,25,82.16,4,21,0,two-year,bank_transfer,premium,0
CUST-00867,37,15.35,3,10,0,two-year,bank_transfer,basic,0
CUST-00868,2,61.73,0,12,1,one-year,bank_transfer,standard,0
CUST-00869,23,18.52,1,14,0,month-to-month,invoice,basic,1
CUST-00870,20,11.68,1,14,0,month-to-month,bank_transfer,basic,0
CUST-00871,40,93.81,1,14,0,one-year,bank_transfer,premium,0
CUST-00872,20,14.36,0,16,1,month-to-month,bank_transfer,basic,0
CUST-00873,31,7.48,1,12,0,two-year,card,basic,0
CUST-00874,12,52.12,1,11,2,month-to-month,card,standard,1
CUST-00875,13,13.5,2,6,0,one-year,invoice,basic,0
CUST-00876,36,20.93,5,14,0,two-year,bank_transfer,basic,0
CUST-00877,1,44.12,0,11,1,month-to-month,card,standard,0
CUST-00878,11,23.24,0,10,1,month-to-month,card,basic,0
CUST-00879,40,50.1,2,13,1,one-year,card,standard,0
CUST-00880,6,3.46,2,9,0,one-year,card,basic,1
CUST-00881,2,21.29,0,8,2,month-to-month,card,basic,1
CUST-00882,39,47.26,0,12,0,one-year,bank_transfer,standard,0
CUST-00883,28,27.5,0,15,2,two-year,card,basic,0
CUST-00884,28,91.37,1,10,0,month-to-month,bank_transfer,premium,0
CUST-00885,33,93.54,1,15,0,month-to-month,invoice,premium,0
CUST-00886,34,84.74,1,10,0,month-to-month,invoice,premium,0
CUST-00887,15,14.26,1,9,0,month-to-month,invoice,basic,1
CUST-00888,9,18.85,2,11,1,month-to-month,card,basic,0
CUST-00889,21,86.84,1,15,1,month-to-month,bank_transfer,premium,1
CUST-00890,37,57.03,2,12,0,one-year,bank_transfer,standard,0
CUST-00891,22,48.08,1,6,0,month-to-month,card,standard,0
CUST-00892,23,81.65,1,13,1,two-year,invoice,premium,0
CUST-00893,2,14.03,2,14,1,month-to-month,bank_transfer,basic,0
CUST-00894,7,24.79,1,11,1,month-to-month,bank_transfer,basic,1
CUST-00895,9,48.0,2,14,0,one-year,card,standard,1
CUST-00896,8,47.68,0,16,1,two-year,card,standard,0
CUST-00897,33,25.36,2,11,1,month-to-month,invoice,basic,1
CUST-00898,1,43.51,3,11,0,month-to-month,card,standard,0
CUST-00899,21,35.59,1,13,0,month-to-month,card,standard,0
CUST-00900,34,13.88,0,7,1,month-to-month,bank_transfer,basic,0
CUST-00901,12,20.45,0,15,0,month-to-month,bank_transfer,basic,1
CUST-00902,18,47.5,0,15,1,month-to-month,card,standard,0
CUST-00903,25,39.64,1,9,0,month-to-month,card,standard,0
CUST-00904,11,95.1,0,10,1,month-to-month,bank_transfer,premium,1
CUST-00905,34,19.98,2,14,0,two-year,invoice,basic,0
CUST-00906,49,91.33,1,9,1,one-year,card,premium,0
CUST-00907,26,51.52,2,15,0,month-to-month,bank_transfer,standard,1
CUST-00908,29,41.21,0,6,0,month-to-month,card,standard,0
CUST-00909,35,20.82,1,16,0,month-to-month,bank_transfer,basic,0
CUST-00910,13,24.44,0,16,2,month-to-month,bank_transfer,basic,1
CUST-00911,44,55.84,0,7,0,one-year,invoice,standard,0
CUST-00912,43,23.33,4,9,0,two-year,bank_transfer,basic,0
CUST-00913,47,22.08,0,10,0,two-year,card,basic,0
CUST-00914,53,78.58,1,12,1,two-year,card,premium,0
CUST-00915,53,18.91,4,20,0,two-year,invoice,basic,0
CUST-00916,63,83.26,1,11,0,two-year,card,premium,0
CUST-00917,12,56.69,0,8,0,month-to-month,bank_transfer,standard,0
CUST-00918,23,95.78,1,14,1,month-to-month,card,premium,1
CUST-00919,10,13.3,0,11,0,month-to-month,card,basic,1
CUST-00920,35,48.72,1,14,1,one-year,bank_transfer,standard,0
CUST-00921,27,50.49,2,11,0,month-to-month,card,standard,0
CUST-00922,56,94.4,1,8,0,two-year,invoice,premium,0
CUST-00923,25,8.95,1,9,0,one-year,card,basic,0
CUST-00924,18,5.74,2,14,0,month-to-month,card,basic,0
CUST-00925,12,89.23,1,10,0,month-to-month,card,premium,1
CUST-00926,6,3.81,3,11,1,month-to-month,card,basic,1
CUST-00927,9,49.95,1,9,0,month-to-month,bank_transfer,standard,1
CUST-00928,65,22.55,2,12,2,two-year,card,basic,0
CUST-00929,18,26.42,0,13,1,one-year,card,basic,0
CUST-00930,58,45.26,1,9,1,one-year,invoice,standard,1
CUST-00931,8,49.97,1,12,0,month-to-month,card,standard,0
CUST-00932,26,52.91,1,12,0,month-to-month,card,standard,0
CUST-00933,20,41.95,2,14,0,month-to-month,invoice,standard,0
CUST-00934,41,54.49,2,9,0,one-year,bank_transfer,standard,0
CUST-00935,38,90.65,1,15,0,one-year,card,premium,0
CUST-00936,25,15.37,1,10,1,month-to-month,invoice,basic,1
CUST-00937,65,19.85,0,11,0,two-year,bank_transfer,basic,0
CUST-00938,20,18.16,2,12,1,month-to-month,card,basic,0
CUST-00939,4,53.68,0,7,0,two-year,card,standard,0
CUST-00940,9,16.84,2,12,0,month-to-month,invoice,basic,0
CUST-00941,25,50.36,1,6,2,month-to-month,card,standard,1
CUST-00942,35,45.27,2,11,0,two-year,invoice,standard,0
CUST-00943,19,43.37,1,12,1,month-to-month,card,standard,0
CUST-00944,21,90.03,0,18,0,month-to-month,card,premium,1
CUST-00945,13,43.62,3,15,0,month-to-month,invoice,standard,1
CUST-00946,27,53.8,1,6,0,month-to-month,invoice,standard,0
CUST-00947,43,22.55,2,12,0,one-year,card,basic,0
CUST-00948,51,44.41,3,8,0,two-year,card,standard,0
CUST-00949,51,20.28,0,11,0,two-year,bank_transfer,basic,0
CUST-00950,32,84.38,1,16,0,month-to-month,bank_transfer,premium,0
CUST-00951,21,9.37,0,12,0,month-to-month,card,basic,0
CUST-00952,34,15.42,0,11,0,month-to-month,card,basic,0
CUST-00953,4,18.7,0,10,0,month-to-month,invoice,basic,1
CUST-00954,22,52.13,3,10,0,month-to-month,card,standard,1
CUST-00955,51,89.9,0,11,0,two-year,card,premium,0
CUST-00956,34,24.45,2,21,0,two-year,card,basic,0
CUST-00957,17,13.11,2,15,0,one-year,card,basic,0
CUST-00958,19,46.74,2,8,2,month-to-month,bank_transfer,standard,1
CUST-00959,13,98.87,1,14,0,month-to-month,card,premium,0
CUST-00960,32,77.41,0,7,2,month-to-month,bank_transfer,premium,1
CUST-00961,12,16.29,2,11,0,month-to-month,card,basic,1
CUST-00962,6,42.57,0,9,0,month-to-month,card,standard,1
CUST-00963,20,47.83,0,13,1,month-to-month,invoice,standard,0
CUST-00964,14,46.39,0,14,0,month-to-month,bank_transfer,standard,1
CUST-00965,6,52.61,1,12,2,two-year,card,standard,0
CUST-00966,20,50.53,2,8,0,month-to-month,card,standard,1
CUST-00967,38,41.17,1,17,0,two-year,bank_transfer,standard,0
CUST-00968,6,15.47,0,9,1,month-to-month,bank_transfer,basic,0
CUST-00969,35,19.0,0,11,0,one-year,bank_transfer,basic,0
CUST-00970,20,23.44,1,15,1,month-to-month,bank_transfer,basic,0
CUST-00971,27,33.6,0,13,0,month-to-month,card,basic,0
CUST-00972,13,23.22,2,12,0,month-to-month,invoice,basic,1
CUST-00973,8,82.93,0,19,1,month-to-month,card,premium,1
CUST-00974,68,88.44,2,16,0,two-year,card,premium,0
CUST-00975,20,20.09,1,10,0,month-to-month,bank_transfer,basic,0
CUST-00976,1,15.88,2,7,3,one-year,card,basic,0
CUST-00977,29,51.82,0,8,0,month-to-month,card,standard,1
CUST-00978,7,35.37,3,13,1,month-to-month,card,standard,1
CUST-00979,28,22.32,3,9,0,month-to-month,bank_transfer,basic,0
CUST-00980,25,86.14,0,12,0,month-to-month,bank_transfer,premium,1
CUST-00981,69,18.34,1,10,0,two-year,bank_transfer,basic,0
CUST-00982,69,27.79,0,11,0,two-year,card,basic,0
CUST-00983,16,41.43,0,11,0,one-year,card,standard,0
CUST-00984,27,50.64,5,7,0,month-to-month,invoice,standard,1
CUST-00985,11,23.76,3,8,1,month-to-month,bank_transfer,basic,1
CUST-00986,45,50.02,2,15,0,two-year,card,standard,1
CUST-00987,21,79.31,1,11,0,month-to-month,card,premium,0
CUST-00988,1,27.1,0,12,0,month-to-month,card,basic,0
CUST-00989,1,47.73,0,10,0,month-to-month,card,standard,0
CUST-00990,3,15.83,1,11,0,one-year,bank_transfer,basic,0
CUST-00991,7,47.14,1,9,1,one-year,invoice,standard,0
CUST-00992,15,46.71,0,7,0,one-year,invoice,standard,0
CUST-00993,54,11.86,1,11,0,one-year,card,basic,0
CUST-00994,18,19.99,0,9,0,month-to-month,card,basic,0
CUST-00995,57,85.42,0,10,1,two-year,bank_transfer,premium,1
CUST-00996,30,23.03,1,9,0,month-to-month,card,basic,0
CUST-00997,44,92.11,1,14,1,one-year,bank_transfer,premium,1
CUST-00998,14,28.75,0,18,0,month-to-month,bank_transfer,basic,1
CUST-00999,62,87.73,0,9,2,two-year,card,premium,0
CUST-01000,26,44.18,0,11,0,month-to-month,card,standard,0
CUST-01001,26,10.18,2,10,0,month-to-month,card,basic,0
CUST-01002,32,62.16,1,15,0,month-to-month,bank_transfer,standard,0
CUST-01003,21,52.97,4,8,0,month-to-month,card,standard,0
CUST-01004,19,44.85,1,16,1,month-to-month,card,standard,1
CUST-01005,53,59.16,1,21,0,one-year,card,standard,0
CUST-01006,16,57.14,0,14,0,month-to-month,invoice,standard,0
CUST-01007,58,40.89,2,16,0,two-year,invoice,standard,0
CUST-01008,1,44.48,0,12,0,month-to-month,invoice,standard,0
CUST-01009,1,48.21,1,17,0,one-year,invoice,standard,0
CUST-01010,19,12.58,0,14,2,month-to-month,card,basic,1
CUST-01011,4,48.42,1,11,0,one-year,card,standard,0
CUST-01012,58,53.27,0,5,1,one-year,card,standard,0
CUST-01013,1,80.76,1,14,0,month-to-month,bank_transfer,premium,1
CUST-01014,51,20.76,0,11,0,two-year,bank_transfer,basic,0
CUST-01015,8,26.01,2,17,0,month-to-month,card,basic,0
CUST-01016,34,21.4,3,16,0,month-to-month,invoice,basic,1
CUST-01017,22,48.55,1,11,0,one-year,card,standard,0
CUST-01018,1,44.99,1,11,1,two-year,bank_transfer,standard,0
CUST-01019,1,23.99,0,12,0,month-to-month,invoice,basic,1
CUST-01020,19,11.94,1,9,1,month-to-month,bank_transfer,basic,0
CUST-01021,71,90.46,1,11,0,two-year,bank_transfer,premium,0
CUST-01022,58,49.15,2,23,0,one-year,bank_transfer,standard,0
CUST-01023,24,55.75,3,15,0,two-year,bank_transfer,standard,0
CUST-01024,17,15.5,0,9,1,month-to-month,invoice,basic,0
CUST-01025,6,16.01,1,16,0,one-year,card,basic,0
CUST-01026,18,11.55,1,10,0,month-to-month,card,basic,0
CUST-01027,43,21.62,2,16,0,two-year,invoice,basic,0
CUST-01028,9,46.46,2,12,1,month-to-month,bank_transfer,standard,1
CUST-01029,36,13.83,0,8,0,one-year,bank_transfer,basic,0
CUST-01030,32,14.4,1,13,1,month-to-month,card,basic,1
CUST-01031,1,22.22,1,15,1,one-year,card,basic,0
CUST-01032,13,12.38,0,13,0,one-year,card,basic,0
CUST-01033,7,12.92,1,7,2,month-to-month,invoice,basic,1
CUST-01034,8,24.38,0,12,0,two-year,card,basic,0
CUST-01035,5,18.0,0,15,0,month-to-month,card,basic,1
CUST-01036,37,54.73,0,9,0,one-year,card,standard,0
CUST-01037,3,86.84,2,9,1,month-to-month,card,premium,1
CUST-01038,26,48.99,0,15,0,month-to-month,card,standard,1
CUST-01039,31,19.94,0,5,1,month-to-month,bank_transfer,basic,1
CUST-01040,33,97.32,1,15,0,month-to-month,card,premium,0
CUST-01041,23,96.84,0,11,0,month-to-month,card,premium,0
CUST-01042,11,55.92,1,16,1,one-year,card,standard,0
CUST-01043,5,15.23,2,9,0,one-year,card,basic,0
CUST-01044,13,43.08,0,10,0,one-year,invoice,standard,0
CUST-01045,34,93.56,1,13,0,month-to-month,invoice,premium,0
CUST-01046,34,57.26,2,11,0,month-to-month,bank_transfer,standard,1
CUST-01047,13,55.98,2,16,1,month-to-month,invoice,standard,1
CUST-01048,19,49.08,1,11,0,one-year,card,standard,0
CUST-01049,36,93.37,1,17,1,two-year,invoice,premium,0
CUST-01050,10,23.47,2,16,2,month-to-month,card,basic,1
CUST-01051,58,19.89,3,16,0,one-year,bank_transfer,basic,0
CUST-01052,7,90.15,2,11,0,month-to-month,bank_transfer,premium,0
CUST-01053,13,19.59,3,13,0,month-to-month,card,basic,0
CUST-01054,15,14.27,0,15,0,month-to-month,card,basic,0
CUST-01055,4,14.88,3,18,1,month-to-month,card,basic,1
CUST-01056,22,14.79,1,12,0,one-year,card,basic,0
CUST-01057,61,9.4,1,13,0,two-year,card,basic,0
CUST-01058,5,49.86,0,11,0,month-to-month,invoice,standard,1
CUST-01059,21,48.76,0,8,0,month-to-month,card,standard,0
CUST-01060,24,53.57,0,10,1,one-year,bank_transfer,standard,0
CUST-01061,12,26.56,1,11,0,two-year,bank_transfer,basic,0
CUST-01062,1,96.95,1,17,1,one-year,card,premium,0
CUST-01063,9,57.51,1,14,2,month-to-month,card,standard,1
CUST-01064,3,84.46,2,19,0,one-year,card,premium,1
CUST-01065,13,10.41,1,10,1,month-to-month,card,basic,1
CUST-01066,58,24.58,3,5,1,two-year,card,basic,1
CUST-01067,25,57.29,0,16,2,month-to-month,card,standard,1
CUST-01068,56,98.34,0,8,0,one-year,card,premium,0
CUST-01069,15,21.91,0,10,0,month-to-month,invoice,basic,1
CUST-01070,25,37.02,0,17,0,month-to-month,invoice,standard,0
CUST-01071,47,51.19,0,6,0,two-year,card,standard,0
CUST-01072,13,22.33,1,19,0,one-year,bank_transfer,basic,0
CUST-01073,10,56.51,2,5,1,month-to-month,invoice,standard,1
CUST-01074,38,27.58,2,8,1,two-year,card,basic,0
CUST-01075,57,24.46,2,16,1,two-year,card,basic,0
CUST-01076,16,85.48,3,9,0,month-to-month,card,premium,1
CUST-01077,8,42.83,2,10,1,month-to-month,card,standard,1
CUST-01078,35,52.2,1,12,0,month-to-month,invoice,standard,0
CUST-01079,6,44.25,0,9,0,one-year,invoice,standard,0
CUST-01080,34,97.85,2,12,0,month-to-month,bank_transfer,premium,0
CUST-01081,29,38.77,4,9,0,month-to-month,card,standard,0
CUST-01082,60,52.4,1,12,0,two-year,invoice,standard,0
CUST-01083,57,20.92,1,10,1,two-year,card,basic,0
CUST-01084,14,47.76,2,9,1,two-year,card,standard,0
CUST-01085,45,43.45,2,14,0,two-year,card,standard,0
CUST-01086,45,36.63,1,10,0,one-year,invoice,standard,1
CUST-01087,44,15.81,0,13,0,one-year,bank_transfer,basic,1
CUST-01088,16,15.92,1,13,0,one-year,bank_transfer,basic,0
CUST-01089,6,95.67,1,10,1,month-to-month,bank_transfer,premium,1
CUST-01090,11,84.3,1,12,1,month-to-month,card,premium,1
CUST-01091,17,21.72,1,13,1,month-to-month,card,basic,1
CUST-01092,34,41.25,6,9,2,one-year,invoice,standard,1
CUST-01093,30,51.88,3,18,1,month-to-month,invoice,standard,1
CUST-01094,27,35.57,0,10,1,month-to-month,bank_transfer,standard,0
CUST-01095,40,31.57,2,10,1,one-year,card,basic,0
CUST-01096,9,48.15,1,10,1,month-to-month,invoice,standard,1
CUST-01097,17,2.23,3,19,0,month-to-month,card,basic,1
CUST-01098,24,14.69,4,12,1,two-year,card,basic,0
CUST-01099,16,43.75,0,8,0,two-year,card,standard,0
CUST-01100,1,15.07,0,17,0,month-to-month,card,basic,0
CUST-01101,12,16.81,0,13,0,month-to-month,bank_transfer,basic,0
CUST-01102,9,15.02,0,11,0,month-to-month,bank_transfer,basic,1
CUST-01103,34,44.1,0,12,0,one-year,card,standard,0
CUST-01104,4,42.05,0,16,0,two-year,card,standard,0
CUST-01105,9,23.93,1,10,0,month-to-month,bank_transfer,basic,0
CUST-01106,2,56.21,1,11,0,one-year,card,standard,0
CUST-01107,23,87.47,0,16,0,month-to-month,card,premium,0
CUST-01108,20,18.89,3,11,0,month-to-month,card,basic,0
CUST-01109,24,82.24,2,9,0,two-year,invoice,premium,0
CUST-01110,5,19.43,0,11,1,month-to-month,invoice,basic,1
CUST-01111,34,50.38,3,8,1,month-to-month,card,standard,0
CUST-01112,21,17.68,3,13,1,month-to-month,bank_transfer,basic,1
CUST-01113,40,21.38,0,18,0,one-year,invoice,basic,0
CUST-01114,38,20.85,1,16,0,two-year,card,basic,0
CUST-01115,58,12.68,0,21,1,two-year,invoice,basic,0
CUST-01116,32,96.16,2,14,0,month-to-month,card,premium,1
CUST-01117,13,47.75,1,11,1,month-to-month,bank_transfer,standard,0
CUST-01118,41,99.05,0,15,0,one-year,bank_transfer,premium,1
CUST-01119,8,51.52,0,13,1,month-to-month,card,standard,1
CUST-01120,46,60.83,1,7,0,two-year,bank_transfer,standard,0
CUST-01121,23,26.05,1,11,1,one-year,bank_transfer,basic,0
CUST-01122,1,50.36,2,21,0,month-to-month,card,standard,1
CUST-01123,68,14.66,1,13,0,two-year,bank_transfer,basic,0
CUST-01124,31,84.79,3,14,0,month-to-month,invoice,premium,1
CUST-01125,10,92.2,1,14,0,month-to-month,invoice,premium,0
CUST-01126,59,19.86,0,7,0,one-year,bank_transfer,basic,0
CUST-01127,11,45.47,0,9,0,month-to-month,card,standard,1
CUST-01128,27,54.0,2,9,1,one-year,card,standard,0
CUST-01129,51,49.23,2,11,0,one-year,card,standard,0
CUST-01130,21,24.03,0,21,1,two-year,invoice,basic,0
CUST-01131,32,43.15,1,9,0,two-year,bank_transfer,standard,0
CUST-01132,23,55.0,0,11,0,month-to-month,invoice,standard,1
CUST-01133,4,22.01,0,17,0,month-to-month,card,basic,0
CUST-01134,25,56.19,1,13,2,one-year,invoice,standard,0
CUST-01135,22,24.86,4,12,1,two-year,invoice,basic,0
CUST-01136,24,88.49,1,13,1,month-to-month,bank_transfer,premium,1
CUST-01137,4,18.01,2,14,0,month-to-month,invoice,basic,0
CUST-01138,8,29.7,3,8,1,month-to-month,card,basic,1
CUST-01139,25,17.26,2,14,0,month-to-month,card,basic,0
CUST-01140,9,93.49,1,11,1,one-year,card,premium,1
CUST-01141,15,46.71,1,17,1,month-to-month,card,standard,0
CUST-01142,42,7.83,0,14,0,one-year,card,basic,0
CUST-01143,55,11.64,1,13,2,two-year,bank_transfer,basic,0
CUST-01144,6,51.44,1,12,0,two-year,card,standard,0
CUST-01145,30,53.21,2,11,0,month-to-month,card,standard,1
CUST-01146,26,21.46,0,9,1,month-to-month,card,basic,1
CUST-01147,20,95.88,1,18,0,one-year,bank_transfer,premium,0
CUST-01148,54,21.35,1,9,0,two-year,invoice,basic,0
CUST-01149,26,44.35,5,9,0,month-to-month,card,standard,1
CUST-01150,43,22.57,0,9,0,two-year,bank_transfer,basic,0
CUST-01151,20,50.02,1,12,2,month-to-month,invoice,standard,1
CUST-01152,52,45.55,2,17,2,two-year,bank_transfer,standard,0
CUST-01153,35,21.84,0,12,0,month-to-month,bank_transfer,basic,1
CUST-01154,20,49.48,1,6,2,month-to-month,bank_transfer,standard,1
CUST-01155,29,85.37,2,20,0,month-to-month,invoice,premium,1
CUST-01156,26,87.93,0,6,0,month-to-month,card,premium,0
CUST-01157,30,57.48,1,12,0,month-to-month,bank_transfer,standard,0
CUST-01158,34,57.29,2,10,0,month-to-month,card,standard,0
CUST-01159,6,90.13,2,10,0,month-to-month,card,premium,1
CUST-01160,9,19.34,1,12,0,one-year,bank_transfer,basic,0
CUST-01161,21,10.4,0,8,1,month-to-month,invoice,basic,0
CUST-01162,26,29.32,2,20,1,one-year,invoice,basic,0
CUST-01163,41,95.22,2,11,0,two-year,invoice,premium,0
CUST-01164,28,23.51,4,11,1,month-to-month,bank_transfer,basic,1
CUST-01165,33,5.35,1,6,0,month-to-month,bank_transfer,basic,0
CUST-01166,30,49.25,1,14,1,two-year,invoice,standard,0
CUST-01167,51,18.24,1,14,0,two-year,card,basic,0
CUST-01168,7,23.1,1,15,2,month-to-month,card,basic,1
CUST-01169,38,46.29,1,10,0,two-year,card,standard,0
CUST-01170,1,17.61,0,9,1,month-to-month,bank_transfer,basic,0
CUST-01171,18,92.72,0,13,0,month-to-month,bank_transfer,premium,0
CUST-01172,32,14.36,0,13,0,one-year,invoice,basic,0
CUST-01173,26,85.56,2,15,0,month-to-month,card,premium,1
CUST-01174,38,50.16,1,14,1,one-year,invoice,standard,0
CUST-01175,12,27.03,1,9,0,month-to-month,bank_transfer,basic,1
CUST-01176,1,23.85,3,13,0,one-year,invoice,basic,0
CUST-01177,4,55.45,1,11,1,month-to-month,card,standard,1
CUST-01178,35,19.38,2,9,1,month-to-month,bank_transfer,basic,0
CUST-01179,33,27.97,3,15,0,month-to-month,bank_transfer,basic,0
CUST-01180,11,78.55,1,12,1,month-to-month,bank_transfer,premium,1
CUST-01181,15,61.13,2,9,0,one-year,card,standard,1
CUST-01182,15,101.91,1,13,1,month-to-month,card,premium,1
CUST-01183,24,21.74,2,14,0,month-to-month,card,basic,1
CUST-01184,12,23.99,0,8,1,month-to-month,card,basic,0
CUST-01185,2,48.77,1,9,1,month-to-month,bank_transfer,standard,0
CUST-01186,29,17.74,2,9,0,two-year,bank_transfer,basic,0
CUST-01187,9,15.33,4,8,0,month-to-month,bank_transfer,basic,0
CUST-01188,23,18.71,0,15,0,two-year,card,basic,0
CUST-01189,5,22.34,2,9,1,month-to-month,card,basic,1
CUST-01190,39,51.52,1,22,0,one-year,bank_transfer,standard,0
CUST-01191,18,30.92,0,9,2,month-to-month,bank_transfer,basic,0
CUST-01192,9,89.6,2,7,0,month-to-month,bank_transfer,premium,1
CUST-01193,39,10.07,1,12,0,two-year,bank_transfer,basic,0
CUST-01194,35,28.87,0,16,0,two-year,invoice,basic,0
CUST-01195,57,11.67,1,17,0,two-year,invoice,basic,0
CUST-01196,34,45.64,1,14,2,month-to-month,bank_transfer,standard,0
CUST-01197,4,90.63,2,16,0,month-to-month,card,premium,1
CUST-01198,53,91.5,1,11,0,one-year,card,premium,0
CUST-01199,25,10.33,2,8,0,month-to-month,bank_transfer,basic,1
CUST-01200,41,44.52,1,10,0,one-year,card,standard,1
CUST-01201,22,80.12,2,15,1,one-year,card,premium,0
CUST-01202,20,22.73,2,12,0,one-year,card,basic,0
CUST-01203,1,56.1,0,15,0,two-year,invoice,standard,0
CUST-01204,58,11.67,2,13,0,one-year,card,basic,0
CUST-01205,21,54.97,2,12,0,month-to-month,bank_transfer,standard,1
CUST-01206,14,54.58,1,14,0,month-to-month,invoice,standard,1
CUST-01207,32,15.05,0,16,0,one-year,bank_transfer,basic,0
CUST-01208,1,77.1,1,11,0,month-to-month,card,premium,1
CUST-01209,6,42.57,0,13,0,month-to-month,invoice,standard,1
CUST-01210,22,85.43,2,11,0,month-to-month,bank_transfer,premium,1
CUST-01211,30,58.25,1,8,3,one-year,card,standard,1
CUST-01212,56,18.29,2,7,0,two-year,bank_transfer,basic,1
CUST-01213,39,42.96,3,12,2,one-year,card,standard,0
CUST-01214,21,19.89,2,11,1,month-to-month,bank_transfer,basic,0
CUST-01215,29,81.23,3,15,0,month-to-month,invoice,premium,1
CUST-01216,2,22.09,1,12,0,month-to-month,bank_transfer,basic,1
CUST-01217,24,83.13,2,8,0,month-to-month,invoice,premium,0
CUST-01218,42,44.0,0,9,0,one-year,card,standard,0
CUST-01219,16,51.25,1,9,1,one-year,invoice,standard,0
CUST-01220,7,59.5,1,12,1,month-to-month,bank_transfer,standard,1
CUST-01221,7,62.19,2,15,2,month-to-month,card,standard,1
CUST-01222,7,42.76,2,13,1,month-to-month,invoice,standard,1
CUST-01223,37,45.42,1,11,0,two-year,invoice,standard,0
CUST-01224,8,22.09,1,10,2,one-year,card,basic,1
CUST-01225,23,56.01,2,7,0,month-to-month,bank_transfer,standard,1
CUST-01226,7,6.02,1,13,0,two-year,card,basic,0
CUST-01227,1,49.52,1,10,0,month-to-month,card,standard,1
CUST-01228,11,46.08,0,7,0,month-to-month,card,standard,0
CUST-01229,13,7.46,1,15,1,two-year,card,basic,0
CUST-01230,35,40.98,1,11,0,month-to-month,card,standard,1
CUST-01231,10,45.59,0,10,1,month-to-month,card,standard,1
CUST-01232,13,49.35,0,17,0,one-year,invoice,standard,0
CUST-01233,7,55.05,1,9,0,month-to-month,card,standard,1
CUST-01234,22,51.13,1,14,0,one-year,invoice,standard,0
CUST-01235,21,54.69,0,11,0,month-to-month,card,standard,0
CUST-01236,28,19.16,3,16,0,month-to-month,card,basic,0
CUST-01237,13,14.77,1,16,0,month-to-month,bank_transfer,basic,1
CUST-01238,22,47.9,2,14,0,month-to-month,card,standard,1
CUST-01239,17,23.17,2,8,0,month-to-month,card,basic,0
CUST-01240,30,25.2,1,15,0,month-to-month,invoice,basic,0
CUST-01241,40,18.11,3,22,3,two-year,card,basic,0
CUST-01242,10,13.43,1,9,0,month-to-month,card,basic,0
CUST-01243,25,91.01,1,11,0,month-to-month,bank_transfer,premium,0
CUST-01244,29,21.87,0,13,0,month-to-month,card,basic,1
CUST-01245,16,26.4,0,17,1,month-to-month,bank_transfer,basic,0
CUST-01246,35,84.93,1,9,0,month-to-month,card,premium,1
CUST-01247,52,84.99,2,7,0,one-year,card,premium,0
CUST-01248,7,23.54,0,18,0,month-to-month,card,basic,1
CUST-01249,56,86.56,3,14,1,two-year,card,premium,0
CUST-01250,43,16.3,3,14,0,two-year,bank_transfer,basic,0
CUST-01251,19,56.52,0,17,0,month-to-month,invoice,standard,1
CUST-01252,18,10.77,2,10,0,month-to-month,bank_transfer,basic,0
CUST-01253,30,61.34,0,13,1,month-to-month,card,standard,0
CUST-01254,36,15.32,2,13,1,one-year,invoice,basic,0
CUST-01255,19,54.2,2,11,0,month-to-month,bank_transfer,standard,1
CUST-01256,3,18.35,0,17,3,two-year,card,basic,0
CUST-01257,26,50.63,0,15,0,one-year,card,standard,0
CUST-01258,65,47.42,4,13,0,two-year,card,standard,0
CUST-01259,25,24.14,1,17,1,month-to-month,card,basic,1
CUST-01260,3,86.92,1,8,1,two-year,card,premium,0
CUST-01261,31,15.56,0,15,1,month-to-month,card,basic,0
CUST-01262,29,29.88,1,13,0,month-to-month,invoice,basic,1
CUST-01263,19,19.18,0,12,1,month-to-month,card,basic,1
CUST-01264,1,14.95,1,8,0,two-year,card,basic,0
CUST-01265,33,10.06,1,16,0,one-year,invoice,basic,0
CUST-01266,3,60.19,2,12,0,two-year,bank_transfer,standard,0
CUST-01267,11,45.69,0,8,1,month-to-month,card,standard,1
CUST-01268,45,61.37,1,12,1,two-year,card,standard,0
CUST-01269,32,51.39,0,8,0,month-to-month,bank_transfer,standard,0
CUST-01270,12,49.86,0,17,1,month-to-month,card,standard,1
CUST-01271,61,20.02,2,11,0,two-year,bank_transfer,basic,0
CUST-01272,33,62.3,0,15,0,month-to-month,invoice,standard,0
CUST-01273,1,75.85,1,6,0,month-to-month,bank_transfer,premium,1
CUST-01274,14,20.29,1,14,0,one-year,invoice,basic,1
CUST-01275,25,47.41,3,10,0,month-to-month,bank_transfer,standard,0
CUST-01276,27,87.72,4,14,0,month-to-month,bank_transfer,premium,0
CUST-01277,14,49.9,2,13,1,month-to-month,card,standard,1
CUST-01278,23,87.4,4,15,0,month-to-month,card,premium,1
CUST-01279,44,20.13,0,11,0,two-year,card,basic,0
CUST-01280,44,48.86,0,11,1,one-year,bank_transfer,standard,0
CUST-01281,25,11.12,1,8,1,month-to-month,card,basic,1
CUST-01282,3,21.29,2,7,1,month-to-month,bank_transfer,basic,1
CUST-01283,5,93.3,3,13,0,month-to-month,card,premium,0
CUST-01284,7,15.75,1,13,1,one-year,bank_transfer,basic,0
CUST-01285,67,100.21,3,11,1,two-year,card,premium,0
CUST-01286,65,57.01,2,15,0,two-year,invoice,standard,0
CUST-01287,28,94.06,4,13,0,month-to-month,card,premium,1
CUST-01288,4,93.99,1,7,0,month-to-month,bank_transfer,premium,1
CUST-01289,20,49.18,2,12,0,month-to-month,bank_transfer,standard,0
CUST-01290,11,95.85,1,15,1,one-year,card,premium,1
CUST-01291,13,58.42,2,12,0,month-to-month,invoice,standard,1
CUST-01292,16,53.85,0,18,0,one-year,invoice,standard,0
CUST-01293,49,45.58,2,8,1,one-year,bank_transfer,standard,1
CUST-01294,5,18.76,0,15,1,month-to-month,invoice,basic,0
CUST-01295,23,22.44,1,9,0,month-to-month,card,basic,0
CUST-01296,35,24.03,0,19,0,month-to-month,invoice,basic,0
CUST-01297,24,48.54,3,11,0,month-to-month,invoice,standard,0
CUST-01298,2,15.6,1,8,0,month-to-month,bank_transfer,basic,0
CUST-01299,54,58.51,2,8,1,one-year,invoice,standard,1
CUST-01300,23,42.57,0,11,0,month-to-month,bank_transfer,standard,0
CUST-01301,16,43.35,0,7,0,month-to-month,bank_transfer,standard,1
CUST-01302,39,81.04,0,11,0,one-year,bank_transfer,premium,0
CUST-01303,52,83.34,0,14,0,one-year,card,premium,0
CUST-01304,17,96.48,2,14,0,month-to-month,bank_transfer,premium,1
CUST-01305,38,56.68,2,14,2,two-year,card,standard,0
CUST-01306,32,18.56,2,10,0,two-year,bank_transfer,basic,0
CUST-01307,4,91.98,0,7,0,one-year,bank_transfer,premium,0
CUST-01308,47,18.94,3,14,0,one-year,card,basic,0
CUST-01309,4,11.85,1,6,0,month-to-month,card,basic,1
CUST-01310,28,32.31,0,6,0,two-year,card,basic,0
CUST-01311,13,57.25,1,6,0,month-to-month,bank_transfer,standard,1
CUST-01312,20,51.13,1,9,0,two-year,card,standard,0
CUST-01313,24,13.86,2,10,0,one-year,card,basic,0
CUST-01314,22,47.65,1,13,0,month-to-month,card,standard,0
CUST-01315,11,14.85,0,22,0,month-to-month,card,basic,1
CUST-01316,10,19.59,2,12,0,one-year,card,basic,0
CUST-01317,52,20.86,0,17,1,one-year,card,basic,0
CUST-01318,34,16.95,1,10,0,month-to-month,bank_transfer,basic,0
CUST-01319,27,40.27,3,10,0,one-year,bank_transfer,standard,1
CUST-01320,23,31.79,2,7,0,two-year,invoice,basic,0
CUST-01321,1,20.43,1,11,0,month-to-month,card,basic,0
CUST-01322,1,21.74,2,10,1,month-to-month,card,basic,0
CUST-01323,14,46.47,3,13,0,month-to-month,card,standard,1
CUST-01324,55,79.63,2,19,0,one-year,bank_transfer,premium,0
CUST-01325,26,48.5,0,15,0,month-to-month,card,standard,0
CUST-01326,25,47.06,2,18,1,two-year,card,standard,0
CUST-01327,34,93.26,1,9,0,month-to-month,bank_transfer,premium,0
CUST-01328,25,24.44,1,19,1,one-year,card,basic,0
CUST-01329,9,23.59,0,15,0,month-to-month,bank_transfer,basic,0
CUST-01330,15,54.93,1,14,0,month-to-month,bank_transfer,standard,0
CUST-01331,12,29.82,1,10,2,one-year,invoice,basic,1
CUST-01332,31,51.34,1,10,0,month-to-month,card,standard,0
CUST-01333,13,55.6,1,14,0,month-to-month,card,standard,1
CUST-01334,47,21.96,1,14,2,two-year,bank_transfer,basic,0
CUST-01335,28,37.6,0,9,0,two-year,card,standard,0
CUST-01336,64,18.07,1,15,0,two-year,card,basic,0
CUST-01337,23,13.79,2,14,0,month-to-month,card,basic,0
CUST-01338,29,90.39,1,16,0,one-year,card,premium,0
CUST-01339,9,44.25,1,17,0,two-year,card,standard,0
CUST-01340,32,22.63,2,18,0,month-to-month,bank_transfer,basic,0
CUST-01341,19,24.89,1,14,0,month-to-month,invoice,basic,1
CUST-01342,20,26.22,1,16,0,two-year,card,basic,0
CUST-01343,31,28.72,0,9,0,month-to-month,bank_transfer,basic,0
CUST-01344,3,8.94,0,12,1,one-year,invoice,basic,0
CUST-01345,22,11.81,6,10,1,two-year,card,basic,0
CUST-01346,32,106.57,0,12,0,one-year,bank_transfer,premium,0
CUST-01347,12,95.06,1,15,0,month-to-month,card,premium,0
CUST-01348,17,50.35,2,12,1,month-to-month,invoice,standard,1
CUST-01349,9,49.19,1,9,0,month-to-month,card,standard,1
CUST-01350,4,48.66,4,7,0,month-to-month,card,standard,0
CUST-01351,2,37.4,2,13,1,one-year,invoice,standard,0
CUST-01352,11,84.37,0,11,0,two-year,bank_transfer,premium,0
CUST-01353,34,48.33,1,12,1,month-to-month,card,standard,1
CUST-01354,20,44.7,1,13,0,month-to-month,bank_transfer,standard,1
CUST-01355,35,85.49,0,11,0,two-year,invoice,premium,0
CUST-01356,13,64.35,1,11,0,month-to-month,card,standard,0
CUST-01357,25,17.49,0,13,0,month-to-month,card,basic,0
CUST-01358,5,20.67,0,18,0,month-to-month,card,basic,0
CUST-01359,16,50.46,1,15,1,one-year,invoice,standard,1
CUST-01360,23,22.54,1,10,1,month-to-month,card,basic,0
CUST-01361,28,16.14,0,9,0,one-year,card,basic,0
CUST-01362,27,26.48,3,10,0,month-to-month,card,basic,0
CUST-01363,53,21.66,0,16,1,one-year,card,basic,0
CUST-01364,29,81.28,1,13,1,month-to-month,bank_transfer,premium,0
CUST-01365,6,18.35,1,19,0,month-to-month,card,basic,1
CUST-01366,3,17.97,1,12,0,month-to-month,card,basic,1
CUST-01367,6,47.69,1,10,1,month-to-month,card,standard,1
CUST-01368,28,22.06,0,9,0,month-to-month,card,basic,0
CUST-01369,32,52.81,1,14,0,month-to-month,card,standard,0
CUST-01370,33,52.1,2,18,1,month-to-month,card,standard,0
CUST-01371,10,21.03,1,10,0,month-to-month,bank_transfer,basic,1
CUST-01372,60,49.51,1,8,0,two-year,card,standard,0
CUST-01373,19,6.09,2,9,1,month-to-month,card,basic,1
CUST-01374,59,53.67,1,20,0,two-year,bank_transfer,standard,0
CUST-01375,39,91.93,1,10,0,two-year,bank_transfer,premium,0
CUST-01376,5,83.09,2,11,0,month-to-month,bank_transfer,premium,0
CUST-01377,4,20.68,2,15,0,one-year,invoice,basic,0
CUST-01378,68,52.89,1,11,0,two-year,card,standard,0
CUST-01379,25,56.03,0,10,0,one-year,card,standard,0
CUST-01380,12,92.06,0,12,0,month-to-month,card,premium,0
CUST-01381,12,20.93,2,10,0,month-to-month,card,basic,1
CUST-01382,13,54.68,1,17,0,month-to-month,invoice,standard,0
CUST-01383,34,17.16,0,7,0,month-to-month,bank_transfer,basic,1
CUST-01384,4,21.47,1,17,1,two-year,bank_transfer,basic,0
CUST-01385,8,45.27,0,10,1,two-year,invoice,standard,0
CUST-01386,28,55.66,0,14,0,month-to-month,invoice,standard,0
CUST-01387,32,9.34,1,10,0,one-year,card,basic,0
CUST-01388,4,93.9,1,16,0,month-to-month,invoice,premium,1
CUST-01389,2,49.11,1,11,0,two-year,card,standard,0
CUST-01390,8,94.79,0,11,0,month-to-month,card,premium,1
CUST-01391,18,44.32,1,16,0,two-year,bank_transfer,standard,0
CUST-01392,1,89.54,2,18,1,two-year,invoice,premium,1
CUST-01393,7,49.36,0,10,0,month-to-month,bank_transfer,standard,1
CUST-01394,26,21.6,1,9,0,month-to-month,card,basic,1
CUST-01395,61,12.71,2,13,0,two-year,invoice,basic,0
CUST-01396,32,92.82,0,14,0,month-to-month,card,premium,0
CUST-01397,14,7.92,0,7,1,month-to-month,bank_transfer,basic,1
CUST-01398,22,14.99,0,19,0,two-year,card,basic,0
CUST-01399,59,39.62,0,11,0,one-year,card,standard,0
CUST-01400,27,23.97,0,9,0,month-to-month,card,basic,1
CUST-01401,19,21.4,1,10,0,month-to-month,invoice,basic,1
CUST-01402,9,51.74,0,9,0,month-to-month,invoice,standard,1
CUST-01403,23,27.84,0,11,1,two-year,card,basic,0
CUST-01404,18,47.1,1,7,0,month-to-month,card,standard,1
CUST-01405,19,22.66,0,18,0,month-to-month,card,basic,0
CUST-01406,1,49.4,1,11,0,month-to-month,bank_transfer,standard,1
CUST-01407,69,18.48,0,9,0,two-year,bank_transfer,basic,0
CUST-01408,20,56.84,0,9,0,month-to-month,bank_transfer,standard,1
CUST-01409,42,31.49,3,17,0,two-year,card,basic,0
CUST-01410,12,16.41,1,8,1,one-year,card,basic,0
CUST-01411,55,94.0,1,14,0,two-year,invoice,premium,0
CUST-01412,53,20.91,1,12,0,two-year,bank_transfer,basic,0
CUST-01413,6,50.99,0,14,1,two-year,card,standard,1
CUST-01414,42,20.48,0,12,0,two-year,card,basic,0
CUST-01415,23,17.0,1,10,0,month-to-month,card,basic,0
CUST-01416,50,-2.51,2,11,0,one-year,card,basic,0
CUST-01417,7,98.21,2,17,0,month-to-month,card,premium,1
CUST-01418,31,14.83,2,14,1,month-to-month,bank_transfer,basic,0
CUST-01419,33,17.55,3,7,2,two-year,card,basic,1
CUST-01420,6,47.68,1,5,0,two-year,card,standard,0
CUST-01421,6,14.3,2,9,2,one-year,bank_transfer,basic,1
CUST-01422,7,50.44,3,11,0,month-to-month,card,standard,1
CUST-01423,10,88.73,0,7,0,month-to-month,card,premium,1
CUST-01424,17,44.7,2,18,1,month-to-month,invoice,standard,1
CUST-01425,26,49.9,0,18,1,month-to-month,card,standard,0
CUST-01426,6,18.8,1,15,1,month-to-month,bank_transfer,basic,1
CUST-01427,35,94.57,2,12,1,month-to-month,card,premium,0
CUST-01428,5,40.96,2,15,1,month-to-month,card,standard,1
CUST-01429,35,14.17,1,11,0,one-year,card,basic,0
CUST-01430,33,93.35,3,12,0,month-to-month,bank_transfer,premium,1
CUST-01431,59,85.16,2,3,1,two-year,card,premium,0
CUST-01432,38,43.58,0,11,1,one-year,bank_transfer,standard,1
CUST-01433,25,15.46,0,9,0,month-to-month,card,basic,0
CUST-01434,4,48.39,3,14,0,month-to-month,bank_transfer,standard,1
CUST-01435,1,88.42,1,8,1,month-to-month,card,premium,1
CUST-01436,31,47.74,2,9,1,two-year,card,standard,0
CUST-01437,3,12.83,0,11,0,month-to-month,bank_transfer,basic,0
CUST-01438,12,23.64,0,9,1,month-to-month,card,basic,1
CUST-01439,16,26.96,1,9,0,two-year,card,basic,0
CUST-01440,65,7.54,0,19,0,two-year,bank_transfer,basic,0
CUST-01441,31,39.68,3,15,1,month-to-month,bank_transfer,standard,1
CUST-01442,29,25.02,0,15,0,month-to-month,bank_transfer,basic,1
CUST-01443,25,28.42,0,11,1,month-to-month,card,basic,0
CUST-01444,5,76.22,2,10,0,month-to-month,card,premium,1
CUST-01445,1,53.89,3,17,1,month-to-month,card,standard,1
CUST-01446,39,28.83,1,13,0,one-year,card,basic,0
CUST-01447,46,83.83,0,7,0,two-year,card,premium,0
CUST-01448,13,28.48,2,9,3,month-to-month,card,basic,1
CUST-01449,28,87.93,2,13,0,one-year,card,premium,0
CUST-01450,17,20.89,2,9,2,month-to-month,bank_transfer,basic,1
CUST-01451,17,44.68,1,11,0,two-year,card,standard,0
CUST-01452,18,55.01,1,11,0,one-year,card,standard,0
CUST-01453,30,24.01,0,11,1,two-year,card,basic,0
CUST-01454,43,59.35,1,10,0,two-year,card,standard,0
CUST-01455,34,27.64,1,15,1,month-to-month,bank_transfer,basic,0
CUST-01456,19,48.95,2,14,0,month-to-month,card,standard,0
CUST-01457,26,37.65,1,14,0,month-to-month,card,basic,1
CUST-01458,29,57.1,3,9,1,month-to-month,invoice,standard,1
CUST-01459,8,52.24,2,15,2,two-year,card,standard,0
CUST-01460,23,43.02,1,18,0,month-to-month,card,standard,0
CUST-01461,28,9.82,3,16,0,one-year,bank_transfer,basic,0
CUST-01462,20,40.33,1,13,0,month-to-month,bank_transfer,standard,1
CUST-01463,1,43.4,1,19,0,month-to-month,invoice,standard,0
CUST-01464,32,27.26,1,10,1,month-to-month,invoice,basic,1
CUST-01465,57,51.92,0,11,0,one-year,bank_transfer,standard,0
CUST-01466,1,15.32,4,8,0,one-year,card,basic,0
CUST-01467,7,18.18,2,10,0,month-to-month,card,basic,1
CUST-01468,6,47.45,0,7,0,month-to-month,card,standard,1
CUST-01469,46,23.8,5,8,0,one-year,bank_transfer,basic,1
CUST-01470,21,13.73,0,7,1,month-to-month,invoice,basic,1
CUST-01471,12,51.1,2,7,0,two-year,card,standard,0
CUST-01472,29,50.8,1,10,0,month-to-month,invoice,standard,0
CUST-01473,12,13.91,1,15,2,month-to-month,bank_transfer,basic,0
CUST-01474,16,28.53,0,13,0,month-to-month,card,basic,0
CUST-01475,13,47.23,1,11,1,month-to-month,invoice,standard,1
CUST-01476,18,43.04,5,14,1,month-to-month,bank_transfer,standard,1
CUST-01477,17,54.12,0,15,1,month-to-month,card,standard,1
CUST-01478,19,49.33,0,12,0,two-year,card,standard,0
CUST-01479,15,51.45,1,11,1,month-to-month,card,standard,1
CUST-01480,32,81.89,0,13,0,month-to-month,card,premium,1
CUST-01481,18,23.87,1,17,0,month-to-month,bank_transfer,basic,0
CUST-01482,32,32.03,2,14,0,month-to-month,invoice,basic,0
CUST-01483,33,11.42,0,11,1,one-year,bank_transfer,basic,0
CUST-01484,27,21.13,1,8,0,month-to-month,invoice,basic,1
CUST-01485,17,14.29,2,10,0,one-year,invoice,basic,0
CUST-01486,28,105.14,2,11,0,month-to-month,card,premium,1
CUST-01487,19,26.44,0,13,0,two-year,bank_transfer,basic,0
CUST-01488,1,20.69,1,13,1,month-to-month,bank_transfer,basic,1
CUST-01489,11,41.63,1,15,2,two-year,card,standard,0
CUST-01490,1,83.08,0,9,0,month-to-month,card,premium,1
CUST-01491,34,23.48,2,9,0,month-to-month,bank_transfer,basic,0
CUST-01492,71,40.83,3,11,0,two-year,invoice,standard,0
CUST-01493,45,81.01,1,9,0,one-year,invoice,premium,0
CUST-01494,6,49.05,1,4,0,one-year,card,standard,1
CUST-01495,32,49.8,0,9,0,month-to-month,bank_transfer,standard,1
CUST-01496,44,51.28,2,12,0,one-year,card,standard,0
CUST-01497,23,16.36,0,13,0,two-year,invoice,basic,0
CUST-01498,30,54.52,0,8,0,one-year,bank_transfer,standard,0
CUST-01499,23,13.83,1,9,0,month-to-month,invoice,basic,0
CUST-01500,1,52.76,1,13,0,one-year,invoice,standard,0
CUST-01501,30,90.28,2,14,0,one-year,card,premium,0
CUST-01502,52,22.6,3,10,1,two-year,invoice,basic,0
CUST-01503,6,56.09,1,14,1,month-to-month,bank_transfer,standard,1
CUST-01504,15,16.27,3,14,1,month-to-month,card,basic,0
CUST-01505,38,15.03,0,15,0,two-year,card,basic,0
CUST-01506,26,38.87,2,16,0,month-to-month,bank_transfer,standard,0
CUST-01507,57,6.89,2,9,0,one-year,card,basic,0
CUST-01508,30,47.94,1,10,1,month-to-month,card,standard,1
CUST-01509,22,18.35,2,19,0,month-to-month,bank_transfer,basic,0
CUST-01510,35,82.48,0,8,0,one-year,card,premium,0
CUST-01511,21,13.77,0,10,0,month-to-month,card,basic,0
CUST-01512,19,28.14,1,10,1,month-to-month,bank_transfer,basic,1
CUST-01513,3,54.26,0,8,0,one-year,card,standard,0
CUST-01514,41,41.43,2,14,0,one-year,bank_transfer,standard,0
CUST-01515,51,16.35,4,12,0,two-year,card,basic,1
CUST-01516,18,91.44,2,6,0,month-to-month,invoice,premium,1
CUST-01517,31,15.24,2,16,0,month-to-month,card,basic,1
CUST-01518,48,14.15,2,14,0,two-year,invoice,basic,0
CUST-01519,13,46.97,1,22,0,month-to-month,bank_transfer,standard,0
CUST-01520,1,55.54,0,11,0,month-to-month,invoice,standard,1
CUST-01521,2,56.09,1,13,1,month-to-month,bank_transfer,standard,1
CUST-01522,12,84.59,1,15,0,month-to-month,card,premium,0
CUST-01523,33,51.76,2,13,0,two-year,card,standard,0
CUST-01524,10,18.96,0,9,0,one-year,bank_transfer,basic,0
CUST-01525,11,12.95,0,16,0,one-year,bank_transfer,basic,0
CUST-01526,8,17.22,0,12,1,month-to-month,bank_transfer,basic,0
CUST-01527,28,41.41,2,12,0,month-to-month,card,standard,0
CUST-01528,27,25.98,2,12,0,month-to-month,bank_transfer,basic,1
CUST-01529,13,58.31,1,18,1,month-to-month,card,standard,1
CUST-01530,6,46.54,1,11,1,month-to-month,bank_transfer,standard,1
CUST-01531,3,45.11,0,16,0,month-to-month,bank_transfer,standard,1
CUST-01532,3,25.33,0,12,1,month-to-month,card,basic,0
CUST-01533,23,26.3,0,11,0,one-year,bank_transfer,basic,0
CUST-01534,2,82.31,1,12,0,one-year,card,premium,1
CUST-01535,12,48.11,2,8,1,month-to-month,bank_transfer,standard,0
CUST-01536,34,48.65,1,16,1,month-to-month,bank_transfer,standard,0
CUST-01537,30,44.38,1,15,2,one-year,card,standard,0
CUST-01538,49,91.32,0,13,0,one-year,card,premium,0
CUST-01539,9,14.8,0,15,1,two-year,bank_transfer,basic,0
CUST-01540,9,85.76,1,6,1,month-to-month,bank_transfer,premium,1
CUST-01541,68,18.39,0,11,0,two-year,card,basic,0
CUST-01542,13,80.07,0,8,1,month-to-month,card,premium,1
CUST-01543,23,6.66,1,5,1,month-to-month,card,basic,1
CUST-01544,35,24.51,0,8,1,month-to-month,bank_transfer,basic,0
CUST-01545,19,14.56,0,11,0,month-to-month,card,basic,0
CUST-01546,10,101.81,2,13,0,month-to-month,bank_transfer,premium,0
CUST-01547,19,100.83,1,12,0,month-to-month,bank_transfer,premium,1
CUST-01548,3,15.96,2,11,1,one-year,invoice,basic,1
CUST-01549,4,33.03,1,15,1,month-to-month,invoice,basic,1
CUST-01550,1,24.63,2,4,1,month-to-month,card,basic,1
CUST-01551,31,15.13,1,16,1,month-to-month,bank_transfer,basic,0
CUST-01552,24,33.51,1,11,0,month-to-month,bank_transfer,standard,0
CUST-01553,10,23.13,1,14,1,month-to-month,invoice,basic,0
CUST-01554,7,89.19,2,11,0,month-to-month,bank_transfer,premium,0
CUST-01555,24,91.59,1,6,0,month-to-month,card,premium,1
CUST-01556,55,17.63,0,16,0,one-year,invoice,basic,0
CUST-01557,21,42.14,0,8,2,two-year,card,standard,0
CUST-01558,11,86.44,1,16,2,month-to-month,invoice,premium,1
CUST-01559,51,93.24,1,10,0,one-year,card,premium,0
CUST-01560,64,46.87,3,10,0,two-year,card,standard,0
CUST-01561,65,16.84,1,12,1,two-year,invoice,basic,0
CUST-01562,17,9.88,1,12,2,one-year,bank_transfer,basic,0
CUST-01563,8,49.55,0,11,0,two-year,bank_transfer,standard,0
CUST-01564,31,12.33,1,8,0,two-year,card,basic,0
CUST-01565,17,54.51,1,8,0,one-year,card,standard,0
CUST-01566,31,44.6,1,11,0,month-to-month,card,standard,0
CUST-01567,1,47.23,0,13,0,month-to-month,bank_transfer,standard,0
CUST-01568,22,31.98,3,14,1,month-to-month,card,basic,0
CUST-01569,32,17.16,1,10,2,month-to-month,card,basic,1
CUST-01570,35,86.36,3,14,0,month-to-month,card,premium,0
CUST-01571,23,22.51,0,18,0,month-to-month,invoice,basic,0
CUST-01572,56,8.29,3,8,0,one-year,invoice,basic,0
CUST-01573,4,96.5,2,14,1,one-year,card,premium,0
CUST-01574,25,54.96,0,10,1,two-year,invoice,standard,0
CUST-01575,1,52.15,3,9,0,month-to-month,card,standard,1
CUST-01576,35,68.74,0,10,0,month-to-month,card,premium,0
CUST-01577,54,47.44,0,11,1,one-year,card,standard,0
CUST-01578,2,81.36,0,11,0,two-year,invoice,premium,0
CUST-01579,1,95.74,4,18,0,two-year,card,premium,1
CUST-01580,26,25.32,2,16,0,two-year,card,basic,0
CUST-01581,18,21.33,1,10,0,two-year,invoice,basic,0
CUST-01582,30,11.78,0,14,1,month-to-month,bank_transfer,basic,0
CUST-01583,5,57.97,1,11,0,month-to-month,bank_transfer,standard,0
CUST-01584,28,47.43,1,5,1,month-to-month,bank_transfer,standard,0
CUST-01585,33,59.83,1,16,0,one-year,bank_transfer,standard,0
CUST-01586,27,90.59,3,11,0,two-year,card,premium,0
CUST-01587,5,52.04,0,11,2,month-to-month,bank_transfer,standard,1
CUST-01588,59,46.24,1,14,1,one-year,card,standard,0
CUST-01589,22,57.44,1,9,0,month-to-month,card,standard,0
CUST-01590,15,52.65,2,8,1,month-to-month,invoice,standard,1
CUST-01591,13,27.66,2,12,0,month-to-month,card,basic,0
CUST-01592,32,50.07,2,19,0,month-to-month,card,standard,0
CUST-01593,59,48.72,3,18,0,two-year,card,standard,0
CUST-01594,29,22.57,1,10,0,month-to-month,invoice,basic,1
CUST-01595,44,57.66,1,16,0,two-year,invoice,standard,0
CUST-01596,53,55.1,4,14,0,one-year,card,standard,1
CUST-01597,10,19.83,0,11,0,month-to-month,card,basic,0
CUST-01598,25,77.86,1,10,0,month-to-month,bank_transfer,premium,1
CUST-01599,29,23.86,0,12,1,two-year,bank_transfer,basic,0
CUST-01600,21,40.37,2,9,0,month-to-month,card,standard,0
CUST-01601,71,49.21,0,7,0,two-year,card,standard,0
CUST-01602,35,18.31,1,12,0,month-to-month,bank_transfer,basic,0
CUST-01603,30,40.49,2,9,1,one-year,card,standard,0
CUST-01604,41,21.24,1,9,0,two-year,bank_transfer,basic,0
CUST-01605,32,31.93,1,7,1,month-to-month,card,basic,0
CUST-01606,35,47.12,2,9,0,month-to-month,invoice,standard,1
CUST-01607,56,23.6,1,10,0,two-year,bank_transfer,basic,0
CUST-01608,2,103.13,0,10,0,month-to-month,bank_transfer,premium,1
CUST-01609,11,24.18,1,10,1,month-to-month,bank_transfer,basic,0
CUST-01610,32,15.13,1,12,1,month-to-month,card,basic,0
CUST-01611,27,90.42,2,18,0,month-to-month,card,premium,0
CUST-01612,44,51.88,2,9,0,one-year,bank_transfer,standard,0
CUST-01613,40,57.6,2,10,1,one-year,bank_transfer,standard,0
CUST-01614,14,56.28,0,15,0,month-to-month,invoice,standard,0
CUST-01615,29,72.38,1,15,0,two-year,card,premium,0
CUST-01616,29,13.86,0,11,1,month-to-month,bank_transfer,basic,0
CUST-01617,10,18.58,0,6,0,month-to-month,card,basic,0
CUST-01618,41,82.91,1,7,0,one-year,card,premium,0
CUST-01619,52,-3.2,1,5,0,two-year,card,basic,0
CUST-01620,30,44.65,1,10,0,month-to-month,invoice,standard,1
CUST-01621,11,48.98,0,12,1,month-to-month,bank_transfer,standard,1
CUST-01622,26,45.85,1,12,0,month-to-month,card,standard,0
CUST-01623,7,43.02,3,10,1,two-year,bank_transfer,standard,0
CUST-01624,4,89.25,1,10,0,month-to-month,card,premium,1
CUST-01625,15,21.06,1,14,0,month-to-month,card,basic,1
CUST-01626,3,46.19,2,10,0,one-year,card,standard,0
CUST-01627,34,57.23,3,5,0,month-to-month,card,standard,0
CUST-01628,32,19.35,1,15,1,month-to-month,card,basic,0
CUST-01629,1,83.77,0,13,0,month-to-month,card,premium,0
CUST-01630,30,42.25,3,16,0,month-to-month,bank_transfer,standard,1
CUST-01631,18,17.72,2,5,1,month-to-month,invoice,basic,1
CUST-01632,50,95.68,2,13,0,two-year,invoice,premium,0
CUST-01633,53,84.06,1,18,1,one-year,card,premium,0
CUST-01634,34,22.58,1,12,1,one-year,bank_transfer,basic,0
CUST-01635,8,49.57,3,17,0,two-year,card,standard,0
CUST-01636,1,30.96,2,13,2,month-to-month,card,basic,1
CUST-01637,17,21.34,1,14,1,month-to-month,bank_transfer,basic,1
CUST-01638,68,14.81,0,11,1,two-year,card,basic,0
CUST-01639,20,93.42,1,12,1,month-to-month,bank_transfer,premium,1
CUST-01640,22,23.62,2,13,1,one-year,invoice,basic,0
CUST-01641,1,16.62,5,6,0,one-year,card,basic,1
CUST-01642,32,42.02,1,6,2,month-to-month,invoice,standard,1
CUST-01643,11,52.22,1,11,0,month-to-month,card,standard,0
CUST-01644,25,19.38,1,13,1,month-to-month,invoice,basic,0
CUST-01645,24,9.9,1,12,1,month-to-month,bank_transfer,basic,0
CUST-01646,9,50.53,2,12,1,month-to-month,card,standard,1
CUST-01647,2,45.18,1,11,0,month-to-month,card,standard,0
CUST-01648,23,39.91,1,9,1,one-year,card,standard,0
CUST-01649,22,16.89,1,15,0,two-year,bank_transfer,basic,0
CUST-01650,50,56.7,2,12,1,two-year,card,standard,0
CUST-01651,29,56.25,0,11,0,month-to-month,invoice,standard,0
CUST-01652,8,24.68,0,18,2,month-to-month,card,basic,0
CUST-01653,19,20.62,0,20,0,month-to-month,invoice,basic,0
CUST-01654,1,22.57,2,15,0,month-to-month,card,basic,1
CUST-01655,15,19.59,2,14,1,two-year,bank_transfer,basic,0
CUST-01656,27,12.37,2,8,0,month-to-month,invoice,basic,1
CUST-01657,28,83.57,5,5,1,month-to-month,card,premium,1
CUST-01658,55,45.36,0,14,1,two-year,card,standard,0
CUST-01659,5,57.41,1,14,0,month-to-month,bank_transfer,standard,0
CUST-01660,19,25.46,1,17,0,month-to-month,bank_transfer,basic,0
CUST-01661,15,42.52,3,7,0,month-to-month,invoice,standard,1
CUST-01662,59,49.32,1,12,0,one-year,card,standard,0
CUST-01663,39,86.58,0,11,0,one-year,invoice,premium,0
CUST-01664,33,48.07,3,17,1,month-to-month,invoice,standard,1
CUST-01665,10,45.78,1,15,1,two-year,bank_transfer,standard,1
CUST-01666,32,27.43,0,9,0,two-year,card,basic,0
CUST-01667,55,48.89,3,18,0,two-year,card,standard,0
CUST-01668,13,90.3,1,9,0,month-to-month,invoice,premium,1
CUST-01669,22,50.35,1,11,0,month-to-month,bank_transfer,standard,1
CUST-01670,36,42.83,1,8,0,two-year,bank_transfer,standard,0
CUST-01671,35,89.65,0,12,0,month-to-month,invoice,premium,0
CUST-01672,10,95.37,1,14,0,one-year,card,premium,0
CUST-01673,56,27.84,0,15,1,one-year,bank_transfer,basic,0
CUST-01674,14,12.11,2,14,0,month-to-month,bank_transfer,basic,0
CUST-01675,28,39.89,0,3,0,one-year,invoice,standard,0
CUST-01676,38,89.37,3,14,0,two-year,bank_transfer,premium,0
CUST-01677,15,55.66,2,13,1,one-year,card,standard,1
CUST-01678,34,21.16,1,13,1,month-to-month,card,basic,0
CUST-01679,65,53.08,0,8,0,two-year,invoice,standard,0
CUST-01680,35,10.84,0,12,0,month-to-month,bank_transfer,basic,1
CUST-01681,59,15.57,0,13,0,one-year,card,basic,0
CUST-01682,48,5.82,1,14,1,two-year,invoice,basic,0
CUST-01683,27,18.15,0,8,0,one-year,card,basic,0
CUST-01684,30,36.01,1,13,0,month-to-month,card,standard,1
CUST-01685,1,27.0,1,15,0,month-to-month,invoice,basic,1
CUST-01686,30,28.33,4,7,0,month-to-month,bank_transfer,basic,0
CUST-01687,17,49.84,4,10,1,month-to-month,invoice,standard,1
CUST-01688,24,9.92,1,13,0,month-to-month,invoice,basic,1
CUST-01689,22,21.25,3,12,0,one-year,bank_transfer,basic,0
CUST-01690,13,30.15,2,9,0,month-to-month,card,basic,0
CUST-01691,1,21.85,0,12,0,one-year,invoice,basic,0
CUST-01692,30,56.11,0,11,0,two-year,bank_transfer,standard,0
CUST-01693,14,16.09,1,11,0,month-to-month,bank_transfer,basic,1
CUST-01694,13,13.77,0,9,0,one-year,bank_transfer,basic,0
CUST-01695,14,18.57,0,11,1,one-year,card,basic,0
CUST-01696,21,7.44,0,4,0,month-to-month,card,basic,1
CUST-01697,11,32.58,2,12,0,month-to-month,bank_transfer,basic,1
CUST-01698,49,19.84,2,4,0,one-year,bank_transfer,basic,0
CUST-01699,8,24.2,1,12,0,two-year,card,basic,0
CUST-01700,34,16.23,0,11,0,one-year,card,basic,0
CUST-01701,11,79.74,0,21,0,two-year,card,premium,0
CUST-01702,38,27.55,2,7,1,two-year,bank_transfer,basic,0
CUST-01703,19,12.26,0,12,1,month-to-month,card,basic,0
CUST-01704,38,51.09,1,11,0,one-year,bank_transfer,standard,0
CUST-01705,15,21.66,1,13,0,month-to-month,bank_transfer,basic,1
CUST-01706,36,49.44,0,11,0,two-year,card,standard,0
CUST-01707,6,14.29,1,5,0,month-to-month,bank_transfer,basic,0
CUST-01708,16,48.1,1,13,0,month-to-month,invoice,standard,1
CUST-01709,26,83.3,2,5,1,two-year,card,premium,0
CUST-01710,23,23.86,0,11,0,month-to-month,card,basic,1
CUST-01711,26,22.43,2,18,0,one-year,card,basic,0
CUST-01712,28,48.87,0,16,0,month-to-month,bank_transfer,standard,0
CUST-01713,30,85.59,1,10,0,two-year,invoice,premium,0
CUST-01714,16,31.64,0,12,1,two-year,bank_transfer,basic,0
CUST-01715,9,41.19,1,4,0,month-to-month,invoice,standard,0
CUST-01716,2,9.73,1,7,0,one-year,bank_transfer,basic,0
CUST-01717,19,48.51,0,18,0,month-to-month,card,standard,0
CUST-01718,49,17.45,2,10,1,one-year,card,basic,0
CUST-01719,46,55.59,1,17,0,one-year,bank_transfer,standard,0
CUST-01720,31,22.88,3,10,2,two-year,bank_transfer,basic,0
CUST-01721,7,49.18,1,12,0,month-to-month,bank_transfer,standard,1
CUST-01722,31,22.0,0,8,0,month-to-month,bank_transfer,basic,0
CUST-01723,3,51.89,1,8,0,one-year,card,standard,0
CUST-01724,23,61.62,3,8,0,one-year,card,standard,1
CUST-01725,30,90.52,1,11,0,month-to-month,bank_transfer,premium,0
CUST-01726,14,84.91,1,14,0,month-to-month,bank_transfer,premium,1
CUST-01727,4,50.19,0,15,0,month-to-month,invoice,standard,0
CUST-01728,19,33.29,1,10,1,two-year,card,standard,0
CUST-01729,21,18.8,0,11,0,month-to-month,invoice,basic,0
CUST-01730,5,95.56,2,10,0,month-to-month,card,premium,1
CUST-01731,47,52.61,2,7,1,two-year,card,standard,0
CUST-01732,15,50.79,1,10,0,month-to-month,invoice,standard,1
CUST-01733,20,52.9,2,9,1,one-year,invoice,standard,0
CUST-01734,8,55.62,2,8,2,month-to-month,invoice,standard,1
CUST-01735,59,97.55,1,13,2,two-year,card,premium,0
CUST-01736,23,91.68,3,11,0,one-year,card,premium,1
CUST-01737,53,47.1,0,11,0,two-year,bank_transfer,standard,0
CUST-01738,15,5.12,1,9,0,month-to-month,invoice,basic,0
CUST-01739,3,94.87,1,14,0,month-to-month,bank_transfer,premium,0
CUST-01740,26,52.09,2,15,0,one-year,card,standard,0
CUST-01741,18,49.92,0,16,0,month-to-month,bank_transfer,standard,0
CUST-01742,16,44.87,1,9,0,month-to-month,card,standard,1
CUST-01743,29,54.79,2,10,1,month-to-month,card,standard,1
CUST-01744,65,47.46,2,11,1,two-year,bank_transfer,standard,0
CUST-01745,47,48.79,2,8,0,one-year,card,standard,0
CUST-01746,34,88.66,2,10,0,one-year,bank_transfer,premium,0
CUST-01747,32,91.7,0,9,0,one-year,bank_transfer,premium,0
CUST-01748,23,42.11,1,16,0,month-to-month,card,standard,0
CUST-01749,10,22.38,3,9,0,month-to-month,card,basic,1
CUST-01750,29,44.67,1,14,0,month-to-month,invoice,standard,0
CUST-01751,51,44.89,2,10,1,one-year,bank_transfer,standard,0
CUST-01752,9,54.31,0,13,0,month-to-month,invoice,standard,0
CUST-01753,65,83.03,0,5,1,two-year,card,premium,0
CUST-01754,61,24.3,1,10,1,two-year,bank_transfer,basic,0
CUST-01755,15,19.61,2,14,0,month-to-month,invoice,basic,0
CUST-01756,54,79.11,1,9,0,one-year,card,premium,0
CUST-01757,4,97.19,2,13,1,month-to-month,card,premium,1
CUST-01758,2,50.86,0,11,1,two-year,invoice,standard,0
CUST-01759,25,21.36,4,11,0,two-year,card,basic,1
CUST-01760,40,55.04,2,8,0,two-year,card,standard,0
CUST-01761,12,58.0,2,10,0,month-to-month,invoice,standard,1
CUST-01762,33,50.21,1,16,0,month-to-month,card,standard,0
CUST-01763,9,22.7,1,15,1,month-to-month,bank_transfer,basic,1
CUST-01764,10,21.23,0,8,0,month-to-month,bank_transfer,basic,1
CUST-01765,22,46.94,2,9,2,month-to-month,bank_transfer,standard,1
CUST-01766,1,39.5,2,14,1,month-to-month,card,standard,1
CUST-01767,52,50.29,0,6,1,two-year,card,standard,0
CUST-01768,13,27.27,3,8,0,month-to-month,invoice,basic,1
CUST-01769,35,22.5,2,13,0,month-to-month,invoice,basic,0
CUST-01770,49,12.6,1,11,0,two-year,card,basic,0
CUST-01771,3,95.59,1,14,0,one-year,card,premium,0
CUST-01772,5,17.14,1,15,0,one-year,bank_transfer,basic,0
CUST-01773,5,36.45,1,9,0,one-year,card,standard,1
CUST-01774,68,55.11,1,12,0,two-year,invoice,standard,0
CUST-01775,41,83.33,0,7,1,one-year,invoice,premium,1
CUST-01776,15,29.68,0,13,0,month-to-month,card,basic,1
CUST-01777,12,55.89,0,10,0,one-year,invoice,standard,0
CUST-01778,31,87.63,1,8,0,month-to-month,invoice,premium,0
CUST-01779,7,21.76,1,12,0,month-to-month,bank_transfer,basic,1
CUST-01780,25,63.54,0,11,1,month-to-month,invoice,standard,1
CUST-01781,27,25.0,3,13,0,month-to-month,card,basic,0
CUST-01782,17,90.43,0,10,0,one-year,invoice,premium,0
CUST-01783,18,66.33,0,9,1,month-to-month,card,standard,0
CUST-01784,8,19.71,2,9,0,month-to-month,card,basic,0
CUST-01785,13,92.49,1,13,0,month-to-month,bank_transfer,premium,1
CUST-01786,69,43.38,1,14,1,two-year,card,standard,0
CUST-01787,24,38.95,2,13,0,month-to-month,bank_transfer,standard,0
CUST-01788,50,17.27,0,17,0,one-year,card,basic,0
CUST-01789,38,19.23,0,14,0,two-year,card,basic,0
CUST-01790,8,50.98,1,16,1,month-to-month,bank_transfer,standard,0
CUST-01791,42,40.48,2,15,0,one-year,card,standard,0
CUST-01792,18,92.96,1,15,1,month-to-month,card,premium,1
CUST-01793,6,14.02,0,10,1,month-to-month,card,basic,0
CUST-01794,24,52.65,1,12,0,one-year,invoice,standard,0
CUST-01795,45,24.61,0,13,0,two-year,bank_transfer,basic,0
CUST-01796,26,46.63,2,12,0,month-to-month,bank_transfer,standard,0
CUST-01797,14,13.22,1,17,1,one-year,bank_transfer,basic,0
CUST-01798,31,28.26,2,12,1,month-to-month,bank_transfer,basic,1
CUST-01799,22,24.24,1,10,0,one-year,card,basic,0
CUST-01800,16,49.91,1,13,0,one-year,card,standard,0
CUST-01801,11,27.81,1,13,3,one-year,bank_transfer,basic,1
CUST-01802,48,49.5,0,8,0,one-year,card,standard,0
CUST-01803,12,15.28,0,16,0,month-to-month,invoice,basic,0
CUST-01804,29,42.99,1,16,0,one-year,card,standard,1
CUST-01805,13,48.35,2,10,2,one-year,bank_transfer,standard,0
CUST-01806,41,23.63,1,11,0,one-year,card,basic,0
CUST-01807,28,27.34,2,9,0,month-to-month,bank_transfer,basic,0
CUST-01808,12,19.14,1,14,0,month-to-month,invoice,basic,1
CUST-01809,34,56.28,0,10,0,month-to-month,card,standard,1
CUST-01810,1,87.71,1,14,1,month-to-month,card,premium,1
CUST-01811,4,14.31,1,16,0,month-to-month,bank_transfer,basic,1
CUST-01812,21,41.16,0,11,0,month-to-month,card,standard,1
CUST-01813,42,45.96,0,13,0,one-year,card,standard,0
CUST-01814,9,41.39,1,13,0,month-to-month,bank_transfer,standard,1
CUST-01815,39,61.06,2,10,2,two-year,card,standard,0
CUST-01816,11,91.64,3,4,0,month-to-month,card,premium,1
CUST-01817,33,48.43,1,6,0,one-year,card,standard,0
CUST-01818,23,99.33,0,10,1,month-to-month,card,premium,0
CUST-01819,35,11.19,1,9,0,month-to-month,invoice,basic,0
CUST-01820,27,88.18,1,11,0,one-year,card,premium,0
CUST-01821,46,101.0,0,14,0,two-year,card,premium,0
CUST-01822,20,88.14,1,14,1,month-to-month,bank_transfer,premium,0
CUST-01823,11,33.68,2,14,0,month-to-month,invoice,basic,0
CUST-01824,15,93.71,0,11,1,one-year,card,premium,0
CUST-01825,59,26.84,1,15,0,one-year,bank_transfer,basic,0
CUST-01826,7,57.01,0,19,0,month-to-month,bank_transfer,standard,1
CUST-01827,28,19.01,1,12,0,month-to-month,card,basic,0
CUST-01828,5,46.07,2,14,0,month-to-month,card,standard,1
CUST-01829,57,48.31,0,12,0,two-year,bank_transfer,standard,0
CUST-01830,6,13.08,0,16,0,month-to-month,card,basic,0
CUST-01831,34,18.6,0,10,0,month-to-month,card,basic,0
CUST-01832,49,18.97,1,9,1,two-year,bank_transfer,basic,0
CUST-01833,3,59.14,0,11,0,month-to-month,card,standard,1
CUST-01834,24,92.56,1,18,0,month-to-month,card,premium,0
CUST-01835,21,63.18,1,13,0,month-to-month,card,standard,0
CUST-01836,12,36.04,2,7,0,month-to-month,invoice,standard,1
CUST-01837,9,81.7,1,11,0,month-to-month,bank_transfer,premium,1
CUST-01838,25,16.87,1,11,0,month-to-month,card,basic,0
CUST-01839,44,57.95,1,22,0,one-year,card,standard,0
CUST-01840,19,48.34,2,10,1,one-year,invoice,standard,0
CUST-01841,31,10.19,1,18,0,month-to-month,bank_transfer,basic,0
CUST-01842,16,47.53,0,9,0,one-year,bank_transfer,standard,1
CUST-01843,2,41.81,0,11,1,month-to-month,card,standard,0
CUST-01844,43,40.64,3,15,0,two-year,card,standard,0
CUST-01845,3,60.99,2,15,0,month-to-month,card,standard,0
CUST-01846,16,16.89,1,12,0,one-year,invoice,basic,0
CUST-01847,18,50.04,0,14,0,month-to-month,invoice,standard,0
CUST-01848,17,18.44,1,11,0,one-year,card,basic,0
CUST-01849,7,87.49,4,10,0,month-to-month,bank_transfer,premium,1
CUST-01850,42,13.96,1,15,1,one-year,invoice,basic,0
CUST-01851,19,47.14,2,12,0,month-to-month,invoice,standard,1
CUST-01852,60,51.02,2,9,1,two-year,card,standard,0
CUST-01853,20,27.51,0,14,0,month-to-month,card,basic,0
CUST-01854,29,24.68,0,16,0,one-year,invoice,basic,0
CUST-01855,18,11.69,1,13,0,two-year,card,basic,0
CUST-01856,57,54.93,1,7,0,two-year,card,standard,0
CUST-01857,7,91.85,0,7,1,month-to-month,card,premium,0
CUST-01858,8,15.25,2,12,0,month-to-month,bank_transfer,basic,1
CUST-01859,30,50.09,0,5,1,month-to-month,card,standard,1
CUST-01860,26,92.43,3,12,0,month-to-month,bank_transfer,premium,1
CUST-01861,36,49.28,3,8,1,one-year,invoice,standard,1
CUST-01862,2,91.88,1,18,1,two-year,bank_transfer,premium,0
CUST-01863,9,43.82,2,17,0,two-year,invoice,standard,0
CUST-01864,17,60.96,3,16,0,month-to-month,invoice,standard,1
CUST-01865,44,7.42,1,8,0,one-year,bank_transfer,basic,0
CUST-01866,33,22.47,0,16,1,two-year,bank_transfer,basic,0
CUST-01867,1,51.2,1,10,0,two-year,invoice,standard,0
CUST-01868,6,92.86,0,14,0,month-to-month,bank_transfer,premium,0
CUST-01869,21,14.75,1,13,0,month-to-month,card,basic,0
CUST-01870,49,96.02,1,13,0,two-year,invoice,premium,0
CUST-01871,1,18.35,1,20,0,month-to-month,bank_transfer,basic,1
CUST-01872,1,41.88,1,13,0,month-to-month,invoice,standard,1
CUST-01873,18,82.43,1,14,0,two-year,card,premium,0
CUST-01874,6,89.75,0,8,0,two-year,card,premium,0
CUST-01875,39,39.42,1,12,0,two-year,bank_transfer,standard,0
CUST-01876,7,29.8,1,4,0,one-year,bank_transfer,basic,0
CUST-01877,23,25.29,1,22,0,month-to-month,card,basic,0
CUST-01878,27,29.96,1,11,0,month-to-month,invoice,basic,1
CUST-01879,34,59.33,2,15,1,month-to-month,bank_transfer,standard,1
CUST-01880,56,16.89,0,14,1,one-year,card,basic,0
CUST-01881,9,43.78,1,14,1,month-to-month,bank_transfer,standard,1
CUST-01882,1,2.93,1,14,0,one-year,card,basic,0
CUST-01883,11,46.56,2,13,0,month-to-month,card,standard,1
CUST-01884,42,29.59,2,12,1,one-year,card,basic,1
CUST-01885,2,44.03,0,10,0,month-to-month,card,standard,0
CUST-01886,12,47.74,1,13,1,month-to-month,invoice,standard,1
CUST-01887,10,85.67,0,11,3,month-to-month,card,premium,1
CUST-01888,7,91.25,1,10,1,month-to-month,bank_transfer,premium,1
CUST-01889,50,56.72,2,16,1,two-year,bank_transfer,standard,0
CUST-01890,23,9.76,2,9,0,month-to-month,card,basic,0
CUST-01891,19,80.91,1,6,0,month-to-month,invoice,premium,0
CUST-01892,54,97.92,1,10,0,one-year,card,premium,0
CUST-01893,6,93.4,1,16,0,one-year,bank_transfer,premium,0
CUST-01894,5,47.44,0,14,0,month-to-month,bank_transfer,standard,1
CUST-01895,13,29.24,0,11,0,month-to-month,bank_transfer,basic,1
CUST-01896,23,40.81,0,15,0,month-to-month,card,standard,0
CUST-01897,35,24.59,1,12,0,one-year,invoice,basic,0
CUST-01898,2,18.59,0,6,0,month-to-month,invoice,basic,1
CUST-01899,34,22.64,4,14,1,month-to-month,card,basic,1
CUST-01900,10,34.68,1,14,1,month-to-month,bank_transfer,standard,1
CUST-01901,21,17.44,2,11,0,one-year,card,basic,0
CUST-01902,22,53.42,0,10,0,month-to-month,card,standard,1
CUST-01903,68,48.62,3,9,1,two-year,card,standard,1
CUST-01904,23,56.53,1,12,0,month-to-month,card,standard,0
CUST-01905,57,26.33,1,10,1,one-year,bank_transfer,basic,0
CUST-01906,6,83.25,1,16,0,month-to-month,card,premium,0
CUST-01907,22,53.94,2,6,0,month-to-month,card,standard,1
CUST-01908,29,43.04,0,14,0,month-to-month,card,standard,0
CUST-01909,36,49.32,3,11,0,two-year,card,standard,0
CUST-01910,26,22.94,1,9,0,two-year,bank_transfer,basic,0
CUST-01911,35,43.99,1,10,1,month-to-month,bank_transfer,standard,0
CUST-01912,5,23.72,0,16,0,month-to-month,card,basic,0
CUST-01913,29,85.97,1,15,0,two-year,card,premium,0
CUST-01914,31,15.52,1,14,0,month-to-month,card,basic,0
CUST-01915,32,93.24,2,18,0,month-to-month,bank_transfer,premium,0
CUST-01916,35,43.98,0,14,0,month-to-month,card,standard,0
CUST-01917,53,13.68,0,13,0,one-year,bank_transfer,basic,1
CUST-01918,3,55.25,3,15,1,one-year,bank_transfer,standard,0
CUST-01919,55,19.65,1,11,0,one-year,card,basic,0
CUST-01920,30,80.28,0,12,1,two-year,card,premium,0
CUST-01921,23,54.13,1,12,0,month-to-month,card,standard,1
CUST-01922,14,46.56,1,14,1,month-to-month,card,standard,1
CUST-01923,29,40.58,1,13,1,month-to-month,card,standard,0
CUST-01924,20,73.96,0,15,1,month-to-month,invoice,premium,0
CUST-01925,30,54.42,0,13,0,month-to-month,card,standard,0
CUST-01926,6,43.84,1,16,1,month-to-month,card,standard,1
CUST-01927,6,11.54,1,8,0,month-to-month,invoice,basic,0
CUST-01928,26,22.84,1,14,0,one-year,invoice,basic,0
CUST-01929,1,53.83,1,10,1,month-to-month,card,standard,1
CUST-01930,24,44.28,3,15,0,month-to-month,bank_transfer,standard,0
CUST-01931,17,94.48,5,11,1,one-year,card,premium,1
CUST-01932,33,61.33,0,7,0,one-year,invoice,standard,0
CUST-01933,4,57.08,2,15,0,one-year,bank_transfer,standard,1
CUST-01934,12,56.15,1,10,0,two-year,card,standard,0
CUST-01935,37,50.88,0,12,0,one-year,card,standard,0
CUST-01936,11,46.34,1,12,2,month-to-month,card,standard,0
CUST-01937,7,88.66,1,18,2,month-to-month,bank_transfer,premium,0
CUST-01938,13,21.64,2,7,0,one-year,card,basic,0
CUST-01939,7,41.45,0,12,0,month-to-month,bank_transfer,standard,0
CUST-01940,22,84.38,1,19,0,month-to-month,card,premium,0
CUST-01941,6,40.43,2,12,0,month-to-month,bank_transfer,standard,1
CUST-01942,13,20.41,2,13,0,month-to-month,card,basic,0
CUST-01943,24,49.5,2,13,0,month-to-month,invoice,standard,0
CUST-01944,18,15.08,1,13,0,month-to-month,card,basic,0
CUST-01945,43,23.92,2,8,0,two-year,card,basic,0
CUST-01946,18,42.73,2,9,0,two-year,card,standard,0
CUST-01947,33,84.86,3,10,1,month-to-month,bank_transfer,premium,1
CUST-01948,29,23.68,0,16,1,two-year,card,basic,0
CUST-01949,10,94.57,2,14,0,month-to-month,card,premium,1
CUST-01950,65,44.23,1,11,0,two-year,card,standard,0
CUST-01951,47,90.39,0,8,2,two-year,card,premium,1
CUST-01952,22,44.33,0,10,0,month-to-month,invoice,standard,0
CUST-01953,53,87.82,0,11,0,one-year,card,premium,0
CUST-01954,4,89.86,1,9,0,two-year,invoice,premium,0
CUST-01955,60,92.36,0,19,0,two-year,invoice,premium,0
CUST-01956,48,50.91,2,16,0,two-year,bank_transfer,standard,0
CUST-01957,21,20.64,0,10,0,one-year,card,basic,1
CUST-01958,9,12.53,2,10,0,month-to-month,bank_transfer,basic,0
CUST-01959,7,51.33,0,14,1,two-year,invoice,standard,0
CUST-01960,56,22.31,4,16,0,one-year,card,basic,0
CUST-01961,8,93.13,0,9,0,one-year,card,premium,0
CUST-01962,9,14.68,2,16,0,month-to-month,card,basic,1
CUST-01963,41,94.49,0,9,0,one-year,card,premium,0
CUST-01964,25,41.1,0,13,2,month-to-month,card,standard,0
CUST-01965,9,86.42,4,12,0,one-year,card,premium,1
CUST-01966,29,87.35,1,12,0,month-to-month,bank_transfer,premium,1
CUST-01967,30,41.43,0,11,0,one-year,card,standard,0
CUST-01968,61,47.26,4,14,1,two-year,card,standard,0
CUST-01969,3,20.33,0,13,0,month-to-month,invoice,basic,0
CUST-01970,1,78.05,0,9,0,month-to-month,card,premium,1
CUST-01971,22,86.63,1,8,0,month-to-month,card,premium,0
CUST-01972,10,8.51,1,10,0,two-year,card,basic,0
CUST-01973,31,31.25,2,11,0,one-year,card,basic,0
CUST-01974,1,50.27,1,9,0,month-to-month,bank_transfer,standard,0
CUST-01975,28,19.75,2,11,0,month-to-month,card,basic,0
CUST-01976,32,90.39,2,13,0,month-to-month,invoice,premium,1
CUST-01977,30,22.63,3,12,1,month-to-month,invoice,basic,1
CUST-01978,69,94.87,1,11,0,two-year,card,premium,0
CUST-01979,54,79.62,0,6,0,one-year,bank_transfer,premium,0
CUST-01980,15,96.86,2,13,1,month-to-month,bank_transfer,premium,1
CUST-01981,28,56.47,3,18,1,two-year,invoice,standard,0
CUST-01982,32,18.6,1,13,0,month-to-month,card,basic,0
CUST-01983,66,88.29,0,8,1,two-year,bank_transfer,premium,0
CUST-01984,35,30.38,0,8,0,month-to-month,card,standard,1
CUST-01985,46,81.54,1,11,1,one-year,card,premium,0
CUST-01986,14,22.11,0,12,0,two-year,invoice,basic,0
CUST-01987,34,26.2,0,17,0,month-to-month,card,basic,0
CUST-01988,56,93.37,0,13,0,one-year,card,premium,0
CUST-01989,47,88.55,1,9,0,two-year,card,premium,0
CUST-01990,30,30.56,0,8,1,month-to-month,invoice,basic,0
CUST-01991,20,55.03,5,15,0,month-to-month,card,standard,1
CUST-01992,56,16.64,0,14,0,one-year,card,basic,0
CUST-01993,3,62.09,0,10,1,month-to-month,bank_transfer,standard,0
CUST-01994,31,12.42,3,5,0,month-to-month,card,basic,0
CUST-01995,1,10.17,0,13,1,month-to-month,card,basic,1
CUST-01996,20,16.47,0,12,0,one-year,bank_transfer,basic,0
CUST-01997,4,14.45,1,10,0,month-to-month,invoice,basic,0
CUST-01998,17,46.81,3,13,2,month-to-month,bank_transfer,standard,0
CUST-01999,16,23.79,0,11,1,two-year,card,basic,0
CUST-02000,34,48.8,1,17,1,month-to-month,card,standard,1
CUST-02001,40,48.95,2,6,2,two-year,bank_transfer,standard,0
CUST-02002,32,49.35,0,15,1,month-to-month,card,standard,0
CUST-02003,20,35.13,1,13,1,two-year,bank_transfer,standard,0
CUST-02004,1,9.91,1,14,1,one-year,card,basic,0
CUST-02005,27,16.69,0,12,0,month-to-month,invoice,basic,0
CUST-02006,50,83.94,1,9,0,two-year,card,premium,1
CUST-02007,19,87.61,0,17,0,month-to-month,invoice,premium,1
CUST-02008,29,97.42,2,7,1,month-to-month,card,premium,1
CUST-02009,30,88.55,0,14,0,month-to-month,bank_transfer,premium,0
CUST-02010,35,41.07,0,11,0,one-year,card,standard,0
CUST-02011,34,84.24,0,16,0,month-to-month,bank_transfer,premium,1
CUST-02012,25,59.26,2,12,0,month-to-month,card,standard,0
CUST-02013,24,58.19,0,12,0,month-to-month,card,standard,0
CUST-02014,13,92.58,2,8,0,month-to-month,card,premium,1
CUST-02015,1,39.63,1,16,1,month-to-month,card,standard,1
CUST-02016,8,50.84,0,14,0,month-to-month,invoice,standard,0
CUST-02017,27,21.3,2,6,0,month-to-month,invoice,basic,0
CUST-02018,25,19.15,2,12,0,month-to-month,bank_transfer,basic,0
CUST-02019,19,15.58,3,13,1,one-year,card,basic,0
CUST-02020,22,86.82,0,15,1,month-to-month,card,premium,0
CUST-02021,11,45.16,1,14,0,one-year,card,standard,1
CUST-02022,9,12.13,2,15,0,month-to-month,card,basic,0
CUST-02023,34,57.2,3,15,1,month-to-month,bank_transfer,standard,1
CUST-02024,14,24.29,1,12,0,month-to-month,invoice,basic,1
CUST-02025,8,47.29,0,14,0,month-to-month,card,standard,0
CUST-02026,17,21.11,2,13,0,month-to-month,card,basic,0
CUST-02027,27,51.34,3,10,0,two-year,card,standard,0
CUST-02028,26,63.06,0,15,1,month-to-month,card,standard,1
CUST-02029,34,54.24,2,11,0,month-to-month,card,standard,0
CUST-02030,35,54.01,1,16,0,one-year,card,standard,0
CUST-02031,21,19.23,5,12,0,month-to-month,card,basic,0
CUST-02032,13,46.39,1,8,0,month-to-month,card,standard,0
CUST-02033,20,27.3,1,12,0,month-to-month,bank_transfer,basic,0
CUST-02034,11,52.91,1,11,0,month-to-month,invoice,standard,0
CUST-02035,1,44.02,2,11,1,month-to-month,card,standard,1
CUST-02036,51,51.72,2,9,0,one-year,card,standard,0
CUST-02037,30,94.02,0,11,1,two-year,card,premium,0
CUST-02038,17,6.43,2,17,1,month-to-month,bank_transfer,basic,1
CUST-02039,5,83.47,0,16,0,one-year,bank_transfer,premium,0
CUST-02040,50,21.18,0,10,0,one-year,bank_transfer,basic,0
CUST-02041,6,37.45,1,12,0,month-to-month,bank_transfer,standard,0
CUST-02042,24,78.4,0,18,1,one-year,invoice,premium,0
CUST-02043,50,47.38,1,10,0,one-year,card,standard,0
CUST-02044,32,91.95,1,23,0,two-year,card,premium,0
CUST-02045,67,92.23,1,10,0,two-year,card,premium,0
CUST-02046,7,28.49,1,12,1,month-to-month,card,basic,0
CUST-02047,25,89.49,1,13,1,month-to-month,card,premium,1
CUST-02048,35,86.76,1,16,0,month-to-month,invoice,premium,1
CUST-02049,19,41.16,2,19,0,month-to-month,bank_transfer,standard,1
CUST-02050,24,16.69,1,9,0,month-to-month,invoice,basic,0
CUST-02051,28,23.25,2,6,1,two-year,invoice,basic,0
CUST-02052,27,93.52,1,12,0,month-to-month,bank_transfer,premium,0
CUST-02053,32,90.59,2,8,0,month-to-month,invoice,premium,1
CUST-02054,50,92.28,0,10,0,two-year,bank_transfer,premium,0
CUST-02055,33,26.66,0,8,0,month-to-month,card,basic,0
CUST-02056,21,19.45,0,8,0,month-to-month,bank_transfer,basic,0
CUST-02057,41,57.2,1,9,0,two-year,invoice,standard,0
CUST-02058,10,14.64,0,12,0,month-to-month,bank_transfer,basic,1
CUST-02059,25,18.56,0,8,0,month-to-month,bank_transfer,basic,0
CUST-02060,31,16.12,0,14,0,month-to-month,card,basic,0
CUST-02061,46,23.76,1,8,0,two-year,invoice,basic,0
CUST-02062,8,12.91,0,8,0,month-to-month,card,basic,0
CUST-02063,19,47.07,0,11,0,month-to-month,bank_transfer,standard,0
CUST-02064,27,7.84,3,8,1,month-to-month,bank_transfer,basic,1
CUST-02065,33,52.57,1,15,0,month-to-month,bank_transfer,standard,0
CUST-02066,11,56.48,0,8,0,two-year,card,standard,0
CUST-02067,4,94.46,1,19,0,month-to-month,bank_transfer,premium,1
CUST-02068,29,53.88,0,16,1,two-year,card,standard,0
CUST-02069,4,54.04,2,9,0,month-to-month,card,standard,1
CUST-02070,35,53.2,1,5,0,month-to-month,card,standard,0
CUST-02071,30,52.69,2,14,0,two-year,bank_transfer,standard,0
CUST-02072,19,53.07,0,11,0,month-to-month,card,standard,0
CUST-02073,8,45.07,0,14,0,month-to-month,card,standard,0
CUST-02074,32,47.8,1,19,0,two-year,invoice,standard,0
CUST-02075,35,49.42,2,9,0,month-to-month,card,standard,1
CUST-02076,17,16.99,1,11,2,month-to-month,invoice,basic,1
CUST-02077,1,9.6,0,11,0,two-year,card,basic,0
CUST-02078,8,11.59,4,12,0,month-to-month,card,basic,1
CUST-02079,35,50.38,3,11,1,month-to-month,bank_transfer,standard,1
CUST-02080,35,54.43,2,19,0,month-to-month,card,standard,0
CUST-02081,7,49.06,1,14,0,month-to-month,invoice,standard,1
CUST-02082,22,35.59,0,17,0,month-to-month,card,basic,0
CUST-02083,4,13.48,0,9,0,one-year,invoice,basic,0
CUST-02084,20,21.67,1,15,0,month-to-month,card,basic,0
CUST-02085,7,56.75,2,13,0,one-year,invoice,standard,0
CUST-02086,29,25.39,1,9,0,month-to-month,card,basic,0
CUST-02087,33,22.93,2,11,1,month-to-month,bank_transfer,basic,1
CUST-02088,6,25.42,1,6,1,month-to-month,card,basic,1
CUST-02089,27,49.33,0,15,0,one-year,invoice,standard,0
CUST-02090,3,28.98,1,16,0,month-to-month,card,basic,1
CUST-02091,12,56.7,1,18,0,month-to-month,card,standard,0
CUST-02092,4,43.89,2,12,0,two-year,bank_transfer,standard,0
CUST-02093,15,90.93,0,19,1,one-year,card,premium,0
CUST-02094,35,39.72,3,12,0,month-to-month,bank_transfer,standard,0
CUST-02095,3,28.13,1,16,1,two-year,bank_transfer,basic,0
CUST-02096,30,20.35,1,16,1,month-to-month,card,basic,0
CUST-02097,2,57.09,2,19,0,month-to-month,bank_transfer,standard,0
CUST-02098,19,18.34,1,12,1,month-to-month,card,basic,0
CUST-02099,16,77.86,0,13,0,month-to-month,bank_transfer,premium,0
CUST-02100,33,64.82,3,8,2,month-to-month,card,standard,0
CUST-02101,11,19.79,0,11,1,one-year,card,basic,0
CUST-02102,6,13.0,1,15,0,month-to-month,invoice,basic,1
CUST-02103,53,95.87,3,7,0,two-year,invoice,premium,0
CUST-02104,52,101.22,2,8,0,two-year,invoice,premium,0
CUST-02105,41,87.79,1,9,0,one-year,bank_transfer,premium,0
CUST-02106,1,18.4,1,14,1,one-year,card,basic,1
CUST-02107,15,50.43,1,10,0,one-year,card,standard,0
CUST-02108,60,12.33,4,11,0,two-year,card,basic,0
CUST-02109,21,14.86,0,12,0,month-to-month,bank_transfer,basic,0
CUST-02110,21,59.69,3,13,0,month-to-month,card,standard,0
CUST-02111,10,88.21,0,14,0,month-to-month,invoice,premium,1
CUST-02112,9,43.97,0,12,0,month-to-month,card,standard,0
CUST-02113,34,46.29,1,11,0,month-to-month,card,standard,1
CUST-02114,43,25.44,1,14,1,one-year,invoice,basic,0
CUST-02115,4,37.14,0,13,1,month-to-month,card,standard,1
CUST-02116,67,20.53,1,16,1,two-year,card,basic,0
CUST-02117,20,103.77,0,15,0,month-to-month,bank_transfer,premium,1
CUST-02118,12,31.19,0,18,0,month-to-month,invoice,basic,0
CUST-02119,14,52.44,0,11,0,month-to-month,card,standard,1
CUST-02120,26,26.9,1,13,0,month-to-month,card,basic,0
CUST-02121,13,56.84,2,14,0,month-to-month,card,standard,0
CUST-02122,20,18.24,2,8,0,month-to-month,bank_transfer,basic,1
CUST-02123,25,54.55,1,11,0,month-to-month,card,standard,0
CUST-02124,7,59.73,1,12,0,month-to-month,bank_transfer,standard,1
CUST-02125,33,41.42,2,12,1,month-to-month,card,standard,0
CUST-02126,12,92.46,1,17,1,month-to-month,invoice,premium,1
CUST-02127,15,21.17,1,10,0,month-to-month,bank_transfer,basic,0
CUST-02128,25,49.62,2,8,0,month-to-month,bank_transfer,standard,1
CUST-02129,21,89.09,1,14,0,month-to-month,card,premium,0
CUST-02130,15,20.39,0,10,2,month-to-month,card,basic,1
CUST-02131,23,90.89,1,17,0,month-to-month,card,premium,0
CUST-02132,54,95.71,0,10,1,one-year,bank_transfer,premium,0
CUST-02133,57,91.86,2,11,1,two-year,card,premium,0
CUST-02134,59,47.93,0,13,0,two-year,card,standard,0
CUST-02135,9,43.96,1,16,0,month-to-month,card,standard,0
CUST-02136,15,46.17,1,16,0,month-to-month,card,standard,1
CUST-02137,19,50.57,3,16,0,month-to-month,card,standard,0
CUST-02138,2,84.76,1,8,0,one-year,bank_transfer,premium,0
CUST-02139,46,24.68,4,17,0,one-year,bank_transfer,basic,0
CUST-02140,23,51.58,1,12,0,two-year,card,standard,0
CUST-02141,20,55.86,4,15,0,two-year,bank_transfer,standard,0
CUST-02142,9,15.17,2,16,0,month-to-month,card,basic,0
CUST-02143,17,44.01,0,12,0,one-year,invoice,standard,0
CUST-02144,24,55.82,1,12,0,two-year,bank_transfer,standard,0
CUST-02145,21,49.78,3,14,1,month-to-month,card,standard,0
CUST-02146,42,87.78,1,19,0,two-year,bank_transfer,premium,0
CUST-02147,9,23.19,1,8,1,month-to-month,card,basic,0
CUST-02148,14,92.97,2,9,1,two-year,card,premium,0
CUST-02149,49,41.47,5,10,0,one-year,card,standard,1
CUST-02150,3,97.31,1,9,0,month-to-month,invoice,premium,1
CUST-02151,30,16.54,0,14,1,one-year,invoice,basic,0
CUST-02152,18,59.2,1,14,0,month-to-month,bank_transfer,standard,1
CUST-02153,34,81.0,1,9,0,one-year,invoice,premium,0
CUST-02154,53,20.9,0,15,2,one-year,card,basic,0
CUST-02155,37,47.89,0,10,0,one-year,bank_transfer,standard,0
CUST-02156,70,37.15,1,14,0,two-year,card,standard,0
CUST-02157,31,52.95,1,16,0,month-to-month,card,standard,0
CUST-02158,7,77.46,2,12,1,month-to-month,invoice,premium,1
CUST-02159,8,47.25,0,7,0,month-to-month,invoice,standard,1
CUST-02160,12,95.63,1,17,0,month-to-month,invoice,premium,0
CUST-02161,14,45.82,1,17,0,month-to-month,bank_transfer,standard,1
CUST-02162,19,43.58,0,13,1,month-to-month,card,standard,0
CUST-02163,8,93.8,0,8,1,month-to-month,bank_transfer,premium,1
CUST-02164,8,47.5,0,9,0,month-to-month,card,standard,0
CUST-02165,27,16.57,0,10,0,two-year,invoice,basic,0
CUST-02166,24,26.65,0,18,0,month-to-month,card,basic,0
CUST-02167,49,42.0,3,8,0,two-year,invoice,standard,0
CUST-02168,35,46.24,0,9,0,month-to-month,bank_transfer,standard,0
CUST-02169,7,54.2,1,18,0,month-to-month,card,standard,1
CUST-02170,14,41.61,2,16,1,month-to-month,card,standard,1
CUST-02171,34,99.65,3,14,0,month-to-month,card,premium,1
CUST-02172,24,17.7,0,12,1,month-to-month,card,basic,1
CUST-02173,21,54.25,1,15,0,month-to-month,invoice,standard,1
CUST-02174,19,54.23,1,13,0,month-to-month,card,standard,1
CUST-02175,2,18.09,0,11,0,month-to-month,card,basic,1
CUST-02176,53,46.13,2,12,0,one-year,card,standard,0
CUST-02177,22,48.74,0,14,0,month-to-month,card,standard,0
CUST-02178,41,93.28,1,13,1,two-year,card,premium,0
CUST-02179,19,43.08,0,14,1,month-to-month,invoice,standard,0
CUST-02180,28,11.78,1,11,0,two-year,bank_transfer,basic,0
CUST-02181,15,57.91,0,10,0,one-year,invoice,standard,1
CUST-02182,54,84.59,1,26,0,two-year,card,premium,0
CUST-02183,36,51.12,2,16,0,two-year,card,standard,0
CUST-02184,1,17.79,0,12,0,month-to-month,card,basic,1
CUST-02185,14,88.05,3,12,2,month-to-month,card,premium,1
CUST-02186,33,27.58,1,12,1,month-to-month,card,basic,0
CUST-02187,26,18.49,2,12,0,two-year,card,basic,0
CUST-02188,24,46.86,3,11,1,one-year,bank_transfer,standard,0
CUST-02189,22,47.38,0,15,0,month-to-month,card,standard,1
CUST-02190,57,85.98,2,7,0,two-year,bank_transfer,premium,0
CUST-02191,24,14.98,3,8,0,month-to-month,bank_transfer,basic,0
CUST-02192,51,46.0,1,4,0,one-year,bank_transfer,standard,0
CUST-02193,6,58.98,1,12,0,one-year,card,standard,0
CUST-02194,33,93.27,2,5,1,month-to-month,bank_transfer,premium,1
CUST-02195,54,86.93,1,14,2,one-year,card,premium,0
CUST-02196,37,54.89,1,7,0,two-year,card,standard,0
CUST-02197,22,9.48,0,18,0,month-to-month,card,basic,1
CUST-02198,7,27.25,1,17,1,month-to-month,card,basic,1
CUST-02199,16,96.77,3,14,0,month-to-month,card,premium,1
CUST-02200,12,62.42,0,11,0,one-year,bank_transfer,standard,0
CUST-02201,1,55.07,0,12,0,month-to-month,bank_transfer,standard,1
CUST-02202,70,91.62,0,7,0,two-year,card,premium,0
CUST-02203,18,96.75,2,11,0,two-year,card,premium,1
CUST-02204,21,45.25,1,8,0,month-to-month,card,standard,1
CUST-02205,10,86.63,1,11,0,month-to-month,invoice,premium,1
CUST-02206,22,18.61,0,13,0,one-year,card,basic,0
CUST-02207,23,57.21,0,10,0,one-year,card,standard,0
CUST-02208,12,83.86,1,11,0,month-to-month,card,premium,0
CUST-02209,22,13.23,1,13,0,month-to-month,bank_transfer,basic,0
CUST-02210,34,20.42,0,18,0,month-to-month,card,basic,0
CUST-02211,30,53.31,2,7,0,two-year,card,standard,0
CUST-02212,35,44.78,1,8,1,month-to-month,card,standard,0
CUST-02213,48,23.02,1,9,1,two-year,bank_transfer,basic,0
CUST-02214,21,27.21,1,14,1,month-to-month,card,basic,1
CUST-02215,17,26.2,2,15,1,two-year,invoice,basic,0
CUST-02216,2,21.12,1,13,1,month-to-month,invoice,basic,1
CUST-02217,30,88.46,1,10,0,month-to-month,bank_transfer,premium,0
CUST-02218,41,59.41,3,14,0,two-year,invoice,standard,0
CUST-02219,29,49.09,1,10,0,two-year,invoice,standard,0
CUST-02220,29,24.64,0,15,1,month-to-month,card,basic,0
CUST-02221,11,60.75,3,11,1,month-to-month,bank_transfer,standard,1
CUST-02222,28,24.01,0,12,1,month-to-month,bank_transfer,basic,0
CUST-02223,11,83.02,0,13,0,month-to-month,bank_transfer,premium,1
CUST-02224,33,81.57,1,10,2,month-to-month,bank_transfer,premium,0
CUST-02225,19,47.21,0,8,0,two-year,invoice,standard,0
CUST-02226,4,93.26,0,13,0,month-to-month,invoice,premium,1
CUST-02227,41,21.67,1,21,0,one-year,card,basic,0
CUST-02228,5,32.24,2,1,0,month-to-month,bank_transfer,basic,1
CUST-02229,34,51.61,3,15,0,month-to-month,bank_transfer,standard,0
CUST-02230,39,17.04,0,14,0,one-year,invoice,basic,0
CUST-02231,8,82.2,0,13,1,month-to-month,card,premium,0
CUST-02232,12,26.08,3,14,0,one-year,card,basic,0
CUST-02233,33,48.96,2,11,2,month-to-month,card,standard,1
CUST-02234,43,9.96,0,9,2,two-year,card,basic,0
CUST-02235,53,19.13,1,11,0,one-year,card,basic,0
CUST-02236,7,43.03,1,11,0,two-year,card,standard,0
CUST-02237,33,86.45,1,9,0,month-to-month,card,premium,0
CUST-02238,18,49.04,3,15,1,month-to-month,invoice,standard,1
CUST-02239,24,43.57,2,9,0,month-to-month,card,standard,0
CUST-02240,13,16.07,1,14,2,month-to-month,card,basic,0
CUST-02241,2,14.54,1,15,0,month-to-month,bank_transfer,basic,0
CUST-02242,34,14.7,2,9,0,month-to-month,card,basic,0
CUST-02243,35,82.95,0,10,0,month-to-month,bank_transfer,premium,1
CUST-02244,13,16.1,0,8,1,month-to-month,invoice,basic,1
CUST-02245,33,13.63,0,12,1,month-to-month,card,basic,0
CUST-02246,6,52.52,0,9,0,month-to-month,card,standard,1
CUST-02247,5,50.2,1,15,1,month-to-month,card,standard,1
CUST-02248,4,56.17,3,10,1,one-year,card,standard,0
CUST-02249,14,30.32,1,14,1,month-to-month,bank_transfer,basic,1
CUST-02250,1,53.06,0,7,3,month-to-month,card,standard,1
CUST-02251,14,51.7,0,10,0,month-to-month,card,standard,0
CUST-02252,8,23.44,0,7,0,one-year,card,basic,0
CUST-02253,26,51.8,3,10,0,month-to-month,card,standard,1
CUST-02254,50,19.3,4,12,0,one-year,card,basic,0
CUST-02255,49,88.82,1,14,0,two-year,bank_transfer,premium,0
CUST-02256,7,82.87,0,12,0,month-to-month,card,premium,1
CUST-02257,55,24.03,3,5,0,two-year,bank_transfer,basic,0
CUST-02258,14,48.81,0,14,1,one-year,invoice,standard,0
CUST-02259,27,57.7,0,9,0,month-to-month,bank_transfer,standard,0
CUST-02260,20,94.49,4,5,0,month-to-month,card,premium,1
CUST-02261,22,45.24,1,9,1,one-year,card,standard,0
CUST-02262,6,56.48,0,9,0,two-year,bank_transfer,standard,0
CUST-02263,29,3.64,1,4,0,month-to-month,bank_transfer,basic,1
CUST-02264,33,30.58,2,14,0,month-to-month,invoice,basic,1
CUST-02265,39,40.97,2,8,0,one-year,card,standard,1
CUST-02266,34,51.97,2,13,0,month-to-month,card,standard,1
CUST-02267,56,91.56,0,10,1,one-year,card,premium,0
CUST-02268,7,95.74,0,12,1,month-to-month,invoice,premium,1
CUST-02269,43,47.03,0,7,0,one-year,bank_transfer,standard,0
CUST-02270,25,36.13,1,9,0,two-year,invoice,standard,0
CUST-02271,29,87.04,2,5,0,one-year,bank_transfer,premium,0
CUST-02272,9,87.69,1,19,0,one-year,invoice,premium,0
CUST-02273,58,76.7,1,6,0,one-year,bank_transfer,premium,0
CUST-02274,52,89.27,0,8,0,two-year,invoice,premium,0
CUST-02275,19,42.54,4,9,0,two-year,invoice,standard,0
CUST-02276,13,52.89,0,12,0,month-to-month,invoice,standard,1
CUST-02277,25,47.52,3,9,0,one-year,invoice,standard,1
CUST-02278,26,30.77,1,9,0,month-to-month,bank_transfer,basic,1
CUST-02279,66,47.46,1,11,0,two-year,bank_transfer,standard,0
CUST-02280,19,51.58,1,15,0,one-year,bank_transfer,standard,1
CUST-02281,17,47.72,2,11,0,month-to-month,bank_transfer,standard,0
CUST-02282,21,9.26,1,18,1,month-to-month,bank_transfer,basic,0
CUST-02283,14,47.77,0,11,0,month-to-month,bank_transfer,standard,0
CUST-02284,30,53.52,3,12,0,one-year,card,standard,0
CUST-02285,3,52.61,1,12,0,month-to-month,bank_transfer,standard,1
CUST-02286,6,17.24,1,17,1,month-to-month,invoice,basic,1
CUST-02287,28,40.26,2,9,1,two-year,bank_transfer,standard,1
CUST-02288,54,22.87,2,11,1,one-year,card,basic,0
CUST-02289,12,21.52,2,16,0,month-to-month,invoice,basic,0
CUST-02290,8,24.06,2,10,0,month-to-month,bank_transfer,basic,1
CUST-02291,53,87.36,0,13,0,two-year,card,premium,0
CUST-02292,56,38.89,2,8,0,one-year,bank_transfer,standard,0
CUST-02293,27,52.2,2,17,3,one-year,bank_transfer,standard,0
CUST-02294,1,88.95,0,15,0,month-to-month,bank_transfer,premium,0
CUST-02295,24,57.35,1,19,1,month-to-month,card,standard,0
CUST-02296,14,89.17,1,16,0,month-to-month,card,premium,1
CUST-02297,40,18.73,0,10,0,one-year,invoice,basic,0
CUST-02298,9,21.5,1,12,0,month-to-month,invoice,basic,1
CUST-02299,1,15.42,2,9,1,month-to-month,card,basic,1
CUST-02300,20,45.13,0,10,0,one-year,invoice,standard,0
CUST-02301,50,88.41,0,14,0,two-year,card,premium,0
CUST-02302,23,43.48,1,14,0,one-year,card,standard,0
CUST-02303,7,47.63,0,7,0,month-to-month,bank_transfer,standard,0
CUST-02304,16,30.64,0,15,0,month-to-month,card,basic,0
CUST-02305,27,95.26,1,13,0,month-to-month,card,premium,1
CUST-02306,4,50.85,1,11,0,month-to-month,invoice,standard,1
CUST-02307,24,28.31,2,13,1,month-to-month,bank_transfer,basic,1
CUST-02308,24,84.05,1,16,1,month-to-month,card,premium,1
CUST-02309,22,63.94,2,13,0,one-year,card,standard,0
CUST-02310,69,16.24,2,14,1,two-year,bank_transfer,basic,0
CUST-02311,64,31.02,1,16,0,two-year,bank_transfer,basic,0
CUST-02312,11,31.0,0,11,1,month-to-month,card,basic,1
CUST-02313,1,78.48,1,9,1,month-to-month,card,premium,1
CUST-02314,11,57.8,2,10,0,month-to-month,bank_transfer,standard,1
CUST-02315,7,87.3,2,17,0,month-to-month,bank_transfer,premium,1
CUST-02316,19,15.59,2,15,0,month-to-month,invoice,basic,1
CUST-02317,33,52.15,2,10,0,month-to-month,card,standard,1
CUST-02318,52,42.95,2,9,0,one-year,invoice,standard,0
CUST-02319,11,52.01,2,10,1,month-to-month,invoice,standard,1
CUST-02320,30,43.36,1,15,2,two-year,card,standard,0
CUST-02321,1,50.06,0,12,1,month-to-month,card,standard,1
CUST-02322,19,57.01,1,14,1,month-to-month,bank_transfer,standard,0
CUST-02323,2,91.32,4,12,1,month-to-month,invoice,premium,1
CUST-02324,33,16.84,1,23,1,month-to-month,card,basic,0
CUST-02325,31,52.25,0,18,0,month-to-month,card,standard,0
CUST-02326,15,40.56,0,14,0,two-year,bank_transfer,standard,0
CUST-02327,25,13.97,2,13,1,month-to-month,invoice,basic,1
CUST-02328,20,16.42,3,5,0,month-to-month,card,basic,1
CUST-02329,48,93.72,1,9,1,one-year,card,premium,0
CUST-02330,17,21.43,2,11,3,month-to-month,card,basic,1
CUST-02331,11,22.21,1,11,1,one-year,invoice,basic,0
CUST-02332,23,48.84,1,8,0,month-to-month,bank_transfer,standard,1
CUST-02333,5,14.27,3,19,0,two-year,card,basic,0
CUST-02334,21,27.93,3,10,0,month-to-month,invoice,basic,1
CUST-02335,7,14.81,0,10,0,month-to-month,bank_transfer,basic,0
CUST-02336,41,21.51,0,17,0,one-year,invoice,basic,0
CUST-02337,59,48.33,0,8,0,two-year,card,standard,0
CUST-02338,3,92.38,1,11,1,month-to-month,card,premium,1
CUST-02339,24,15.37,2,9,0,one-year,card,basic,1
CUST-02340,26,55.32,0,17,2,month-to-month,card,standard,1
CUST-02341,5,57.27,1,13,1,month-to-month,invoice,standard,1
CUST-02342,20,24.95,1,15,1,month-to-month,bank_transfer,basic,1
CUST-02343,40,49.95,0,16,0,one-year,card,standard,0
CUST-02344,12,16.39,0,9,2,month-to-month,bank_transfer,basic,1
CUST-02345,49,35.93,3,14,0,one-year,bank_transfer,basic,0
CUST-02346,18,13.05,0,15,0,month-to-month,bank_transfer,basic,0
CUST-02347,45,24.29,1,11,0,two-year,card,basic,0
CUST-02348,10,91.0,1,10,0,two-year,invoice,premium,0
CUST-02349,1,88.62,1,9,1,month-to-month,bank_transfer,premium,1
CUST-02350,1,90.11,1,16,0,month-to-month,invoice,premium,1
CUST-02351,32,15.94,0,10,0,month-to-month,bank_transfer,basic,0
CUST-02352,63,51.56,0,12,0,two-year,bank_transfer,standard,0
CUST-02353,29,50.9,0,13,0,month-to-month,card,standard,1
CUST-02354,7,35.07,3,12,0,month-to-month,bank_transfer,basic,1
CUST-02355,18,95.42,2,8,0,month-to-month,card,premium,1
CUST-02356,47,52.1,0,10,1,one-year,invoice,standard,1
CUST-02357,24,22.45,1,8,0,month-to-month,card,basic,0
CUST-02358,4,100.04,0,11,1,month-to-month,card,premium,0
CUST-02359,64,13.18,1,13,1,two-year,bank_transfer,basic,0
CUST-02360,5,47.9,1,13,1,month-to-month,bank_transfer,standard,0
CUST-02361,12,7.56,2,9,0,two-year,bank_transfer,basic,1
CUST-02362,32,22.35,0,13,0,month-to-month,bank_transfer,basic,0
CUST-02363,17,94.09,2,12,0,month-to-month,bank_transfer,premium,0
CUST-02364,26,43.03,1,13,1,two-year,invoice,standard,0
CUST-02365,33,27.61,0,16,0,one-year,card,basic,0
CUST-02366,58,44.69,1,15,1,one-year,bank_transfer,standard,0
CUST-02367,4,86.95,2,12,1,month-to-month,invoice,premium,1
CUST-02368,27,89.72,0,9,2,month-to-month,card,premium,1
CUST-02369,12,98.57,2,11,1,month-to-month,card,premium,1
CUST-02370,4,83.85,0,13,0,month-to-month,card,premium,1
CUST-02371,15,50.75,2,12,0,month-to-month,bank_transfer,standard,1
CUST-02372,19,23.65,1,9,0,month-to-month,bank_transfer,basic,0
CUST-02373,7,92.41,0,9,2,month-to-month,card,premium,1
CUST-02374,14,22.63,0,17,0,month-to-month,card,basic,0
CUST-02375,22,23.57,1,11,1,month-to-month,card,basic,1
CUST-02376,20,45.67,1,14,1,month-to-month,card,standard,1
CUST-02377,52,29.13,2,16,0,two-year,card,basic,0
CUST-02378,50,48.33,0,11,0,one-year,bank_transfer,standard,0
CUST-02379,14,87.54,0,16,0,month-to-month,invoice,premium,1
CUST-02380,25,57.09,1,12,1,one-year,bank_transfer,standard,0
CUST-02381,35,45.22,1,14,0,two-year,invoice,standard,0
CUST-02382,20,50.92,2,8,0,month-to-month,invoice,standard,1
CUST-02383,3,44.66,1,15,1,month-to-month,bank_transfer,standard,1
CUST-02384,11,34.12,1,13,0,month-to-month,bank_transfer,basic,0
CUST-02385,6,32.85,4,13,2,month-to-month,invoice,basic,1
CUST-02386,23,48.34,1,19,0,one-year,bank_transfer,standard,0
CUST-02387,70,52.12,1,12,0,two-year,card,standard,0
CUST-02388,20,49.03,0,9,0,month-to-month,card,standard,0
CUST-02389,25,16.91,0,15,0,one-year,bank_transfer,basic,0
CUST-02390,20,19.72,2,7,2,month-to-month,invoice,basic,1
CUST-02391,40,48.76,0,18,2,one-year,bank_transfer,standard,0
CUST-02392,26,39.88,1,14,0,one-year,card,standard,0
CUST-02393,16,50.58,0,10,0,month-to-month,bank_transfer,standard,0
CUST-02394,25,88.75,3,9,0,month-to-month,invoice,premium,1
CUST-02395,3,50.87,3,14,1,one-year,bank_transfer,standard,0
CUST-02396,38,18.53,0,14,1,two-year,card,basic,0
CUST-02397,19,46.84,1,16,1,month-to-month,card,standard,1
CUST-02398,27,24.25,0,9,1,month-to-month,card,basic,0
CUST-02399,35,22.2,0,9,1,month-to-month,invoice,basic,0
CUST-02400,47,57.38,1,15,0,one-year,card,standard,0
CUST-02401,30,21.97,1,9,1,one-year,invoice,basic,0
CUST-02402,10,17.81,4,7,1,one-year,card,basic,0
CUST-02403,35,92.7,0,10,0,one-year,invoice,premium,0
CUST-02404,60,37.12,0,16,0,two-year,card,standard,0
CUST-02405,67,101.62,1,14,0,two-year,bank_transfer,premium,0
CUST-02406,29,90.65,2,12,0,month-to-month,bank_transfer,premium,1
CUST-02407,11,32.11,3,14,0,one-year,bank_transfer,basic,0
CUST-02408,25,43.78,0,15,2,month-to-month,bank_transfer,standard,1
CUST-02409,31,12.29,1,12,1,month-to-month,card,basic,0
CUST-02410,49,51.19,2,11,0,two-year,card,standard,0
CUST-02411,41,21.18,0,14,1,one-year,card,basic,0
CUST-02412,36,21.03,0,15,1,two-year,bank_transfer,basic,0
CUST-02413,22,20.11,1,8,0,month-to-month,bank_transfer,basic,0
CUST-02414,10,45.23,0,16,0,month-to-month,card,standard,0
CUST-02415,3,10.09,1,13,0,month-to-month,bank_transfer,basic,0
CUST-02416,29,50.7,1,13,0,month-to-month,card,standard,1
CUST-02417,33,81.3,1,12,0,month-to-month,card,premium,0
CUST-02418,30,40.74,1,8,0,month-to-month,card,standard,0
CUST-02419,12,46.72,2,17,0,month-to-month,bank_transfer,standard,0
CUST-02420,6,21.58,2,12,2,two-year,card,basic,1
CUST-02421,10,100.93,0,5,2,month-to-month,invoice,premium,1
CUST-02422,30,54.88,2,13,1,month-to-month,bank_transfer,standard,0
CUST-02423,39,57.6,0,12,0,one-year,bank_transfer,standard,0
CUST-02424,34,92.92,0,13,0,month-to-month,card,premium,0
CUST-02425,24,21.2,1,16,0,two-year,bank_transfer,basic,0
CUST-02426,33,64.03,3,12,0,one-year,invoice,standard,0
CUST-02427,28,11.06,1,10,0,month-to-month,bank_transfer,basic,0
CUST-02428,14,16.52,0,12,0,one-year,card,basic,0
CUST-02429,57,16.99,1,15,0,one-year,card,basic,0
CUST-02430,35,54.36,0,13,0,one-year,card,standard,0
CUST-02431,1,13.13,3,13,0,two-year,card,basic,0
CUST-02432,1,53.58,2,8,1,one-year,bank_transfer,standard,1
CUST-02433,52,92.48,1,11,0,one-year,card,premium,0
CUST-02434,23,93.88,2,17,0,month-to-month,invoice,premium,1
CUST-02435,45,23.77,1,20,1,one-year,card,basic,0
CUST-02436,56,58.23,4,20,0,two-year,bank_transfer,standard,0
CUST-02437,25,18.7,0,5,0,one-year,invoice,basic,0
CUST-02438,47,52.18,2,12,1,one-year,card,standard,0
CUST-02439,33,14.58,1,13,1,month-to-month,card,basic,1
CUST-02440,10,43.21,0,17,0,one-year,bank_transfer,standard,0
CUST-02441,55,29.59,3,9,0,two-year,card,basic,0
CUST-02442,11,44.13,1,10,0,month-to-month,bank_transfer,standard,0
CUST-02443,11,22.85,1,13,1,month-to-month,invoice,basic,0
CUST-02444,14,22.19,1,10,1,month-to-month,bank_transfer,basic,1
CUST-02445,31,56.05,0,10,0,month-to-month,invoice,standard,0
CUST-02446,1,9.05,1,17,0,one-year,card,basic,0
CUST-02447,15,54.35,1,13,0,month-to-month,card,standard,0
CUST-02448,24,48.65,1,7,1,month-to-month,card,standard,0
CUST-02449,6,45.4,2,14,0,one-year,bank_transfer,standard,0
CUST-02450,47,47.5,3,7,0,one-year,card,standard,0
CUST-02451,56,55.22,3,9,1,one-year,card,standard,0
CUST-02452,5,93.39,0,10,0,one-year,invoice,premium,0
CUST-02453,9,18.23,2,15,0,one-year,card,basic,0
CUST-02454,58,42.17,2,7,0,one-year,card,standard,0
CUST-02455,11,42.59,1,15,0,one-year,card,standard,0
CUST-02456,2,23.52,2,17,0,month-to-month,card,basic,0
CUST-02457,57,11.33,1,13,1,one-year,card,basic,0
CUST-02458,32,18.29,1,12,1,month-to-month,card,basic,0
CUST-02459,23,65.09,0,10,1,month-to-month,card,standard,0
CUST-02460,19,21.76,1,6,0,month-to-month,invoice,basic,0
CUST-02461,66,53.45,0,15,0,two-year,card,standard,0
CUST-02462,39,42.63,1,15,0,one-year,bank_transfer,standard,0
CUST-02463,23,41.64,0,8,0,month-to-month,bank_transfer,standard,0
CUST-02464,50,23.77,1,11,0,one-year,bank_transfer,basic,0
CUST-02465,23,47.31,1,7,0,month-to-month,invoice,standard,0
CUST-02466,30,56.04,1,18,0,one-year,card,standard,0
CUST-02467,28,19.86,1,13,1,two-year,card,basic,0
CUST-02468,30,40.34,0,11,0,one-year,card,basic,0
CUST-02469,31,16.17,1,11,0,one-year,card,basic,0
CUST-02470,12,91.33,3,8,2,month-to-month,invoice,premium,1
CUST-02471,16,14.24,1,13,0,month-to-month,bank_transfer,basic,0
CUST-02472,57,25.79,2,11,1,two-year,card,basic,0
CUST-02473,24,22.24,2,11,0,one-year,card,basic,0
CUST-02474,1,13.83,2,13,0,month-to-month,invoice,basic,0
CUST-02475,10,47.7,0,13,2,month-to-month,bank_transfer,standard,1
CUST-02476,8,57.83,0,11,0,month-to-month,card,standard,0
CUST-02477,28,57.11,2,17,1,month-to-month,invoice,standard,0
CUST-02478,16,81.11,2,12,0,month-to-month,bank_transfer,premium,1
CUST-02479,10,16.8,1,10,1,month-to-month,card,basic,0
CUST-02480,58,60.53,0,14,0,two-year,card,standard,0
CUST-02481,1,48.6,0,11,0,month-to-month,bank_transfer,standard,0
CUST-02482,6,50.7,2,19,1,month-to-month,card,standard,1
CUST-02483,29,95.76,1,11,0,month-to-month,invoice,premium,0
CUST-02484,19,11.61,0,13,0,month-to-month,bank_transfer,basic,0
CUST-02485,55,43.96,3,11,0,two-year,bank_transfer,standard,0
CUST-02486,30,47.66,0,13,2,month-to-month,bank_transfer,standard,0
CUST-02487,56,26.83,1,15,0,one-year,invoice,basic,0
CUST-02488,4,95.72,0,8,0,two-year,card,premium,0
CUST-02489,28,23.92,2,7,0,month-to-month,card,basic,0
CUST-02490,42,18.77,1,10,0,one-year,bank_transfer,basic,0
CUST-02491,14,56.38,1,14,0,two-year,card,standard,0
CUST-02492,33,48.68,3,8,0,month-to-month,bank_transfer,standard,1
CUST-02493,14,93.07,2,19,1,month-to-month,bank_transfer,premium,1
CUST-02494,63,95.07,0,9,0,two-year,card,premium,0
CUST-02495,43,29.78,2,8,1,two-year,card,basic,0
CUST-02496,18,49.26,2,13,0,month-to-month,bank_transfer,standard,1
CUST-02497,9,87.42,2,10,0,one-year,card,premium,0
CUST-02498,32,27.37,2,12,1,month-to-month,card,basic,1
CUST-02499,40,57.83,1,9,0,two-year,card,standard,0
CUST-02500,1,86.34,2,16,0,month-to-month,card,premium,1
CUST-02501,1,12.97,0,12,0,month-to-month,bank_transfer,basic,1
CUST-02502,46,96.91,1,13,0,one-year,invoice,premium,0
CUST-02503,11,39.75,4,18,0,two-year,bank_transfer,standard,0
CUST-02504,43,79.44,2,6,0,two-year,bank_transfer,premium,1
CUST-02505,24,47.99,0,4,1,month-to-month,card,standard,0
CUST-02506,10,49.61,0,11,0,month-to-month,invoice,standard,0
CUST-02507,40,42.64,4,12,0,two-year,invoice,standard,0
CUST-02508,17,20.33,2,17,0,two-year,invoice,basic,0
CUST-02509,34,50.6,1,13,0,month-to-month,card,standard,0
CUST-02510,51,86.12,0,14,0,one-year,card,premium,0
CUST-02511,10,101.2,0,16,0,month-to-month,card,premium,0
CUST-02512,19,91.58,0,14,1,month-to-month,card,premium,1
CUST-02513,18,55.77,3,9,1,month-to-month,card,standard,1
CUST-02514,34,40.26,1,9,1,month-to-month,invoice,standard,1
CUST-02515,14,40.21,1,6,1,month-to-month,card,standard,1
CUST-02516,40,51.76,4,12,1,two-year,card,standard,0
CUST-02517,33,60.13,1,17,0,month-to-month,invoice,standard,0
CUST-02518,5,12.94,1,11,0,month-to-month,invoice,basic,1
CUST-02519,19,19.86,4,6,0,month-to-month,card,basic,0
CUST-02520,3,41.59,0,8,0,month-to-month,card,standard,1
CUST-02521,22,14.69,1,16,1,month-to-month,invoice,basic,0
CUST-02522,21,20.16,2,12,0,one-year,invoice,basic,0
CUST-02523,34,16.04,0,8,3,month-to-month,bank_transfer,basic,1
CUST-02524,24,81.17,0,12,1,one-year,card,premium,0
CUST-02525,9,81.03,1,11,1,two-year,bank_transfer,premium,0
CUST-02526,30,37.68,1,14,0,month-to-month,bank_transfer,standard,1
CUST-02527,59,91.86,2,11,0,two-year,card,premium,0
CUST-02528,50,92.59,1,17,0,two-year,card,premium,0
CUST-02529,53,22.56,0,13,0,two-year,invoice,basic,0
CUST-02530,15,13.54,1,12,0,one-year,bank_transfer,basic,0
CUST-02531,38,25.04,3,12,0,one-year,card,basic,0
CUST-02532,2,23.24,2,16,0,one-year,bank_transfer,basic,0
CUST-02533,11,49.04,4,7,0,one-year,bank_transfer,standard,1
CUST-02534,33,18.06,3,16,0,month-to-month,card,basic,0
CUST-02535,53,85.11,1,22,0,two-year,card,premium,0
CUST-02536,13,50.15,0,10,0,one-year,card,standard,0
CUST-02537,6,28.7,3,15,1,one-year,invoice,basic,0
CUST-02538,34,95.83,2,15,0,month-to-month,card,premium,0
CUST-02539,4,87.46,3,14,0,month-to-month,invoice,premium,0
CUST-02540,9,52.23,0,14,1,month-to-month,bank_transfer,standard,1
CUST-02541,6,42.39,1,7,1,month-to-month,invoice,standard,1
CUST-02542,1,93.38,2,20,0,month-to-month,invoice,premium,0
CUST-02543,11,44.01,0,11,1,month-to-month,invoice,standard,0
CUST-02544,35,93.14,2,9,1,month-to-month,invoice,premium,0
CUST-02545,12,36.81,3,12,1,month-to-month,card,basic,1
CUST-02546,18,45.58,1,8,0,month-to-month,card,standard,1
CUST-02547,53,66.54,2,13,2,two-year,card,standard,0
CUST-02548,19,21.94,1,11,1,month-to-month,bank_transfer,basic,1
CUST-02549,26,14.5,1,10,1,month-to-month,card,basic,0
CUST-02550,23,14.23,1,13,1,month-to-month,card,basic,1
CUST-02551,21,33.19,2,13,1,month-to-month,card,basic,1
CUST-02552,23,21.96,1,16,0,month-to-month,bank_transfer,basic,1
CUST-02553,47,45.6,0,7,1,one-year,card,standard,0
CUST-02554,51,87.78,0,2,0,two-year,card,premium,0
CUST-02555,28,51.58,0,12,0,month-to-month,bank_transfer,standard,0
CUST-02556,8,48.95,2,14,0,one-year,bank_transfer,standard,0
CUST-02557,24,21.08,1,6,0,month-to-month,invoice,basic,0
CUST-02558,26,99.64,3,13,1,month-to-month,bank_transfer,premium,1
CUST-02559,10,12.23,1,11,0,month-to-month,bank_transfer,basic,0
CUST-02560,31,22.87,1,11,0,month-to-month,card,basic,1
CUST-02561,18,48.56,2,14,0,one-year,card,standard,1
CUST-02562,14,86.01,2,8,0,one-year,bank_transfer,premium,0
CUST-02563,52,95.43,0,12,1,one-year,card,premium,0
CUST-02564,8,40.23,1,17,1,month-to-month,invoice,standard,1
CUST-02565,24,34.8,1,13,1,one-year,invoice,standard,0
CUST-02566,13,50.35,0,19,2,month-to-month,card,standard,0
CUST-02567,32,48.17,2,14,1,month-to-month,bank_transfer,standard,0
CUST-02568,16,10.88,0,12,0,month-to-month,card,basic,0
CUST-02569,41,8.74,0,10,1,one-year,card,basic,0
CUST-02570,57,100.58,0,12,0,two-year,card,premium,0
CUST-02571,22,91.78,0,10,0,month-to-month,bank_transfer,premium,1
CUST-02572,56,19.12,2,7,2,one-year,invoice,basic,0
CUST-02573,48,32.17,0,17,0,one-year,card,basic,0
CUST-02574,28,25.13,0,9,0,two-year,bank_transfer,basic,0
CUST-02575,34,59.62,1,9,1,month-to-month,card,standard,1
CUST-02576,31,11.92,1,17,0,one-year,card,basic,0
CUST-02577,1,41.7,1,15,1,one-year,bank_transfer,standard,0
CUST-02578,18,22.7,1,11,0,two-year,bank_transfer,basic,0
CUST-02579,22,21.49,1,9,1,month-to-month,bank_transfer,basic,0
CUST-02580,11,26.5,2,19,0,two-year,invoice,basic,0
CUST-02581,21,39.22,2,7,1,month-to-month,card,standard,1
CUST-02582,26,23.22,2,11,1,two-year,bank_transfer,basic,1
CUST-02583,19,54.94,1,15,0,month-to-month,card,standard,0
CUST-02584,1,54.62,2,15,0,month-to-month,invoice,standard,1
CUST-02585,30,46.56,1,14,0,month-to-month,card,standard,1
CUST-02586,13,22.11,3,10,0,month-to-month,card,basic,1
CUST-02587,5,44.35,2,12,0,month-to-month,bank_transfer,standard,1
CUST-02588,15,17.24,3,8,1,month-to-month,card,basic,1
CUST-02589,17,42.74,1,6,1,month-to-month,bank_transfer,standard,1
CUST-02590,22,44.45,2,16,0,month-to-month,invoice,standard,1
CUST-02591,31,87.55,0,13,0,one-year,card,premium,0
CUST-02592,3,86.05,0,9,0,two-year,bank_transfer,premium,0
CUST-02593,52,44.45,0,8,0,one-year,invoice,standard,0
CUST-02594,16,81.2,1,12,1,month-to-month,bank_transfer,premium,1
CUST-02595,2,30.77,0,11,0,month-to-month,card,basic,0
CUST-02596,55,46.0,1,5,0,two-year,invoice,standard,0
CUST-02597,23,20.98,1,12,0,month-to-month,bank_transfer,basic,0
CUST-02598,23,8.45,1,11,0,month-to-month,bank_transfer,basic,0
CUST-02599,30,57.15,3,12,1,two-year,bank_transfer,standard,0
CUST-02600,29,50.0,0,18,0,two-year,card,standard,0
CUST-02601,19,46.34,3,7,0,month-to-month,invoice,standard,1
CUST-02602,3,86.39,4,7,0,one-year,card,premium,0
CUST-02603,10,54.22,0,8,1,month-to-month,invoice,standard,1
CUST-02604,59,71.28,2,8,0,one-year,invoice,premium,0
CUST-02605,23,84.05,0,9,0,month-to-month,invoice,premium,0
CUST-02606,15,88.29,1,17,0,month-to-month,card,premium,0
CUST-02607,13,18.22,2,10,0,one-year,card,basic,0
CUST-02608,26,64.03,1,10,0,month-to-month,card,standard,1
CUST-02609,15,46.97,2,13,0,one-year,card,standard,0
CUST-02610,5,94.94,0,12,0,month-to-month,card,premium,1
CUST-02611,11,29.87,1,13,1,two-year,bank_transfer,basic,0
CUST-02612,52,23.02,1,10,0,two-year,card,basic,0
CUST-02613,23,14.96,0,11,0,month-to-month,invoice,basic,0
CUST-02614,4,11.29,0,14,0,one-year,card,basic,0
CUST-02615,4,93.47,2,10,0,month-to-month,card,premium,1
CUST-02616,22,28.87,1,13,0,month-to-month,bank_transfer,basic,0
CUST-02617,20,22.28,3,15,0,month-to-month,card,basic,0
CUST-02618,49,56.4,2,13,0,two-year,bank_transfer,standard,0
CUST-02619,12,64.55,1,8,0,two-year,bank_transfer,standard,0
CUST-02620,52,24.02,0,14,1,two-year,bank_transfer,basic,0
CUST-02621,67,42.4,2,9,1,two-year,bank_transfer,standard,0
CUST-02622,43,49.31,2,9,1,two-year,invoice,standard,0
CUST-02623,7,97.22,3,13,1,month-to-month,invoice,premium,1
CUST-02624,48,47.51,1,12,0,two-year,card,standard,0
CUST-02625,20,98.03,1,8,0,one-year,card,premium,0
CUST-02626,1,18.6,1,16,1,month-to-month,invoice,basic,0
CUST-02627,18,51.01,1,10,0,one-year,card,standard,0
CUST-02628,32,46.9,0,11,0,month-to-month,bank_transfer,standard,0
CUST-02629,14,49.96,1,17,0,month-to-month,bank_transfer,standard,0
CUST-02630,31,50.27,1,9,0,month-to-month,card,standard,1
CUST-02631,18,9.35,5,11,1,month-to-month,card,basic,1
CUST-02632,18,16.35,0,10,2,month-to-month,bank_transfer,basic,1
CUST-02633,1,81.6,2,13,0,two-year,card,premium,1
CUST-02634,38,86.56,2,9,0,one-year,card,premium,0
CUST-02635,3,14.23,2,9,1,month-to-month,invoice,basic,1
CUST-02636,17,55.07,1,10,0,month-to-month,invoice,standard,0
CUST-02637,9,55.14,2,17,0,month-to-month,bank_transfer,standard,1
CUST-02638,14,52.36,2,13,0,month-to-month,card,standard,0
CUST-02639,38,11.39,0,12,0,two-year,card,basic,0
CUST-02640,1,88.41,1,13,1,month-to-month,invoice,premium,0
CUST-02641,17,40.92,0,12,3,one-year,card,standard,1
CUST-02642,59,48.12,3,8,0,one-year,invoice,standard,0
CUST-02643,3,52.88,0,8,0,one-year,bank_transfer,standard,1
CUST-02644,22,54.95,2,9,1,two-year,card,standard,0
CUST-02645,11,21.84,0,8,0,month-to-month,bank_transfer,basic,0
CUST-02646,27,96.55,1,17,0,two-year,invoice,premium,0
CUST-02647,41,20.56,1,12,0,one-year,invoice,basic,0
CUST-02648,14,87.6,3,6,0,one-year,bank_transfer,premium,1
CUST-02649,27,94.24,1,6,0,one-year,card,premium,0
CUST-02650,46,54.44,0,11,0,two-year,bank_transfer,standard,0
CUST-02651,23,45.85,2,11,1,two-year,bank_transfer,standard,0
CUST-02652,34,21.27,0,11,0,month-to-month,bank_transfer,basic,0
CUST-02653,70,47.23,1,11,1,two-year,card,standard,0
CUST-02654,7,36.95,2,13,0,one-year,invoice,standard,0
CUST-02655,12,21.64,3,10,1,month-to-month,bank_transfer,basic,1
CUST-02656,14,11.23,2,12,1,two-year,card,basic,0
CUST-02657,6,90.97,0,15,0,month-to-month,card,premium,0
CUST-02658,29,9.79,0,12,0,one-year,card,basic,0
CUST-02659,20,14.68,1,10,1,month-to-month,card,basic,1
CUST-02660,15,16.4,1,7,1,month-to-month,card,basic,0
CUST-02661,19,56.21,2,11,1,two-year,bank_transfer,standard,0
CUST-02662,10,45.8,2,12,0,month-to-month,card,standard,0
CUST-02663,35,42.55,1,19,0,month-to-month,card,standard,0
CUST-02664,33,51.19,1,19,0,month-to-month,card,standard,1
CUST-02665,2,17.7,4,14,0,month-to-month,card,basic,1
CUST-02666,47,53.74,3,13,0,two-year,card,standard,0
CUST-02667,32,12.93,0,7,0,two-year,card,basic,0
CUST-02668,24,90.27,4,9,3,month-to-month,bank_transfer,premium,1
CUST-02669,35,33.82,1,13,0,one-year,card,basic,0
CUST-02670,32,17.56,0,9,1,month-to-month,bank_transfer,basic,0
CUST-02671,4,50.12,1,22,0,one-year,card,standard,0
CUST-02672,12,9.03,1,14,0,month-to-month,card,basic,0
CUST-02673,35,43.88,3,13,0,month-to-month,card,standard,0
CUST-02674,6,51.76,3,8,0,month-to-month,card,standard,1
CUST-02675,7,87.02,1,13,0,one-year,bank_transfer,premium,0
CUST-02676,26,22.69,0,12,0,month-to-month,bank_transfer,basic,1
CUST-02677,27,51.55,0,12,0,month-to-month,bank_transfer,standard,0
CUST-02678,48,41.09,1,10,0,two-year,card,standard,1
CUST-02679,46,25.09,1,9,2,one-year,card,basic,1
CUST-02680,24,41.54,1,12,0,month-to-month,invoice,standard,0
CUST-02681,9,84.41,4,15,2,two-year,card,premium,0
CUST-02682,43,50.38,0,10,2,two-year,card,standard,0
CUST-02683,27,98.4,2,10,0,month-to-month,card,premium,1
CUST-02684,51,42.98,0,14,1,one-year,invoice,standard,0
CUST-02685,8,19.89,2,9,0,month-to-month,invoice,basic,0
CUST-02686,7,89.94,3,11,1,one-year,card,premium,1
CUST-02687,28,22.94,1,9,0,month-to-month,card,basic,0
CUST-02688,15,56.1,1,14,0,one-year,bank_transfer,standard,0
CUST-02689,1,46.58,0,16,0,month-to-month,card,standard,0
CUST-02690,29,95.07,0,12,1,month-to-month,card,premium,0
CUST-02691,36,96.98,1,17,1,two-year,card,premium,0
CUST-02692,11,29.7,0,13,0,month-to-month,card,basic,1
CUST-02693,1,52.01,1,18,1,two-year,card,standard,0
CUST-02694,2,19.94,0,11,0,two-year,bank_transfer,basic,0
CUST-02695,57,46.15,3,12,2,two-year,bank_transfer,standard,0
CUST-02696,17,40.25,1,12,0,month-to-month,bank_transfer,standard,0
CUST-02697,10,17.33,3,14,0,two-year,card,basic,0
CUST-02698,12,89.67,0,7,0,month-to-month,card,premium,0
CUST-02699,5,48.34,2,16,1,month-to-month,invoice,standard,1
CUST-02700,8,52.59,1,13,0,two-year,card,standard,0
CUST-02701,16,80.27,1,5,0,one-year,card,premium,0
CUST-02702,19,47.91,0,15,1,month-to-month,card,standard,0
CUST-02703,7,60.97,1,9,0,month-to-month,card,standard,1
CUST-02704,24,24.97,1,16,1,two-year,card,basic,0
CUST-02705,28,22.7,2,16,2,one-year,card,basic,0
CUST-02706,15,21.34,1,10,1,month-to-month,bank_transfer,basic,1
CUST-02707,9,16.81,1,11,2,two-year,card,basic,0
CUST-02708,1,8.48,1,9,0,month-to-month,bank_transfer,basic,1
CUST-02709,1,51.74,0,13,0,month-to-month,bank_transfer,standard,1
CUST-02710,21,34.31,1,8,0,one-year,card,standard,0
CUST-02711,51,17.05,3,12,0,two-year,invoice,basic,0
CUST-02712,4,48.98,2,17,1,month-to-month,invoice,standard,1
CUST-02713,28,86.32,1,10,0,month-to-month,card,premium,1
CUST-02714,25,32.03,1,10,0,month-to-month,bank_transfer,basic,0
CUST-02715,1,59.95,4,11,2,two-year,bank_transfer,standard,1
CUST-02716,1,25.2,1,17,0,month-to-month,bank_transfer,basic,0
CUST-02717,7,43.45,1,17,0,month-to-month,card,standard,0
CUST-02718,4,60.53,2,13,2,two-year,card,standard,1
CUST-02719,19,22.71,1,13,0,month-to-month,card,basic,1
CUST-02720,2,13.35,1,13,0,one-year,card,basic,0
CUST-02721,28,89.2,3,6,0,month-to-month,card,premium,1
CUST-02722,35,24.75,0,14,1,two-year,invoice,basic,0
CUST-02723,26,45.41,1,12,1,month-to-month,card,standard,0
CUST-02724,27,49.84,0,14,0,month-to-month,card,standard,1
CUST-02725,18,20.9,2,10,0,month-to-month,card,basic,1
CUST-02726,55,42.39,3,9,0,one-year,card,standard,0
CUST-02727,59,47.38,3,12,0,one-year,bank_transfer,standard,0
CUST-02728,12,12.85,2,15,0,month-to-month,invoice,basic,0
CUST-02729,4,94.21,2,9,0,month-to-month,card,premium,1
CUST-02730,26,43.55,0,10,1,two-year,card,standard,0
CUST-02731,8,50.75,0,7,0,month-to-month,card,standard,0
CUST-02732,19,10.66,1,14,0,month-to-month,invoice,basic,0
CUST-02733,22,12.2,1,15,2,one-year,card,basic,1
CUST-02734,17,41.91,0,11,1,month-to-month,card,standard,0
CUST-02735,27,47.26,2,18,2,month-to-month,card,standard,1
CUST-02736,9,20.08,0,11,0,month-to-month,card,basic,0
CUST-02737,19,51.19,0,10,1,month-to-month,card,standard,1
CUST-02738,12,38.37,1,12,0,month-to-month,invoice,standard,1
CUST-02739,47,17.99,2,15,0,one-year,card,basic,1
CUST-02740,38,44.5,1,9,0,one-year,card,standard,0
CUST-02741,1,52.21,0,10,0,month-to-month,card,standard,0
CUST-02742,47,47.39,1,16,0,two-year,card,standard,0
CUST-02743,6,48.52,1,18,0,month-to-month,invoice,standard,0
CUST-02744,43,44.53,1,12,0,one-year,bank_transfer,standard,1
CUST-02745,20,99.35,3,9,1,month-to-month,invoice,premium,1
CUST-02746,24,81.3,2,17,1,one-year,invoice,premium,1
CUST-02747,24,16.6,2,15,1,month-to-month,bank_transfer,basic,1
CUST-02748,30,49.65,2,14,0,month-to-month,bank_transfer,standard,0
CUST-02749,28,87.49,2,8,0,month-to-month,bank_transfer,premium,1
CUST-02750,19,84.42,2,18,1,month-to-month,bank_transfer,premium,1
CUST-02751,26,8.13,0,12,0,month-to-month,bank_transfer,basic,0
CUST-02752,24,14.85,2,14,0,one-year,bank_transfer,basic,0
CUST-02753,56,13.24,1,12,0,two-year,card,basic,0
CUST-02754,29,99.08,1,9,0,month-to-month,bank_transfer,premium,1
CUST-02755,9,102.59,1,14,0,two-year,card,premium,0
CUST-02756,14,88.7,2,11,0,one-year,bank_transfer,premium,0
CUST-02757,19,10.57,1,11,0,two-year,bank_transfer,basic,1
CUST-02758,9,93.43,2,14,0,one-year,bank_transfer,premium,0
CUST-02759,23,13.11,1,9,2,one-year,bank_transfer,basic,0
CUST-02760,6,45.7,0,10,0,month-to-month,bank_transfer,standard,1
CUST-02761,35,15.23,2,13,1,one-year,bank_transfer,basic,0
CUST-02762,7,46.0,1,7,0,two-year,card,standard,0
CUST-02763,9,46.87,0,13,0,month-to-month,card,standard,0
CUST-02764,23,11.12,2,16,2,month-to-month,card,basic,1
CUST-02765,14,14.79,5,10,0,month-to-month,card,basic,1
CUST-02766,30,95.12,2,15,1,two-year,card,premium,1
CUST-02767,28,18.8,0,9,1,month-to-month,bank_transfer,basic,0
CUST-02768,59,49.75,0,12,0,one-year,bank_transfer,standard,0
CUST-02769,40,5.61,2,15,2,two-year,card,basic,0
CUST-02770,5,24.69,2,14,0,two-year,invoice,basic,0
CUST-02771,3,14.89,1,8,1,month-to-month,card,basic,1
CUST-02772,58,55.74,0,4,0,one-year,bank_transfer,standard,0
CUST-02773,48,49.93,2,12,0,two-year,card,standard,0
CUST-02774,27,15.63,1,7,2,month-to-month,bank_transfer,basic,1
CUST-02775,40,78.93,3,16,1,one-year,card,premium,1
CUST-02776,6,32.05,1,16,0,month-to-month,card,basic,1
CUST-02777,26,53.82,1,8,1,one-year,card,standard,0
CUST-02778,28,24.18,1,10,1,month-to-month,bank_transfer,basic,1
CUST-02779,31,99.91,0,11,0,month-to-month,invoice,premium,1
CUST-02780,8,20.34,3,14,3,month-to-month,bank_transfer,basic,1
CUST-02781,21,57.11,1,14,1,month-to-month,bank_transfer,standard,0
CUST-02782,5,46.13,1,4,0,month-to-month,card,standard,1
CUST-02783,57,53.43,1,10,0,one-year,bank_transfer,standard,0
CUST-02784,9,85.22,1,6,1,month-to-month,invoice,premium,1
CUST-02785,26,15.98,2,18,0,month-to-month,card,basic,0
CUST-02786,13,49.58,1,19,1,one-year,card,standard,0
CUST-02787,36,81.4,2,17,1,one-year,card,premium,0
CUST-02788,23,90.98,2,9,1,month-to-month,card,premium,0
CUST-02789,23,47.13,1,11,0,two-year,card,standard,0
CUST-02790,29,37.07,0,10,0,month-to-month,bank_transfer,standard,0
CUST-02791,63,46.25,0,8,0,two-year,bank_transfer,standard,0
CUST-02792,30,46.93,2,8,0,month-to-month,card,standard,0
CUST-02793,19,94.12,0,4,0,one-year,invoice,premium,0
CUST-02794,53,90.71,2,10,0,two-year,invoice,premium,0
CUST-02795,40,57.68,4,7,0,two-year,bank_transfer,standard,0
CUST-02796,35,52.12,0,13,0,one-year,invoice,standard,0
CUST-02797,28,45.68,1,9,0,one-year,invoice,standard,1
CUST-02798,21,18.65,0,20,1,month-to-month,card,basic,0
CUST-02799,8,86.91,1,19,0,one-year,invoice,premium,0
CUST-02800,24,51.93,1,12,0,one-year,card,standard,0
CUST-02801,12,19.36,2,13,0,two-year,card,basic,0
CUST-02802,10,45.23,1,12,0,month-to-month,card,standard,1
CUST-02803,4,19.05,3,11,1,month-to-month,bank_transfer,basic,1
CUST-02804,12,21.77,0,10,0,one-year,invoice,basic,0
CUST-02805,28,42.96,0,12,0,month-to-month,card,standard,0
CUST-02806,19,50.9,1,18,0,month-to-month,bank_transfer,standard,0
CUST-02807,1,39.53,2,15,1,month-to-month,card,standard,0
CUST-02808,47,25.63,0,10,1,one-year,invoice,basic,0
CUST-02809,32,52.16,1,8,0,month-to-month,card,standard,1
CUST-02810,31,28.78,1,12,0,month-to-month,bank_transfer,basic,0
CUST-02811,29,82.3,1,13,0,month-to-month,bank_transfer,premium,1
CUST-02812,71,25.8,1,8,0,two-year,card,basic,0
CUST-02813,35,94.61,2,11,0,one-year,invoice,premium,0
CUST-02814,34,17.91,2,12,0,month-to-month,invoice,basic,1
CUST-02815,34,16.74,3,15,0,month-to-month,card,basic,1
CUST-02816,18,42.49,1,7,0,one-year,bank_transfer,standard,1
CUST-02817,31,40.93,0,15,1,month-to-month,invoice,standard,0
CUST-02818,47,84.49,1,15,0,one-year,card,premium,0
CUST-02819,27,41.47,0,17,1,month-to-month,card,standard,0
CUST-02820,64,28.57,1,14,0,two-year,bank_transfer,basic,0
CUST-02821,13,9.99,2,13,1,month-to-month,bank_transfer,basic,0
CUST-02822,24,49.89,1,16,0,one-year,bank_transfer,standard,0
CUST-02823,23,21.61,2,9,0,month-to-month,bank_transfer,basic,0
CUST-02824,53,91.14,0,16,0,two-year,bank_transfer,premium,0
CUST-02825,63,51.67,2,14,0,two-year,card,standard,0
CUST-02826,52,54.68,0,12,1,one-year,card,standard,0
CUST-02827,25,86.32,1,6,0,month-to-month,card,premium,1
CUST-02828,34,19.53,3,10,0,month-to-month,card,basic,0
CUST-02829,12,47.24,0,13,1,two-year,bank_transfer,standard,0
CUST-02830,57,96.82,2,11,0,one-year,invoice,premium,0
CUST-02831,2,61.6,1,14,0,month-to-month,card,standard,1
CUST-02832,20,41.84,3,19,0,month-to-month,bank_transfer,standard,1
CUST-02833,3,76.81,2,10,2,month-to-month,card,premium,0
CUST-02834,40,22.41,1,10,0,two-year,card,basic,0
CUST-02835,23,95.42,1,11,0,one-year,invoice,premium,0
CUST-02836,4,30.74,0,12,0,one-year,card,basic,0
CUST-02837,38,53.43,1,13,0,one-year,bank_transfer,standard,0
CUST-02838,26,27.37,0,10,1,month-to-month,card,basic,0
CUST-02839,6,58.96,1,12,0,month-to-month,card,standard,1
CUST-02840,24,27.79,1,9,1,month-to-month,bank_transfer,basic,0
CUST-02841,10,24.29,3,23,0,one-year,bank_transfer,basic,0
CUST-02842,4,41.31,1,12,0,month-to-month,bank_transfer,standard,1
CUST-02843,5,18.95,0,14,0,month-to-month,invoice,basic,1
CUST-02844,21,50.8,1,10,0,month-to-month,invoice,standard,0
CUST-02845,28,18.4,1,9,1,month-to-month,bank_transfer,basic,0
CUST-02846,35,18.77,2,13,1,one-year,card,basic,0
CUST-02847,29,28.4,1,12,1,month-to-month,card,basic,0
CUST-02848,21,44.46,0,9,0,month-to-month,bank_transfer,standard,0
CUST-02849,47,23.79,4,13,0,one-year,bank_transfer,basic,0
CUST-02850,35,20.9,2,11,0,month-to-month,card,basic,0
CUST-02851,14,43.85,1,16,0,month-to-month,card,standard,0
CUST-02852,5,42.54,1,18,0,month-to-month,card,standard,0
CUST-02853,9,38.79,1,11,0,two-year,card,standard,0
CUST-02854,21,21.91,4,12,2,month-to-month,card,basic,1
CUST-02855,32,88.62,3,11,0,one-year,invoice,premium,1
CUST-02856,13,44.05,2,10,0,two-year,bank_transfer,standard,0
CUST-02857,52,37.74,0,6,1,one-year,invoice,standard,0
CUST-02858,34,21.6,2,16,0,month-to-month,bank_transfer,basic,1
CUST-02859,15,17.96,3,13,0,one-year,card,basic,0
CUST-02860,7,44.72,0,10,0,month-to-month,bank_transfer,standard,0
CUST-02861,7,13.22,1,8,0,month-to-month,invoice,basic,0
CUST-02862,13,47.57,2,9,0,month-to-month,bank_transfer,standard,1
CUST-02863,30,21.82,2,14,2,month-to-month,card,basic,1
CUST-02864,21,17.02,0,16,0,month-to-month,bank_transfer,basic,0
CUST-02865,2,11.87,2,15,1,month-to-month,card,basic,1
CUST-02866,17,18.65,0,18,0,month-to-month,card,basic,0
CUST-02867,3,55.27,1,16,1,month-to-month,card,standard,1
CUST-02868,24,19.24,0,13,0,one-year,card,basic,0
CUST-02869,29,49.41,1,11,1,two-year,invoice,standard,0
CUST-02870,23,17.05,2,11,0,month-to-month,card,basic,0
CUST-02871,32,43.66,1,12,0,one-year,card,standard,0
CUST-02872,31,83.46,0,12,1,month-to-month,bank_transfer,premium,1
CUST-02873,1,79.03,1,10,0,month-to-month,invoice,premium,1
CUST-02874,27,56.09,2,12,0,month-to-month,bank_transfer,standard,1
CUST-02875,1,51.77,2,12,0,month-to-month,card,standard,1
CUST-02876,10,49.49,1,10,0,month-to-month,card,standard,1
CUST-02877,31,90.77,4,18,1,month-to-month,bank_transfer,premium,1
CUST-02878,24,51.04,1,10,1,month-to-month,invoice,standard,0
CUST-02879,6,14.59,1,5,2,month-to-month,card,basic,1
CUST-02880,17,47.05,0,11,0,month-to-month,invoice,standard,1
CUST-02881,25,16.15,1,17,0,month-to-month,bank_transfer,basic,0
CUST-02882,33,64.07,1,15,0,month-to-month,bank_transfer,standard,1
CUST-02883,22,25.12,2,12,0,month-to-month,card,basic,0
CUST-02884,1,20.01,2,10,1,month-to-month,invoice,basic,1
CUST-02885,17,57.2,1,16,2,month-to-month,bank_transfer,standard,1
CUST-02886,5,56.44,0,14,0,month-to-month,card,standard,1
CUST-02887,1,40.72,0,12,1,month-to-month,card,standard,0
CUST-02888,43,87.66,1,11,0,two-year,card,premium,0
CUST-02889,27,88.9,2,14,0,month-to-month,card,premium,1
CUST-02890,1,52.67,1,11,1,month-to-month,card,standard,1
CUST-02891,28,87.66,2,14,2,month-to-month,card,premium,1
CUST-02892,50,18.41,2,15,0,two-year,card,basic,0
CUST-02893,45,16.23,1,9,0,one-year,bank_transfer,basic,0
CUST-02894,14,95.29,2,11,0,one-year,bank_transfer,premium,0
CUST-02895,28,40.34,0,14,0,two-year,bank_transfer,standard,0
CUST-02896,4,86.44,2,12,0,month-to-month,card,premium,1
CUST-02897,17,7.94,0,21,0,two-year,card,basic,0
CUST-02898,10,12.82,1,11,0,month-to-month,bank_transfer,basic,1
CUST-02899,19,20.9,0,10,0,one-year,bank_transfer,basic,0
CUST-02900,6,51.02,2,13,0,month-to-month,card,standard,1
CUST-02901,6,87.12,1,12,0,month-to-month,invoice,premium,1
CUST-02902,64,55.74,0,16,0,two-year,bank_transfer,standard,0
CUST-02903,28,27.12,0,15,1,month-to-month,invoice,basic,1
CUST-02904,24,18.58,2,14,0,two-year,bank_transfer,basic,0
CUST-02905,34,20.5,1,17,0,month-to-month,card,basic,1
CUST-02906,14,46.28,0,14,1,one-year,invoice,standard,1
CUST-02907,29,52.76,0,9,0,two-year,invoice,standard,0
CUST-02908,29,11.84,2,13,0,month-to-month,invoice,basic,0
CUST-02909,31,59.78,0,10,0,two-year,invoice,standard,0
CUST-02910,14,55.84,2,11,1,one-year,invoice,standard,0
CUST-02911,22,11.81,3,13,0,one-year,bank_transfer,basic,0
CUST-02912,18,44.27,0,13,0,month-to-month,card,standard,0
CUST-02913,22,51.53,1,9,0,month-to-month,bank_transfer,standard,1
CUST-02914,24,46.97,1,8,1,one-year,bank_transfer,standard,0
CUST-02915,15,22.27,3,12,0,month-to-month,bank_transfer,basic,0
CUST-02916,9,16.84,1,9,0,month-to-month,card,basic,1
CUST-02917,19,58.15,0,7,1,month-to-month,bank_transfer,standard,1
CUST-02918,15,19.05,1,10,0,two-year,invoice,basic,0
CUST-02919,31,103.52,1,8,0,month-to-month,card,premium,1
CUST-02920,44,52.62,1,18,1,one-year,card,standard,1
CUST-02921,29,40.9,2,5,1,two-year,bank_transfer,standard,0
CUST-02922,26,61.52,1,11,0,month-to-month,card,standard,1
CUST-02923,1,25.59,2,9,1,month-to-month,card,basic,0
CUST-02924,20,21.28,1,5,1,one-year,bank_transfer,basic,1
CUST-02925,15,22.88,3,7,0,month-to-month,invoice,basic,1
CUST-02926,28,41.87,2,17,0,one-year,card,standard,0
CUST-02927,44,38.17,1,6,0,one-year,card,standard,0
CUST-02928,57,88.75,0,10,0,one-year,card,premium,0
CUST-02929,13,57.27,0,11,0,month-to-month,bank_transfer,standard,0
CUST-02930,21,51.37,2,10,0,one-year,card,standard,0
CUST-02931,36,29.26,0,15,1,one-year,card,basic,0
CUST-02932,10,26.93,1,14,0,month-to-month,bank_transfer,basic,1
CUST-02933,8,89.12,1,7,0,one-year,invoice,premium,0
CUST-02934,69,26.1,1,10,1,two-year,card,basic,0
CUST-02935,48,98.14,1,8,0,one-year,bank_transfer,premium,0
CUST-02936,34,18.52,2,10,1,month-to-month,bank_transfer,basic,0
CUST-02937,7,47.72,0,25,1,month-to-month,card,standard,1
CUST-02938,1,19.84,1,12,0,month-to-month,invoice,basic,0
CUST-02939,15,34.53,2,11,0,month-to-month,card,standard,0
CUST-02940,33,20.68,1,9,0,month-to-month,card,basic,0
CUST-02941,9,53.32,1,12,2,two-year,card,standard,0
CUST-02942,4,89.87,0,11,0,month-to-month,card,premium,0
CUST-02943,4,51.07,0,15,0,two-year,bank_transfer,standard,0
CUST-02944,27,18.74,1,5,0,month-to-month,bank_transfer,basic,0
CUST-02945,28,37.02,1,11,0,month-to-month,bank_transfer,standard,0
CUST-02946,25,58.98,1,14,1,month-to-month,bank_transfer,standard,0
CUST-02947,1,16.79,0,14,0,month-to-month,card,basic,0
CUST-02948,43,45.29,0,8,0,one-year,invoice,standard,0
CUST-02949,32,97.15,1,13,1,two-year,invoice,premium,1
CUST-02950,11,54.87,1,13,1,two-year,card,standard,1
CUST-02951,10,50.64,2,12,1,month-to-month,bank_transfer,standard,1
CUST-02952,30,53.62,1,9,0,one-year,invoice,standard,0
CUST-02953,11,42.07,1,5,0,month-to-month,card,standard,1
CUST-02954,69,18.51,1,14,0,two-year,card,basic,0
CUST-02955,17,56.77,0,13,1,month-to-month,card,standard,0
CUST-02956,13,14.94,0,8,0,month-to-month,invoice,basic,1
CUST-02957,24,13.01,0,15,1,month-to-month,bank_transfer,basic,0
CUST-02958,23,19.47,1,10,2,month-to-month,bank_transfer,basic,0
CUST-02959,1,89.61,0,16,0,month-to-month,invoice,premium,0
CUST-02960,44,22.89,1,4,0,two-year,card,basic,0
CUST-02961,14,10.73,0,14,0,one-year,invoice,basic,0
CUST-02962,27,3.7,0,15,0,two-year,bank_transfer,basic,0
CUST-02963,25,24.53,2,14,0,month-to-month,bank_transfer,basic,0
CUST-02964,33,82.5,0,16,0,one-year,card,premium,0
CUST-02965,13,45.34,1,14,1,month-to-month,card,standard,0
CUST-02966,6,35.9,2,12,1,month-to-month,card,standard,1
CUST-02967,18,55.14,3,7,1,month-to-month,card,standard,0
CUST-02968,11,21.1,1,12,0,month-to-month,card,basic,0
CUST-02969,54,50.86,0,14,0,one-year,card,standard,0
CUST-02970,19,90.82,1,12,1,month-to-month,bank_transfer,premium,1
CUST-02971,31,36.64,0,11,0,month-to-month,invoice,standard,1
CUST-02972,23,43.09,0,16,1,one-year,card,standard,1
CUST-02973,29,46.29,3,10,2,month-to-month,card,standard,1
CUST-02974,4,84.51,0,8,1,two-year,bank_transfer,premium,0
CUST-02975,10,17.37,3,18,1,month-to-month,bank_transfer,basic,1
CUST-02976,5,50.48,0,14,1,two-year,bank_transfer,standard,0
CUST-02977,1,25.04,4,15,0,one-year,invoice,basic,0
CUST-02978,55,40.12,2,16,1,one-year,card,standard,0
CUST-02979,43,88.95,0,12,0,one-year,card,premium,0
CUST-02980,45,53.27,4,11,2,two-year,invoice,standard,0
CUST-02981,31,13.46,1,9,0,one-year,bank_transfer,basic,0
CUST-02982,20,47.84,0,12,0,month-to-month,bank_transfer,standard,0
CUST-02983,22,91.8,0,15,0,month-to-month,invoice,premium,0
CUST-02984,49,49.07,5,10,1,one-year,card,standard,0
CUST-02985,21,93.05,1,9,0,month-to-month,card,premium,0
CUST-02986,26,89.57,2,13,0,month-to-month,card,premium,1
CUST-02987,10,87.13,0,11,0,month-to-month,invoice,premium,1
CUST-02988,35,11.96,2,10,0,month-to-month,invoice,basic,1
CUST-02989,1,50.48,2,17,0,month-to-month,card,standard,1
CUST-02990,23,89.6,1,19,0,one-year,card,premium,0
CUST-02991,52,83.04,2,10,0,one-year,bank_transfer,premium,0
CUST-02992,12,22.49,1,13,1,two-year,card,basic,0
CUST-02993,5,26.61,3,10,0,month-to-month,invoice,basic,1
CUST-02994,13,15.04,0,8,1,month-to-month,card,basic,1
CUST-02995,25,44.63,1,11,1,one-year,invoice,standard,1
CUST-02996,33,84.42,2,19,0,month-to-month,bank_transfer,premium,1
CUST-02997,50,38.93,1,12,0,one-year,card,standard,0
CUST-02998,16,31.03,2,9,1,month-to-month,bank_transfer,basic,1
CUST-02999,70,16.31,0,15,0,two-year,bank_transfer,basic,0
CUST-03000,23,83.85,0,8,0,month-to-month,card,premium,0
CUST-03001,62,12.24,1,7,1,two-year,card,basic,0
CUST-03002,14,16.67,3,13,0,one-year,invoice,basic,1
CUST-03003,17,14.83,2,17,0,month-to-month,bank_transfer,basic,1
CUST-03004,1,97.63,2,8,0,one-year,bank_transfer,premium,1
CUST-03005,1,41.51,0,14,1,month-to-month,card,standard,0
CUST-03006,42,9.77,3,14,0,one-year,bank_transfer,basic,0
CUST-03007,7,22.31,1,11,3,one-year,bank_transfer,basic,1
CUST-03008,19,88.36,2,17,0,month-to-month,card,premium,1
CUST-03009,25,47.66,3,12,1,month-to-month,card,standard,1
CUST-03010,1,52.36,0,10,0,one-year,card,standard,0
CUST-03011,16,19.82,1,16,1,month-to-month,bank_transfer,basic,1
CUST-03012,49,18.72,0,13,2,two-year,card,basic,0
CUST-03013,53,80.57,2,7,2,one-year,invoice,premium,0
CUST-03014,17,38.99,0,5,0,one-year,card,standard,0
CUST-03015,35,44.8,0,9,0,month-to-month,invoice,standard,1
CUST-03016,50,82.49,2,15,0,one-year,card,premium,0
CUST-03017,46,20.62,2,19,1,two-year,bank_transfer,basic,0
CUST-03018,14,78.21,0,15,0,month-to-month,bank_transfer,premium,0
CUST-03019,25,16.32,5,12,0,month-to-month,bank_transfer,basic,1
CUST-03020,29,17.96,2,13,0,month-to-month,invoice,basic,1
CUST-03021,10,88.76,1,13,2,month-to-month,card,premium,1
CUST-03022,59,91.39,1,17,0,one-year,card,premium,0
CUST-03023,32,47.04,1,8,1,month-to-month,card,standard,0
CUST-03024,29,45.0,1,17,0,one-year,bank_transfer,standard,0
CUST-03025,26,96.47,0,8,0,month-to-month,invoice,premium,0
CUST-03026,18,47.08,3,18,0,month-to-month,card,standard,0
CUST-03027,27,27.51,2,14,0,month-to-month,bank_transfer,basic,1
CUST-03028,59,47.05,0,13,0,two-year,card,standard,0
CUST-03029,1,48.9,0,19,0,one-year,invoice,standard,0
CUST-03030,2,48.17,0,10,1,month-to-month,card,standard,1
CUST-03031,20,90.39,1,12,0,one-year,invoice,premium,0
CUST-03032,33,46.48,1,7,0,month-to-month,bank_transfer,standard,0
CUST-03033,14,19.58,2,18,1,month-to-month,invoice,basic,1
CUST-03034,31,28.18,0,12,2,month-to-month,bank_transfer,basic,1
CUST-03035,33,95.29,0,12,1,two-year,card,premium,0
CUST-03036,17,25.33,1,15,0,one-year,invoice,basic,0
CUST-03037,54,80.95,1,7,0,one-year,card,premium,0
CUST-03038,20,11.92,0,11,1,month-to-month,card,basic,0
CUST-03039,12,20.31,0,14,2,month-to-month,card,basic,0
CUST-03040,2,93.62,2,13,0,one-year,invoice,premium,0
CUST-03041,3,45.89,0,11,0,month-to-month,bank_transfer,standard,0
CUST-03042,10,84.81,2,12,0,two-year,card,premium,0
CUST-03043,21,27.36,1,9,0,one-year,invoice,basic,0
CUST-03044,21,53.12,1,13,0,month-to-month,card,standard,0
CUST-03045,18,55.35,0,12,0,one-year,card,standard,0
CUST-03046,4,86.35,0,10,2,two-year,card,premium,1
CUST-03047,9,15.88,3,11,0,month-to-month,card,basic,0
CUST-03048,24,24.69,0,12,0,one-year,bank_transfer,basic,0
CUST-03049,71,47.42,1,5,0,two-year,card,standard,0
CUST-03050,14,85.33,0,25,1,month-to-month,card,premium,1
CUST-03051,6,83.52,1,8,0,two-year,card,premium,0
CUST-03052,20,85.93,4,11,0,month-to-month,invoice,premium,1
CUST-03053,55,54.25,5,6,0,one-year,bank_transfer,standard,1
CUST-03054,47,39.94,1,17,2,one-year,card,standard,0
CUST-03055,50,92.77,2,14,0,one-year,bank_transfer,premium,0
CUST-03056,33,84.75,1,11,0,month-to-month,card,premium,1
CUST-03057,38,87.74,1,10,0,one-year,invoice,premium,0
CUST-03058,35,88.12,1,7,0,month-to-month,card,premium,1
CUST-03059,1,87.68,2,10,0,month-to-month,card,premium,0
CUST-03060,30,17.28,2,16,4,month-to-month,card,basic,1
CUST-03061,51,16.33,0,10,0,one-year,card,basic,0
CUST-03062,33,85.57,0,17,1,month-to-month,card,premium,0
CUST-03063,17,56.92,3,14,1,month-to-month,bank_transfer,standard,1
CUST-03064,56,19.15,1,18,0,two-year,card,basic,0
CUST-03065,7,48.24,1,12,0,month-to-month,card,standard,1
CUST-03066,21,45.13,0,10,0,month-to-month,bank_transfer,standard,0
CUST-03067,12,86.55,2,11,0,month-to-month,bank_transfer,premium,1
CUST-03068,21,85.15,2,9,0,month-to-month,invoice,premium,1
CUST-03069,40,23.59,0,14,1,one-year,card,basic,0
CUST-03070,12,44.48,1,10,0,month-to-month,invoice,standard,1
CUST-03071,7,5.52,2,12,1,month-to-month,bank_transfer,basic,0
CUST-03072,23,89.35,0,7,0,two-year,bank_transfer,premium,0
CUST-03073,47,17.32,1,9,0,two-year,card,basic,0
CUST-03074,40,45.49,0,12,0,one-year,card,standard,0
CUST-03075,53,54.47,1,5,0,two-year,card,standard,0
CUST-03076,9,32.6,2,15,1,two-year,bank_transfer,standard,0
CUST-03077,29,58.46,1,8,2,month-to-month,bank_transfer,standard,1
CUST-03078,41,55.33,1,16,0,one-year,card,standard,1
CUST-03079,1,45.23,3,12,1,one-year,card,standard,1
CUST-03080,12,16.3,0,8,0,month-to-month,invoice,basic,1
CUST-03081,16,22.03,2,21,0,month-to-month,card,basic,0
CUST-03082,12,52.19,0,16,0,month-to-month,bank_transfer,standard,0
CUST-03083,7,15.2,1,13,0,one-year,invoice,basic,0
CUST-03084,12,39.3,1,13,0,one-year,card,standard,0
CUST-03085,1,31.68,0,12,0,one-year,bank_transfer,basic,0
CUST-03086,3,94.74,2,17,0,month-to-month,bank_transfer,premium,1
CUST-03087,9,19.94,0,9,0,month-to-month,card,basic,1
CUST-03088,29,50.05,2,7,0,month-to-month,card,standard,1
CUST-03089,18,22.73,0,8,0,month-to-month,invoice,basic,1
CUST-03090,30,53.45,1,15,1,two-year,card,standard,0
CUST-03091,47,6.48,1,19,0,two-year,card,basic,0
CUST-03092,38,46.89,1,14,0,two-year,card,standard,0
CUST-03093,9,16.27,1,10,0,two-year,bank_transfer,basic,0
CUST-03094,16,48.03,0,11,1,two-year,card,standard,0
CUST-03095,8,53.62,1,11,0,month-to-month,card,standard,1
CUST-03096,21,78.26,0,5,0,month-to-month,card,premium,0
CUST-03097,16,40.91,3,19,0,month-to-month,card,standard,1
CUST-03098,13,44.91,3,12,0,month-to-month,bank_transfer,standard,0
CUST-03099,20,89.93,1,11,1,month-to-month,invoice,premium,0
CUST-03100,34,23.99,1,12,0,month-to-month,card,basic,0
CUST-03101,22,58.79,2,13,1,two-year,bank_transfer,standard,0
CUST-03102,18,17.28,2,14,0,month-to-month,bank_transfer,basic,1
CUST-03103,34,53.98,1,10,0,two-year,bank_transfer,standard,0
CUST-03104,42,23.26,0,5,0,one-year,bank_transfer,basic,0
CUST-03105,43,52.25,1,8,0,one-year,card,standard,0
CUST-03106,43,48.85,0,11,1,one-year,bank_transfer,standard,0
CUST-03107,7,46.6,0,10,0,month-to-month,bank_transfer,standard,1
CUST-03108,26,12.61,0,10,0,one-year,bank_transfer,basic,0
CUST-03109,29,42.21,2,13,0,month-to-month,card,standard,1
CUST-03110,27,91.08,2,8,1,two-year,card,premium,0
CUST-03111,35,18.67,1,11,0,month-to-month,card,basic,0
CUST-03112,13,16.51,2,8,0,month-to-month,card,basic,1
CUST-03113,29,92.99,3,8,1,one-year,card,premium,1
CUST-03114,28,87.8,1,12,0,one-year,card,premium,0
CUST-03115,15,13.52,1,14,0,month-to-month,card,basic,0
CUST-03116,50,47.4,4,13,0,one-year,card,standard,0
CUST-03117,5,23.92,2,7,0,month-to-month,invoice,basic,1
CUST-03118,34,82.86,2,15,1,one-year,bank_transfer,premium,1
CUST-03119,22,50.26,1,12,0,month-to-month,card,standard,1
CUST-03120,30,48.67,0,15,0,month-to-month,bank_transfer,standard,0
CUST-03121,21,14.44,0,9,0,month-to-month,card,basic,0
CUST-03122,34,47.24,1,13,0,month-to-month,card,standard,0
CUST-03123,31,9.57,1,10,1,month-to-month,bank_transfer,basic,1
CUST-03124,12,49.66,0,16,0,month-to-month,card,standard,0
CUST-03125,30,40.81,1,17,1,month-to-month,bank_transfer,standard,0
CUST-03126,34,55.43,2,10,1,month-to-month,card,standard,1
CUST-03127,9,88.45,2,8,1,month-to-month,card,premium,1
CUST-03128,21,15.57,1,12,0,month-to-month,card,basic,0
CUST-03129,16,25.96,1,9,0,one-year,card,basic,0
CUST-03130,46,42.81,3,11,0,two-year,bank_transfer,standard,0
CUST-03131,3,44.51,0,14,0,month-to-month,card,standard,0
CUST-03132,52,8.02,2,18,0,two-year,card,basic,0
CUST-03133,15,56.86,1,9,0,month-to-month,card,standard,0
CUST-03134,21,60.24,3,19,0,month-to-month,bank_transfer,standard,1
CUST-03135,1,38.96,1,11,0,one-year,bank_transfer,standard,0
CUST-03136,41,44.11,0,9,0,one-year,invoice,standard,0
CUST-03137,35,19.42,0,8,1,two-year,bank_transfer,basic,0
CUST-03138,22,15.91,0,10,1,month-to-month,invoice,basic,0
CUST-03139,18,48.81,0,11,0,one-year,card,standard,1
CUST-03140,5,48.29,1,9,1,month-to-month,bank_transfer,standard,1
CUST-03141,15,51.45,0,6,0,month-to-month,card,standard,0
CUST-03142,33,83.23,2,12,0,month-to-month,card,premium,1
CUST-03143,16,20.16,5,12,0,two-year,bank_transfer,basic,0
CUST-03144,24,42.3,1,9,1,month-to-month,invoice,standard,1
CUST-03145,3,16.53,0,13,1,two-year,bank_transfer,basic,0
CUST-03146,43,8.58,2,11,0,one-year,card,basic,0
CUST-03147,14,86.57,0,13,1,one-year,bank_transfer,premium,0
CUST-03148,27,85.56,3,9,0,one-year,card,premium,0
CUST-03149,26,24.66,0,11,0,two-year,bank_transfer,basic,0
CUST-03150,4,88.64,0,7,0,month-to-month,card,premium,0
CUST-03151,12,19.74,2,11,0,month-to-month,card,basic,1
CUST-03152,21,88.87,1,16,0,one-year,card,premium,0
CUST-03153,18,76.23,0,13,1,month-to-month,invoice,premium,0
CUST-03154,35,7.02,1,7,0,month-to-month,card,basic,0
CUST-03155,16,47.09,2,10,1,month-to-month,card,standard,0
CUST-03156,32,50.67,1,5,0,month-to-month,card,standard,0
CUST-03157,16,17.59,1,5,1,month-to-month,card,basic,0
CUST-03158,3,13.82,0,10,0,month-to-month,card,basic,0
CUST-03159,16,47.56,0,10,1,two-year,bank_transfer,standard,0
CUST-03160,14,17.04,0,13,1,month-to-month,card,basic,1
CUST-03161,23,23.67,3,12,2,two-year,card,basic,0
CUST-03162,62,23.34,2,13,0,two-year,card,basic,0
CUST-03163,24,45.68,2,8,0,month-to-month,card,standard,1
CUST-03164,34,18.7,1,10,0,one-year,bank_transfer,basic,0
CUST-03165,29,50.66,0,17,0,one-year,card,standard,1
CUST-03166,23,21.55,2,17,0,one-year,bank_transfer,basic,0
CUST-03167,22,28.92,0,7,0,month-to-month,card,basic,1
CUST-03168,4,48.83,0,12,0,month-to-month,card,standard,1
CUST-03169,5,26.01,1,8,0,month-to-month,card,basic,1
CUST-03170,18,42.04,0,14,0,one-year,bank_transfer,standard,1
CUST-03171,12,45.17,1,17,0,two-year,card,standard,0
CUST-03172,40,36.19,0,12,1,one-year,bank_transfer,standard,0
CUST-03173,1,19.91,0,13,2,one-year,invoice,basic,0
CUST-03174,11,92.89,0,12,0,two-year,card,premium,0
CUST-03175,54,3.67,1,13,0,one-year,card,basic,0
CUST-03176,35,90.13,2,12,0,month-to-month,card,premium,1
CUST-03177,35,22.63,0,11,0,two-year,card,basic,0
CUST-03178,17,22.28,0,11,1,month-to-month,card,basic,1
CUST-03179,27,41.82,5,15,0,month-to-month,bank_transfer,standard,0
CUST-03180,1,23.64,0,13,0,month-to-month,bank_transfer,basic,1
CUST-03181,30,49.06,3,12,1,two-year,bank_transfer,standard,0
CUST-03182,3,92.55,3,6,0,month-to-month,card,premium,1
CUST-03183,14,48.24,1,15,0,month-to-month,card,standard,1
CUST-03184,35,51.29,3,20,2,month-to-month,bank_transfer,standard,1
CUST-03185,27,95.66,1,15,0,month-to-month,card,premium,0
CUST-03186,35,47.78,4,12,0,month-to-month,bank_transfer,standard,1
CUST-03187,44,20.7,1,13,2,one-year,bank_transfer,basic,0
CUST-03188,43,96.5,0,17,0,two-year,card,premium,0
CUST-03189,27,18.2,0,7,0,month-to-month,card,basic,0
CUST-03190,23,12.25,1,9,0,month-to-month,bank_transfer,basic,0
CUST-03191,16,23.06,1,10,0,month-to-month,bank_transfer,basic,1
CUST-03192,10,27.61,0,12,0,month-to-month,card,basic,1
CUST-03193,31,26.73,0,7,1,one-year,card,basic,0
CUST-03194,15,23.29,0,15,0,one-year,card,basic,0
CUST-03195,29,34.94,0,16,0,one-year,bank_transfer,standard,0
CUST-03196,5,45.19,2,8,0,month-to-month,card,standard,1
CUST-03197,33,85.49,3,14,0,one-year,invoice,premium,0
CUST-03198,8,19.27,1,11,0,month-to-month,invoice,basic,1
CUST-03199,10,29.13,0,8,1,month-to-month,invoice,basic,1
CUST-03200,35,42.52,0,13,1,two-year,card,standard,0
CUST-03201,9,32.45,3,11,0,one-year,card,basic,0
CUST-03202,69,16.71,1,7,1,two-year,invoice,basic,0
CUST-03203,32,44.4,2,16,0,two-year,bank_transfer,standard,0
CUST-03204,21,54.07,1,15,0,one-year,card,standard,0
CUST-03205,2,24.55,3,12,0,two-year,invoice,basic,0
CUST-03206,30,52.9,3,9,1,month-to-month,bank_transfer,standard,0
CUST-03207,22,44.38,2,7,2,month-to-month,bank_transfer,standard,1
CUST-03208,14,92.01,1,17,3,month-to-month,invoice,premium,1
CUST-03209,8,12.8,0,15,0,month-to-month,invoice,basic,0
CUST-03210,26,44.22,1,9,0,month-to-month,bank_transfer,standard,0
CUST-03211,34,48.43,0,10,0,month-to-month,card,standard,0
CUST-03212,22,14.08,2,12,0,one-year,bank_transfer,basic,0
CUST-03213,8,55.32,0,13,2,one-year,bank_transfer,standard,0
CUST-03214,6,45.53,0,16,1,one-year,bank_transfer,standard,0
CUST-03215,1,17.68,0,13,0,month-to-month,card,basic,1
CUST-03216,44,43.72,3,6,1,one-year,bank_transfer,standard,0
CUST-03217,35,55.23,3,11,1,month-to-month,bank_transfer,standard,0
CUST-03218,35,45.0,3,8,0,month-to-month,invoice,standard,0
CUST-03219,28,25.85,2,14,0,month-to-month,invoice,basic,1
CUST-03220,5,55.41,1,5,1,month-to-month,card,standard,1
CUST-03221,35,16.32,2,11,1,month-to-month,bank_transfer,basic,0
CUST-03222,23,49.18,2,22,0,two-year,bank_transfer,standard,0
CUST-03223,20,46.16,1,8,0,one-year,bank_transfer,standard,0
CUST-03224,41,52.27,1,12,1,one-year,card,standard,0
CUST-03225,1,47.83,0,10,0,month-to-month,bank_transfer,standard,0
CUST-03226,59,16.5,1,14,0,two-year,bank_transfer,basic,0
CUST-03227,59,19.28,3,13,1,one-year,card,basic,0
CUST-03228,27,39.51,0,11,0,month-to-month,invoice,standard,0
CUST-03229,46,18.54,1,13,0,one-year,invoice,basic,0
CUST-03230,14,52.9,0,22,1,month-to-month,invoice,standard,0
CUST-03231,2,49.83,1,14,0,month-to-month,invoice,standard,1
CUST-03232,28,94.71,1,13,0,month-to-month,card,premium,0
CUST-03233,21,16.74,0,18,0,month-to-month,invoice,basic,0
CUST-03234,32,46.24,1,16,0,month-to-month,invoice,standard,0
CUST-03235,4,12.3,5,14,0,month-to-month,bank_transfer,basic,1
CUST-03236,10,86.57,1,16,1,month-to-month,card,premium,1
CUST-03237,25,60.8,1,15,2,two-year,card,standard,0
CUST-03238,24,50.65,3,11,0,month-to-month,card,standard,1
CUST-03239,28,45.49,1,16,0,month-to-month,bank_transfer,standard,0
CUST-03240,34,12.96,1,16,0,month-to-month,bank_transfer,basic,1
CUST-03241,21,39.41,0,18,0,two-year,bank_transfer,standard,0
CUST-03242,29,84.02,2,6,0,one-year,bank_transfer,premium,0
CUST-03243,2,23.56,0,11,0,two-year,card,basic,0
CUST-03244,9,86.44,3,7,0,month-to-month,card,premium,1
CUST-03245,13,83.25,0,15,0,month-to-month,bank_transfer,premium,1
CUST-03246,35,83.91,3,8,0,one-year,card,premium,0
CUST-03247,16,92.9,1,10,0,month-to-month,invoice,premium,1
CUST-03248,26,18.51,1,13,0,two-year,invoice,basic,0
CUST-03249,44,45.24,2,8,0,two-year,card,standard,0
CUST-03250,29,17.15,1,13,2,month-to-month,bank_transfer,basic,1
CUST-03251,17,62.24,3,10,0,two-year,invoice,standard,0
CUST-03252,20,26.32,0,14,0,one-year,invoice,basic,0
CUST-03253,25,97.81,2,13,0,month-to-month,bank_transfer,premium,1
CUST-03254,28,8.49,0,6,0,month-to-month,invoice,basic,0
CUST-03255,29,18.09,0,13,0,month-to-month,bank_transfer,basic,1
CUST-03256,15,15.13,2,10,0,two-year,card,basic,0
CUST-03257,19,52.26,0,7,0,month-to-month,bank_transfer,standard,1
CUST-03258,32,25.36,1,15,1,month-to-month,bank_transfer,basic,0
CUST-03259,23,20.96,0,9,0,one-year,invoice,basic,0
CUST-03260,15,13.77,1,11,1,month-to-month,card,basic,1
CUST-03261,35,15.03,0,14,0,month-to-month,card,basic,0
CUST-03262,6,92.72,0,13,0,one-year,bank_transfer,premium,0
CUST-03263,25,53.32,0,15,2,month-to-month,invoice,standard,1
CUST-03264,30,19.85,0,12,1,month-to-month,bank_transfer,basic,0
CUST-03265,5,19.78,0,6,0,month-to-month,card,basic,1
CUST-03266,25,19.3,0,7,0,month-to-month,invoice,basic,0
CUST-03267,16,20.61,2,6,1,month-to-month,bank_transfer,basic,1
CUST-03268,51,23.3,1,20,0,one-year,invoice,basic,0
CUST-03269,65,22.78,1,9,0,two-year,invoice,basic,0
CUST-03270,31,19.14,0,13,0,month-to-month,card,basic,0
CUST-03271,4,18.71,1,8,0,two-year,invoice,basic,0
CUST-03272,45,48.48,0,17,1,one-year,card,standard,0
CUST-03273,55,14.32,1,11,0,one-year,invoice,basic,0
CUST-03274,37,44.24,0,19,0,one-year,card,standard,0
CUST-03275,36,52.26,0,17,0,one-year,bank_transfer,standard,0
CUST-03276,3,84.72,1,10,0,two-year,card,premium,1
CUST-03277,30,23.88,0,12,1,month-to-month,card,basic,1
CUST-03278,1,48.69,1,10,0,month-to-month,invoice,standard,1
CUST-03279,11,93.92,1,13,0,month-to-month,card,premium,1
CUST-03280,33,92.82,0,21,2,month-to-month,card,premium,0
CUST-03281,56,94.06,3,16,0,one-year,invoice,premium,0
CUST-03282,35,16.14,2,9,0,month-to-month,card,basic,0
CUST-03283,17,91.45,3,17,0,month-to-month,bank_transfer,premium,1
CUST-03284,6,93.43,5,17,0,month-to-month,invoice,premium,1
CUST-03285,17,9.69,3,16,0,month-to-month,card,basic,0
CUST-03286,6,29.21,2,9,1,one-year,card,basic,0
CUST-03287,52,102.6,3,11,0,one-year,bank_transfer,premium,0
CUST-03288,20,24.68,1,12,0,month-to-month,bank_transfer,basic,1
CUST-03289,14,53.84,3,8,0,month-to-month,card,standard,0
CUST-03290,2,52.53,1,11,0,month-to-month,bank_transfer,standard,1
CUST-03291,14,47.06,2,8,0,month-to-month,card,standard,0
CUST-03292,51,18.34,2,8,0,one-year,card,basic,0
CUST-03293,42,54.79,3,15,0,one-year,card,standard,0
CUST-03294,2,43.16,2,15,0,month-to-month,invoice,standard,0
CUST-03295,5,82.64,0,13,0,month-to-month,card,premium,0
CUST-03296,28,16.62,0,12,1,two-year,card,basic,0
CUST-03297,6,22.94,1,12,1,one-year,invoice,basic,0
CUST-03298,33,13.8,0,12,0,month-to-month,card,basic,0
CUST-03299,23,17.65,1,14,0,month-to-month,invoice,basic,0
CUST-03300,3,88.36,0,7,1,month-to-month,invoice,premium,1
CUST-03301,56,12.93,0,12,0,two-year,card,basic,0
CUST-03302,13,4.36,0,13,0,month-to-month,card,basic,0
CUST-03303,8,82.84,0,14,1,month-to-month,card,premium,0
CUST-03304,41,20.57,1,12,0,two-year,card,basic,0
CUST-03305,1,21.92,1,13,1,one-year,card,basic,0
CUST-03306,16,51.97,3,16,1,month-to-month,card,standard,1
CUST-03307,30,22.66,1,10,1,month-to-month,card,basic,0
CUST-03308,33,85.24,1,18,0,month-to-month,invoice,premium,0
CUST-03309,20,43.96,1,10,0,one-year,card,standard,0
CUST-03310,23,21.25,2,11,0,month-to-month,card,basic,1
CUST-03311,16,47.73,2,11,1,two-year,card,standard,0
CUST-03312,40,94.44,0,11,1,two-year,card,premium,0
CUST-03313,9,21.29,1,13,1,month-to-month,bank_transfer,basic,1
CUST-03314,34,56.7,1,12,0,one-year,bank_transfer,standard,0
CUST-03315,6,46.21,2,10,1,month-to-month,card,standard,1
CUST-03316,33,55.41,3,9,0,month-to-month,bank_transfer,standard,1
CUST-03317,53,61.21,2,9,0,one-year,card,standard,0
CUST-03318,12,19.32,1,13,0,month-to-month,invoice,basic,1
CUST-03319,27,52.0,2,11,0,month-to-month,card,standard,0
CUST-03320,3,13.42,1,17,1,month-to-month,bank_transfer,basic,0
CUST-03321,26,54.36,1,18,0,month-to-month,card,standard,0
CUST-03322,10,55.77,2,11,0,month-to-month,card,standard,1
CUST-03323,8,16.03,2,15,0,one-year,bank_transfer,basic,0
CUST-03324,48,22.52,2,11,0,two-year,card,basic,0
CUST-03325,28,90.68,2,10,0,one-year,bank_transfer,premium,0
CUST-03326,38,21.34,1,11,0,two-year,bank_transfer,basic,0
CUST-03327,18,23.87,0,14,0,month-to-month,card,basic,0
CUST-03328,4,22.11,1,13,0,two-year,invoice,basic,0
CUST-03329,1,48.17,2,12,0,month-to-month,card,standard,0
CUST-03330,21,24.0,0,16,1,month-to-month,invoice,basic,0
CUST-03331,44,95.67,1,7,0,two-year,card,premium,0
CUST-03332,1,45.67,1,17,0,month-to-month,card,standard,0
CUST-03333,13,18.99,1,13,0,month-to-month,card,basic,0
CUST-03334,22,38.39,1,9,1,month-to-month,bank_transfer,standard,1
CUST-03335,23,22.5,2,16,1,month-to-month,bank_transfer,basic,1
CUST-03336,29,26.34,4,12,1,month-to-month,bank_transfer,basic,1
CUST-03337,15,47.46,3,8,0,month-to-month,card,standard,0
CUST-03338,39,19.8,1,9,0,two-year,card,basic,0
CUST-03339,20,87.68,1,9,2,month-to-month,bank_transfer,premium,1
CUST-03340,11,46.7,0,10,0,month-to-month,invoice,standard,0
CUST-03341,1,20.39,0,16,0,month-to-month,card,basic,1
CUST-03342,1,84.29,3,16,2,two-year,invoice,premium,0
CUST-03343,30,47.59,0,11,0,month-to-month,bank_transfer,standard,0
CUST-03344,7,13.57,0,9,1,month-to-month,bank_transfer,basic,1
CUST-03345,22,52.53,0,19,0,month-to-month,bank_transfer,standard,1
CUST-03346,34,90.44,1,18,1,one-year,card,premium,0
CUST-03347,23,46.41,0,13,2,one-year,card,standard,0
CUST-03348,50,49.22,0,11,0,one-year,bank_transfer,standard,0
CUST-03349,41,47.68,1,14,1,one-year,invoice,standard,0
CUST-03350,1,25.86,1,12,1,month-to-month,bank_transfer,basic,1
CUST-03351,27,16.35,0,13,1,month-to-month,card,basic,0
CUST-03352,18,52.81,0,16,0,month-to-month,card,standard,1
CUST-03353,12,84.77,2,17,0,month-to-month,card,premium,1
CUST-03354,26,53.89,3,12,0,month-to-month,bank_transfer,standard,0
CUST-03355,24,25.22,2,12,0,month-to-month,card,basic,1
CUST-03356,11,55.51,1,12,1,month-to-month,card,standard,0
CUST-03357,58,27.83,1,10,0,one-year,bank_transfer,basic,0
CUST-03358,23,20.75,1,12,0,month-to-month,card,basic,0
CUST-03359,36,56.43,1,11,1,one-year,card,standard,0
CUST-03360,4,28.75,2,14,0,one-year,bank_transfer,basic,0
CUST-03361,10,82.27,0,8,0,month-to-month,card,premium,1
CUST-03362,16,45.38,1,16,0,month-to-month,card,standard,0
CUST-03363,37,40.03,0,15,0,one-year,card,standard,0
CUST-03364,30,95.37,0,12,0,one-year,card,premium,0
CUST-03365,27,39.95,0,8,0,month-to-month,invoice,standard,0
CUST-03366,9,78.32,0,14,1,month-to-month,bank_transfer,premium,0
CUST-03367,42,82.42,1,16,1,one-year,card,premium,0
CUST-03368,48,38.57,1,10,0,one-year,card,standard,0
CUST-03369,27,20.63,3,3,0,month-to-month,card,basic,1
CUST-03370,27,12.49,1,15,0,month-to-month,invoice,basic,1
CUST-03371,63,78.86,1,7,0,two-year,bank_transfer,premium,0
CUST-03372,3,18.75,1,11,0,month-to-month,bank_transfer,basic,1
CUST-03373,50,89.1,4,12,0,two-year,card,premium,0
CUST-03374,34,7.78,1,7,1,month-to-month,invoice,basic,0
CUST-03375,20,44.72,1,16,0,month-to-month,invoice,standard,0
CUST-03376,7,18.55,1,18,0,month-to-month,card,basic,1
CUST-03377,35,86.86,0,19,0,month-to-month,card,premium,0
CUST-03378,12,17.02,0,15,0,two-year,card,basic,0
CUST-03379,12,26.08,1,11,0,month-to-month,bank_transfer,basic,1
CUST-03380,12,101.88,1,11,1,two-year,card,premium,0
CUST-03381,16,17.12,3,19,1,month-to-month,card,basic,0
CUST-03382,30,11.07,1,8,0,two-year,bank_transfer,basic,1
CUST-03383,35,87.59,2,10,0,two-year,bank_transfer,premium,0
CUST-03384,55,90.17,1,6,0,one-year,card,premium,0
CUST-03385,17,18.68,3,12,0,month-to-month,card,basic,0
CUST-03386,30,52.66,1,5,0,one-year,card,standard,0
CUST-03387,31,32.27,2,17,1,month-to-month,card,basic,1
CUST-03388,58,8.72,1,12,1,two-year,invoice,basic,0
CUST-03389,8,45.96,1,15,0,month-to-month,bank_transfer,standard,0
CUST-03390,1,28.25,0,11,0,month-to-month,invoice,basic,1
CUST-03391,22,45.87,2,16,0,month-to-month,bank_transfer,standard,1
CUST-03392,50,23.74,0,10,0,one-year,bank_transfer,basic,0
CUST-03393,39,92.79,0,14,0,two-year,card,premium,0
CUST-03394,7,56.42,3,10,0,month-to-month,card,standard,1
CUST-03395,44,30.48,0,10,1,one-year,invoice,basic,1
CUST-03396,48,91.0,0,20,1,two-year,bank_transfer,premium,0
CUST-03397,20,78.53,1,14,0,month-to-month,invoice,premium,1
CUST-03398,31,14.8,1,10,0,month-to-month,bank_transfer,basic,1
CUST-03399,47,102.12,3,9,0,one-year,card,premium,0
CUST-03400,40,10.51,2,17,0,one-year,card,basic,0
CUST-03401,23,21.98,0,14,1,month-to-month,card,basic,0
CUST-03402,47,3.91,0,11,0,two-year,bank_transfer,basic,0
CUST-03403,18,10.89,3,9,0,month-to-month,invoice,basic,1
CUST-03404,33,54.32,0,13,1,two-year,invoice,standard,0
CUST-03405,51,49.22,1,8,0,two-year,bank_transfer,standard,0
CUST-03406,43,86.74,0,16,0,two-year,card,premium,0
CUST-03407,17,14.11,0,10,0,month-to-month,card,basic,0
CUST-03408,4,7.02,3,13,0,month-to-month,card,basic,0
CUST-03409,25,23.16,3,12,0,month-to-month,invoice,basic,0
CUST-03410,23,17.3,0,14,0,month-to-month,bank_transfer,basic,0
CUST-03411,20,79.87,0,5,0,one-year,bank_transfer,premium,0
CUST-03412,12,49.18,1,12,0,month-to-month,invoice,standard,1
CUST-03413,8,52.49,1,16,0,month-to-month,card,standard,0
CUST-03414,34,47.8,4,15,0,month-to-month,invoice,standard,1
CUST-03415,30,19.7,0,11,0,month-to-month,bank_transfer,basic,0
CUST-03416,20,19.23,2,15,1,month-to-month,card,basic,1
CUST-03417,24,44.76,2,10,0,one-year,bank_transfer,standard,0
CUST-03418,44,89.33,2,17,0,one-year,card,premium,0
CUST-03419,18,23.41,1,15,0,month-to-month,bank_transfer,basic,1
CUST-03420,70,25.21,2,10,0,two-year,card,basic,0
CUST-03421,3,53.74,3,16,0,two-year,card,standard,0
CUST-03422,1,14.95,0,15,0,month-to-month,bank_transfer,basic,1
CUST-03423,34,52.82,1,9,0,one-year,card,standard,0
CUST-03424,7,21.79,0,16,0,month-to-month,card,basic,0
CUST-03425,21,44.74,0,17,0,month-to-month,invoice,standard,0
CUST-03426,28,16.21,1,9,0,month-to-month,card,basic,0
CUST-03427,4,93.08,1,13,0,month-to-month,bank_transfer,premium,0
CUST-03428,31,57.26,0,6,0,two-year,bank_transfer,standard,0
CUST-03429,49,8.13,1,13,0,two-year,card,basic,0
CUST-03430,60,58.84,0,6,1,two-year,invoice,standard,0
CUST-03431,29,55.98,0,13,0,one-year,card,standard,0
CUST-03432,12,50.19,0,5,0,one-year,card,standard,0
CUST-03433,42,87.56,1,14,0,two-year,card,premium,0
CUST-03434,16,91.34,1,9,1,month-to-month,bank_transfer,premium,1
CUST-03435,27,15.16,1,16,0,month-to-month,card,basic,0
CUST-03436,33,17.93,3,7,0,one-year,card,basic,0
CUST-03437,10,10.15,0,10,0,month-to-month,bank_transfer,basic,1
CUST-03438,27,38.55,1,7,0,month-to-month,bank_transfer,standard,1
CUST-03439,18,102.99,2,12,0,month-to-month,card,premium,1
CUST-03440,10,49.38,4,14,1,one-year,card,standard,0
CUST-03441,20,20.22,2,11,0,month-to-month,card,basic,1
CUST-03442,34,88.82,3,14,0,month-to-month,card,premium,1
CUST-03443,25,44.03,1,10,2,month-to-month,bank_transfer,standard,1
CUST-03444,10,17.16,2,8,0,month-to-month,card,basic,0
CUST-03445,51,89.55,2,16,0,two-year,card,premium,0
CUST-03446,10,17.82,1,10,0,month-to-month,card,basic,1
CUST-03447,32,44.49,2,14,0,one-year,bank_transfer,standard,1
CUST-03448,31,51.88,1,12,2,one-year,bank_transfer,standard,0
CUST-03449,8,90.13,0,15,0,month-to-month,card,premium,0
CUST-03450,25,21.36,2,14,0,two-year,bank_transfer,basic,1
CUST-03451,56,23.23,1,18,0,one-year,bank_transfer,basic,0
CUST-03452,15,47.98,1,12,0,one-year,card,standard,0
CUST-03453,28,87.99,0,17,0,month-to-month,card,premium,0
CUST-03454,24,27.89,0,9,0,month-to-month,card,basic,1
CUST-03455,38,13.34,2,11,2,two-year,invoice,basic,0
CUST-03456,8,77.76,0,21,0,one-year,card,premium,0
CUST-03457,14,52.33,1,14,2,two-year,card,standard,0
CUST-03458,12,15.22,1,13,0,two-year,bank_transfer,basic,0
CUST-03459,21,12.54,2,7,1,month-to-month,bank_transfer,basic,0
CUST-03460,58,54.31,1,9,0,one-year,invoice,standard,0
CUST-03461,31,48.13,0,16,1,month-to-month,card,standard,0
CUST-03462,1,41.42,2,14,1,one-year,card,standard,0
CUST-03463,9,60.61,1,11,1,month-to-month,bank_transfer,standard,1
CUST-03464,5,9.34,1,10,0,month-to-month,bank_transfer,basic,0
CUST-03465,58,88.48,0,11,2,one-year,invoice,premium,0
CUST-03466,14,7.66,1,11,2,one-year,bank_transfer,basic,1
CUST-03467,12,90.62,1,13,0,one-year,card,premium,1
CUST-03468,22,15.15,2,11,0,month-to-month,card,basic,0
CUST-03469,20,23.92,2,16,0,month-to-month,invoice,basic,0
CUST-03470,16,18.9,0,11,0,two-year,bank_transfer,basic,1
CUST-03471,24,27.1,1,17,0,month-to-month,card,basic,0
CUST-03472,3,46.42,0,10,1,month-to-month,card,standard,1
CUST-03473,1,39.37,2,11,1,one-year,bank_transfer,standard,0
CUST-03474,2,90.43,1,12,0,month-to-month,card,premium,1
CUST-03475,21,47.48,3,14,0,one-year,bank_transfer,standard,0
CUST-03476,35,38.08,0,13,1,month-to-month,bank_transfer,standard,0
CUST-03477,39,12.67,1,15,0,two-year,card,basic,0
CUST-03478,54,84.58,0,17,0,two-year,invoice,premium,0
CUST-03479,23,28.33,0,13,0,two-year,invoice,basic,0
CUST-03480,43,23.24,3,12,0,one-year,card,basic,0
CUST-03481,34,16.91,2,12,0,month-to-month,card,basic,0
CUST-03482,21,21.83,2,7,0,one-year,invoice,basic,0
CUST-03483,71,36.76,2,16,0,two-year,card,standard,0
CUST-03484,38,15.61,3,18,0,one-year,invoice,basic,0
CUST-03485,44,21.41,4,8,1,one-year,card,basic,0
CUST-03486,15,89.99,2,13,0,one-year,bank_transfer,premium,0
CUST-03487,38,15.76,1,11,0,one-year,bank_transfer,basic,0
CUST-03488,30,48.77,3,14,2,one-year,card,standard,1
CUST-03489,34,21.03,4,22,1,month-to-month,bank_transfer,basic,1
CUST-03490,32,88.94,1,9,2,month-to-month,card,premium,1
CUST-03491,23,54.17,1,9,0,one-year,card,standard,0
CUST-03492,34,20.91,1,14,0,month-to-month,card,basic,1
CUST-03493,63,92.07,2,11,0,two-year,card,premium,0
CUST-03494,35,59.28,0,15,0,one-year,card,standard,0
CUST-03495,2,23.97,1,14,0,month-to-month,card,basic,1
CUST-03496,11,59.45,3,11,0,two-year,card,standard,0
CUST-03497,4,44.97,2,12,2,one-year,card,standard,1
CUST-03498,6,9.45,1,14,1,one-year,card,basic,1
CUST-03499,35,18.16,1,10,1,month-to-month,invoice,basic,1
CUST-03500,15,17.65,1,13,1,two-year,card,basic,0
CUST-03501,24,57.76,2,8,1,month-to-month,bank_transfer,standard,1
CUST-03502,38,82.22,0,13,1,one-year,card,premium,0
CUST-03503,22,48.53,1,14,0,month-to-month,card,standard,0
CUST-03504,12,91.43,3,14,2,one-year,card,premium,1
CUST-03505,34,19.6,1,11,0,one-year,card,basic,0
CUST-03506,37,47.97,1,14,0,one-year,bank_transfer,standard,0
CUST-03507,20,91.15,1,9,1,month-to-month,bank_transfer,premium,1
CUST-03508,13,55.47,3,7,0,two-year,card,standard,1
CUST-03509,43,28.21,3,10,0,one-year,card,basic,0
CUST-03510,2,19.2,1,6,0,month-to-month,invoice,basic,1
CUST-03511,42,14.1,1,10,1,two-year,card,basic,0
CUST-03512,26,58.21,0,11,0,one-year,bank_transfer,standard,0
CUST-03513,18,82.53,0,9,1,two-year,bank_transfer,premium,0
CUST-03514,58,29.74,1,12,0,two-year,card,basic,0
CUST-03515,12,27.06,1,16,0,two-year,card,basic,0
CUST-03516,55,27.94,3,12,0,one-year,card,basic,0
CUST-03517,53,53.11,0,11,1,one-year,bank_transfer,standard,0
CUST-03518,12,36.33,0,13,0,month-to-month,invoice,standard,1
CUST-03519,10,12.77,1,14,0,month-to-month,card,basic,0
CUST-03520,8,50.84,2,9,1,one-year,invoice,standard,1
CUST-03521,32,14.95,3,12,1,month-to-month,card,basic,0
CUST-03522,45,47.11,0,14,0,two-year,card,standard,0
CUST-03523,1,52.68,1,12,0,month-to-month,bank_transfer,standard,0
CUST-03524,18,17.98,2,16,1,month-to-month,invoice,basic,1
CUST-03525,3,41.69,0,10,2,month-to-month,card,standard,1
CUST-03526,20,54.31,0,7,0,month-to-month,bank_transfer,standard,0
CUST-03527,18,52.09,1,16,0,month-to-month,card,standard,0
CUST-03528,2,47.51,2,11,0,month-to-month,invoice,standard,1
CUST-03529,58,53.27,1,15,0,two-year,invoice,standard,0
CUST-03530,9,19.57,1,9,0,month-to-month,bank_transfer,basic,0
CUST-03531,19,96.99,0,8,0,month-to-month,bank_transfer,premium,0
CUST-03532,23,89.91,0,8,0,month-to-month,bank_transfer,premium,1
CUST-03533,34,26.94,3,12,1,month-to-month,invoice,basic,0
CUST-03534,17,77.76,2,10,0,month-to-month,bank_transfer,premium,0
CUST-03535,55,51.76,1,14,1,one-year,card,standard,0
CUST-03536,21,16.61,2,9,2,one-year,invoice,basic,0
CUST-03537,30,43.85,1,16,2,month-to-month,bank_transfer,standard,1
CUST-03538,14,25.95,2,10,1,one-year,bank_transfer,basic,0
CUST-03539,25,54.33,0,13,1,month-to-month,bank_transfer,standard,1
CUST-03540,3,76.96,2,10,1,month-to-month,card,premium,0
CUST-03541,70,23.29,1,11,0,two-year,card,basic,0
CUST-03542,34,52.56,0,11,0,month-to-month,card,standard,1
CUST-03543,31,14.66,3,12,2,two-year,invoice,basic,0
CUST-03544,18,43.99,1,10,0,month-to-month,bank_transfer,standard,0
CUST-03545,21,79.46,0,14,0,month-to-month,invoice,premium,0
CUST-03546,9,16.97,1,8,1,month-to-month,card,basic,1
CUST-03547,24,47.94,0,6,0,month-to-month,invoice,standard,0
CUST-03548,50,23.78,1,9,1,two-year,card,basic,0
CUST-03549,18,50.62,1,7,0,month-to-month,card,standard,1
CUST-03550,10,42.64,1,8,0,two-year,invoice,standard,0
CUST-03551,66,50.43,1,11,0,two-year,bank_transfer,standard,0
CUST-03552,6,17.48,2,19,2,one-year,invoice,basic,0
CUST-03553,22,43.39,1,12,0,month-to-month,bank_transfer,standard,0
CUST-03554,3,39.46,2,13,0,month-to-month,card,standard,0
CUST-03555,5,52.75,2,11,0,month-to-month,card,standard,1
CUST-03556,1,51.68,0,7,1,one-year,invoice,standard,0
CUST-03557,13,92.34,0,9,0,month-to-month,card,premium,0
CUST-03558,46,14.63,3,16,0,two-year,bank_transfer,basic,0
CUST-03559,31,20.03,1,17,0,one-year,card,basic,0
CUST-03560,24,80.75,1,15,0,month-to-month,card,premium,1
CUST-03561,40,13.08,0,13,0,one-year,invoice,basic,0
CUST-03562,5,89.2,2,12,2,month-to-month,invoice,premium,1
CUST-03563,4,50.57,1,13,0,two-year,card,standard,0
CUST-03564,22,79.23,2,16,0,month-to-month,card,premium,0
CUST-03565,47,42.65,1,10,0,two-year,card,standard,0
CUST-03566,40,86.81,0,9,0,two-year,card,premium,0
CUST-03567,17,54.75,2,8,1,two-year,invoice,standard,0
CUST-03568,29,44.12,0,11,0,month-to-month,card,standard,0
CUST-03569,5,19.84,0,7,0,two-year,card,basic,0
CUST-03570,22,20.47,1,14,0,month-to-month,bank_transfer,basic,1
CUST-03571,7,17.5,0,9,0,one-year,bank_transfer,basic,0
CUST-03572,23,90.61,3,17,0,month-to-month,card,premium,1
CUST-03573,15,10.93,0,16,0,month-to-month,invoice,basic,0
CUST-03574,25,45.07,2,21,0,month-to-month,card,standard,1
CUST-03575,1,57.61,0,15,0,month-to-month,card,standard,1
CUST-03576,19,28.03,2,18,2,month-to-month,invoice,basic,1
CUST-03577,10,94.06,1,11,1,two-year,card,premium,0
CUST-03578,24,25.6,0,12,1,month-to-month,invoice,basic,1
CUST-03579,7,38.04,2,10,0,one-year,bank_transfer,standard,0
CUST-03580,2,43.31,0,11,1,month-to-month,invoice,standard,0
CUST-03581,42,17.13,0,14,0,one-year,card,basic,0
CUST-03582,3,33.49,4,12,1,one-year,card,basic,0
CUST-03583,8,47.12,4,19,2,month-to-month,invoice,standard,1
CUST-03584,49,23.47,0,8,1,one-year,invoice,basic,0
CUST-03585,58,91.27,0,14,0,two-year,invoice,premium,0
CUST-03586,61,51.14,0,9,0,two-year,card,standard,0
CUST-03587,11,18.86,0,9,0,month-to-month,bank_transfer,basic,0
CUST-03588,19,11.8,1,12,0,month-to-month,card,basic,0
CUST-03589,46,2.79,0,11,0,one-year,card,basic,0
CUST-03590,4,56.69,1,14,2,month-to-month,bank_transfer,standard,0
CUST-03591,52,45.3,0,6,0,two-year,bank_transfer,standard,0
CUST-03592,3,7.8,0,8,1,month-to-month,bank_transfer,basic,0
CUST-03593,65,51.63,2,17,1,two-year,card,standard,0
CUST-03594,22,51.51,0,8,0,month-to-month,invoice,standard,0
CUST-03595,17,53.61,2,14,0,month-to-month,invoice,standard,1
CUST-03596,34,25.69,1,15,0,two-year,card,basic,0
CUST-03597,13,13.49,0,13,1,two-year,invoice,basic,1
CUST-03598,24,13.75,1,10,1,two-year,invoice,basic,0
CUST-03599,52,47.09,1,12,1,two-year,card,standard,0
CUST-03600,19,53.93,0,10,0,month-to-month,bank_transfer,standard,1
CUST-03601,19,6.38,2,12,3,month-to-month,invoice,basic,1
CUST-03602,7,19.77,3,18,1,month-to-month,bank_transfer,basic,1
CUST-03603,24,54.59,3,9,1,month-to-month,card,standard,1
CUST-03604,14,24.35,0,9,0,month-to-month,bank_transfer,basic,0
CUST-03605,13,53.25,3,12,1,two-year,bank_transfer,standard,0
CUST-03606,33,55.38,1,9,0,month-to-month,bank_transfer,standard,1
CUST-03607,18,2.52,3,11,0,month-to-month,card,basic,1
CUST-03608,19,58.68,1,12,0,month-to-month,card,standard,0
CUST-03609,35,20.98,2,18,0,month-to-month,invoice,basic,1
CUST-03610,13,57.01,1,9,0,month-to-month,card,standard,1
CUST-03611,56,11.95,2,17,0,one-year,invoice,basic,0
CUST-03612,25,38.48,2,8,0,month-to-month,card,standard,1
CUST-03613,37,59.72,0,4,0,one-year,invoice,standard,0
CUST-03614,16,13.44,0,15,0,two-year,card,basic,0
CUST-03615,3,47.13,1,11,0,one-year,invoice,standard,0
CUST-03616,26,52.16,1,14,0,one-year,invoice,standard,0
CUST-03617,1,93.64,6,10,0,month-to-month,card,premium,1
CUST-03618,2,25.47,2,18,0,month-to-month,card,basic,1
CUST-03619,21,20.34,1,10,0,month-to-month,invoice,basic,1
CUST-03620,52,12.67,0,13,0,two-year,bank_transfer,basic,0
CUST-03621,10,93.24,2,13,0,one-year,bank_transfer,premium,1
CUST-03622,26,53.34,0,11,0,month-to-month,card,standard,0
CUST-03623,34,8.11,1,12,1,month-to-month,invoice,basic,0
CUST-03624,53,57.51,2,11,0,two-year,bank_transfer,standard,0
CUST-03625,47,4.08,0,15,2,one-year,card,basic,0
CUST-03626,42,55.21,0,14,0,one-year,card,standard,0
CUST-03627,16,45.2,1,7,1,two-year,card,standard,1
CUST-03628,21,53.23,3,11,0,one-year,invoice,standard,0
CUST-03629,56,52.06,1,15,0,one-year,invoice,standard,0
CUST-03630,23,18.78,2,14,0,month-to-month,card,basic,0
CUST-03631,28,51.71,1,14,1,month-to-month,card,standard,0
CUST-03632,69,48.48,1,9,1,two-year,card,standard,0
CUST-03633,13,23.28,1,8,0,one-year,card,basic,0
CUST-03634,11,102.11,1,17,1,month-to-month,invoice,premium,1
CUST-03635,38,40.95,3,12,1,one-year,bank_transfer,standard,0
CUST-03636,1,69.87,2,8,0,month-to-month,card,premium,1
CUST-03637,41,46.51,1,14,0,two-year,card,standard,0
CUST-03638,29,16.1,3,11,0,month-to-month,card,basic,0
CUST-03639,43,46.73,3,8,1,two-year,bank_transfer,standard,0
CUST-03640,10,13.44,0,15,0,month-to-month,card,basic,0
CUST-03641,26,24.23,2,10,1,month-to-month,card,basic,1
CUST-03642,5,40.71,0,7,0,month-to-month,invoice,standard,1
CUST-03643,64,21.7,1,11,0,two-year,bank_transfer,basic,0
CUST-03644,3,22.83,0,17,0,month-to-month,invoice,basic,0
CUST-03645,31,90.9,1,12,0,month-to-month,card,premium,1
CUST-03646,29,21.92,1,8,1,one-year,card,basic,0
CUST-03647,15,54.7,0,12,0,month-to-month,invoice,standard,1
CUST-03648,18,49.32,1,12,0,month-to-month,invoice,standard,1
CUST-03649,7,46.92,1,11,0,month-to-month,bank_transfer,standard,1
CUST-03650,32,21.92,3,13,0,two-year,bank_transfer,basic,0
CUST-03651,30,52.6,2,12,0,month-to-month,card,standard,0
CUST-03652,28,54.34,0,10,2,month-to-month,bank_transfer,standard,0
CUST-03653,5,78.73,1,8,0,month-to-month,card,premium,1
CUST-03654,24,17.9,1,8,0,month-to-month,card,basic,0
CUST-03655,30,12.61,0,11,0,month-to-month,bank_transfer,basic,1
CUST-03656,29,52.37,3,15,0,month-to-month,card,standard,1
CUST-03657,15,23.36,1,8,1,month-to-month,card,basic,1
CUST-03658,1,47.35,2,15,0,month-to-month,card,standard,1
CUST-03659,67,44.62,3,15,1,two-year,card,standard,0
CUST-03660,14,52.58,2,17,2,month-to-month,invoice,standard,1
CUST-03661,12,88.2,2,14,0,month-to-month,invoice,premium,1
CUST-03662,54,57.56,0,15,0,two-year,card,standard,0
CUST-03663,19,99.64,3,13,0,two-year,card,premium,0
CUST-03664,50,55.0,1,4,2,one-year,invoice,standard,0
CUST-03665,2,20.4,0,17,1,month-to-month,card,basic,1
CUST-03666,26,59.95,1,13,0,month-to-month,bank_transfer,standard,1
CUST-03667,34,50.44,3,14,0,month-to-month,card,standard,1
CUST-03668,35,86.12,1,13,0,month-to-month,bank_transfer,premium,1
CUST-03669,33,14.95,1,13,0,month-to-month,card,basic,0
CUST-03670,52,14.78,2,11,0,one-year,bank_transfer,basic,0
CUST-03671,10,88.96,1,6,1,month-to-month,bank_transfer,premium,1
CUST-03672,57,21.78,1,15,0,one-year,card,basic,0
CUST-03673,33,40.51,2,15,0,month-to-month,card,standard,1
CUST-03674,19,46.31,3,10,1,month-to-month,bank_transfer,standard,1
CUST-03675,24,20.28,1,7,0,one-year,invoice,basic,0
CUST-03676,7,22.86,0,11,1,two-year,card,basic,0
CUST-03677,21,88.84,1,10,0,month-to-month,card,premium,0
CUST-03678,42,20.47,2,18,0,one-year,bank_transfer,basic,1
CUST-03679,14,41.57,0,15,1,month-to-month,card,standard,0
CUST-03680,14,43.53,1,9,0,month-to-month,invoice,standard,1
CUST-03681,34,48.63,1,13,1,one-year,invoice,standard,1
CUST-03682,1,52.06,0,9,1,month-to-month,card,standard,0
CUST-03683,34,20.39,1,13,2,month-to-month,bank_transfer,basic,0
CUST-03684,10,83.91,0,9,1,month-to-month,bank_transfer,premium,1
CUST-03685,5,17.58,0,18,0,month-to-month,card,basic,0
CUST-03686,1,28.07,2,13,0,month-to-month,bank_transfer,basic,0
CUST-03687,30,92.27,0,15,0,month-to-month,card,premium,0
CUST-03688,62,18.02,1,11,0,two-year,card,basic,0
CUST-03689,5,12.84,0,13,1,one-year,bank_transfer,basic,0
CUST-03690,5,84.72,0,6,1,month-to-month,bank_transfer,premium,1
CUST-03691,16,19.04,2,12,1,month-to-month,bank_transfer,basic,1
CUST-03692,11,20.66,2,7,0,one-year,card,basic,0
CUST-03693,26,52.39,3,14,0,month-to-month,bank_transfer,standard,1
CUST-03694,2,51.33,1,7,1,month-to-month,card,standard,1
CUST-03695,32,86.78,0,10,0,one-year,bank_transfer,premium,0
CUST-03696,13,45.93,0,15,0,month-to-month,card,standard,0
CUST-03697,16,101.28,0,8,0,month-to-month,bank_transfer,premium,1
CUST-03698,15,15.66,0,9,1,month-to-month,card,basic,1
CUST-03699,5,41.25,1,12,0,month-to-month,card,standard,1
CUST-03700,7,9.17,1,9,1,month-to-month,card,basic,0
CUST-03701,4,86.88,1,12,0,two-year,bank_transfer,premium,0
CUST-03702,4,94.64,0,6,0,month-to-month,card,premium,1
CUST-03703,58,15.54,1,10,2,one-year,card,basic,0
CUST-03704,16,97.87,1,14,2,one-year,card,premium,1
CUST-03705,11,48.96,2,13,1,month-to-month,bank_transfer,standard,1
CUST-03706,4,25.66,1,11,0,month-to-month,invoice,basic,0
CUST-03707,27,44.45,2,6,0,month-to-month,invoice,standard,1
CUST-03708,55,84.55,2,12,0,one-year,invoice,premium,0
CUST-03709,28,19.55,3,17,0,month-to-month,invoice,basic,1
CUST-03710,36,21.9,2,9,0,one-year,card,basic,0
CUST-03711,58,87.93,1,16,0,two-year,card,premium,0
CUST-03712,24,50.75,1,13,0,one-year,card,standard,0
CUST-03713,61,52.53,1,20,0,two-year,card,standard,0
CUST-03714,47,40.48,0,7,0,one-year,invoice,standard,0
CUST-03715,1,46.95,0,12,0,two-year,invoice,standard,0
CUST-03716,35,15.89,0,14,0,two-year,bank_transfer,basic,0
CUST-03717,15,16.18,1,8,1,one-year,invoice,basic,0
CUST-03718,6,91.44,0,17,2,two-year,bank_transfer,premium,0
CUST-03719,60,45.97,2,12,0,two-year,card,standard,0
CUST-03720,1,36.97,0,15,0,month-to-month,card,standard,0
CUST-03721,43,87.58,2,8,0,one-year,invoice,premium,1
CUST-03722,35,12.61,1,10,0,month-to-month,bank_transfer,basic,0
CUST-03723,34,91.98,1,15,0,two-year,card,premium,0
CUST-03724,13,53.83,2,11,0,month-to-month,card,standard,0
CUST-03725,43,75.95,1,16,0,two-year,bank_transfer,premium,0
CUST-03726,48,14.35,1,13,0,one-year,invoice,basic,1
CUST-03727,17,21.12,1,10,1,two-year,bank_transfer,basic,0
CUST-03728,9,40.55,2,10,0,month-to-month,invoice,standard,0
CUST-03729,36,93.7,3,12,0,one-year,card,premium,0
CUST-03730,56,95.3,0,13,0,one-year,invoice,premium,0
CUST-03731,21,48.03,1,9,0,two-year,bank_transfer,standard,0
CUST-03732,27,44.36,1,8,0,two-year,bank_transfer,standard,0
CUST-03733,59,5.14,1,14,0,one-year,invoice,basic,0
CUST-03734,10,53.88,2,11,1,one-year,invoice,standard,0
CUST-03735,2,101.02,1,11,1,month-to-month,card,premium,1
CUST-03736,42,59.77,2,9,1,two-year,invoice,standard,0
CUST-03737,1,17.83,1,7,1,month-to-month,bank_transfer,basic,1
CUST-03738,10,82.44,0,13,2,one-year,card,premium,0
CUST-03739,37,24.03,4,9,0,one-year,bank_transfer,basic,0
CUST-03740,23,48.24,0,7,1,month-to-month,card,standard,0
CUST-03741,18,51.87,0,13,0,month-to-month,bank_transfer,standard,0
CUST-03742,13,50.82,0,12,0,month-to-month,card,standard,1
CUST-03743,41,49.56,0,6,2,two-year,card,standard,0
CUST-03744,23,55.17,2,8,1,month-to-month,card,standard,1
CUST-03745,28,25.39,1,7,0,month-to-month,bank_transfer,basic,0
CUST-03746,47,15.86,1,9,0,one-year,card,basic,0
CUST-03747,23,43.46,2,10,0,month-to-month,bank_transfer,standard,0
CUST-03748,64,34.01,2,10,0,two-year,bank_transfer,standard,0
CUST-03749,30,46.92,0,7,0,month-to-month,card,standard,1
CUST-03750,4,12.44,0,13,0,month-to-month,card,basic,0
CUST-03751,34,21.52,3,4,0,month-to-month,card,basic,1
CUST-03752,32,46.98,1,19,1,month-to-month,invoice,standard,1
CUST-03753,11,47.64,0,13,0,month-to-month,invoice,standard,0
CUST-03754,1,53.87,1,14,0,one-year,card,standard,0
CUST-03755,21,51.38,0,12,0,month-to-month,card,standard,0
CUST-03756,15,18.3,1,7,0,month-to-month,bank_transfer,basic,0
CUST-03757,26,29.12,4,10,0,month-to-month,card,basic,1
CUST-03758,18,23.43,3,11,0,month-to-month,card,basic,1
CUST-03759,5,46.5,1,12,0,two-year,card,standard,0
CUST-03760,8,16.77,1,16,0,month-to-month,bank_transfer,basic,0
CUST-03761,63,23.73,2,12,1,two-year,card,basic,0
CUST-03762,1,90.22,3,11,0,month-to-month,invoice,premium,1
CUST-03763,26,12.27,0,12,1,month-to-month,card,basic,0
CUST-03764,10,54.37,4,15,1,month-to-month,card,standard,1
CUST-03765,16,26.54,1,12,1,month-to-month,invoice,basic,0
CUST-03766,31,26.09,0,14,0,one-year,card,basic,0
CUST-03767,9,28.26,1,10,0,month-to-month,card,basic,0
CUST-03768,23,101.42,2,9,0,month-to-month,card,premium,1
CUST-03769,41,59.38,3,13,1,one-year,bank_transfer,standard,1
CUST-03770,5,51.04,1,17,0,one-year,bank_transfer,standard,0
CUST-03771,26,87.75,2,12,0,two-year,bank_transfer,premium,0
CUST-03772,53,8.02,0,13,0,two-year,card,basic,0
CUST-03773,43,49.07,3,12,0,one-year,card,standard,0
CUST-03774,39,22.11,2,13,0,two-year,card,basic,0
CUST-03775,46,49.26,1,11,0,one-year,card,standard,0
CUST-03776,3,77.67,1,15,0,month-to-month,card,premium,0
CUST-03777,7,17.28,1,7,1,one-year,bank_transfer,basic,0
CUST-03778,23,92.87,1,16,0,month-to-month,bank_transfer,premium,1
CUST-03779,41,42.84,2,8,1,one-year,bank_transfer,standard,0
CUST-03780,58,19.99,0,13,0,two-year,bank_transfer,basic,0
CUST-03781,6,21.59,0,13,0,month-to-month,bank_transfer,basic,0
CUST-03782,37,55.71,2,16,0,two-year,card,standard,0
CUST-03783,47,59.28,1,16,0,two-year,bank_transfer,standard,0
CUST-03784,8,16.73,1,11,0,month-to-month,card,basic,0
CUST-03785,18,50.1,0,11,0,month-to-month,bank_transfer,standard,0
CUST-03786,45,20.29,1,6,1,two-year,card,basic,0
CUST-03787,15,92.9,1,13,0,two-year,bank_transfer,premium,0
CUST-03788,13,22.22,2,15,2,month-to-month,invoice,basic,1
CUST-03789,7,57.55,1,11,0,month-to-month,card,standard,1
CUST-03790,54,35.01,1,19,0,one-year,card,standard,0
CUST-03791,8,51.51,0,9,1,month-to-month,invoice,standard,1
CUST-03792,4,91.92,1,16,1,month-to-month,card,premium,1
CUST-03793,1,87.59,2,15,0,month-to-month,card,premium,1
CUST-03794,1,5.42,1,20,0,month-to-month,card,basic,0
CUST-03795,11,18.63,2,16,0,one-year,card,basic,0
CUST-03796,36,44.74,0,8,0,one-year,bank_transfer,standard,0
CUST-03797,1,29.07,3,15,0,one-year,invoice,basic,1
CUST-03798,17,51.25,0,11,0,one-year,bank_transfer,standard,0
CUST-03799,2,14.23,2,7,1,month-to-month,bank_transfer,basic,1
CUST-03800,14,76.68,2,8,0,month-to-month,bank_transfer,premium,1
CUST-03801,1,52.54,2,11,0,month-to-month,invoice,standard,1
CUST-03802,21,53.18,0,19,1,month-to-month,card,standard,0
CUST-03803,24,47.71,2,8,0,month-to-month,bank_transfer,standard,1
CUST-03804,26,92.62,1,12,0,month-to-month,card,premium,1
CUST-03805,8,46.91,2,10,0,month-to-month,card,standard,1
CUST-03806,31,95.4,2,14,0,month-to-month,bank_transfer,premium,0
CUST-03807,41,94.96,0,15,0,one-year,bank_transfer,premium,0
CUST-03808,3,9.17,1,8,0,one-year,invoice,basic,1
CUST-03809,31,10.63,0,13,1,two-year,card,basic,0
CUST-03810,46,31.19,1,11,0,one-year,card,basic,0
CUST-03811,18,54.59,1,9,0,one-year,card,standard,0
CUST-03812,13,41.43,4,8,1,month-to-month,card,standard,1
CUST-03813,37,9.58,0,11,0,one-year,card,basic,0
CUST-03814,1,90.25,0,21,0,month-to-month,bank_transfer,premium,0
CUST-03815,34,12.15,3,10,0,month-to-month,bank_transfer,basic,0
CUST-03816,6,47.1,1,9,0,month-to-month,card,standard,1
CUST-03817,1,48.72,1,9,2,month-to-month,card,standard,1
CUST-03818,1,48.46,0,11,1,month-to-month,card,standard,1
CUST-03819,23,25.76,0,12,2,one-year,bank_transfer,basic,0
CUST-03820,63,60.01,0,7,2,two-year,card,standard,0
CUST-03821,49,46.13,4,12,0,one-year,card,standard,0
CUST-03822,54,12.22,0,6,0,one-year,card,basic,0
CUST-03823,19,51.33,0,10,1,month-to-month,card,standard,0
CUST-03824,16,58.79,0,7,0,month-to-month,card,standard,0
CUST-03825,23,16.58,1,14,0,one-year,invoice,basic,0
CUST-03826,1,54.1,2,9,0,month-to-month,card,standard,1
CUST-03827,32,43.98,3,6,0,month-to-month,card,standard,0
CUST-03828,17,89.13,1,11,0,month-to-month,card,premium,1
CUST-03829,32,42.03,1,9,1,two-year,card,standard,0
CUST-03830,30,19.06,1,18,1,one-year,invoice,basic,0
CUST-03831,28,48.3,1,9,0,month-to-month,bank_transfer,standard,0
CUST-03832,13,22.65,1,19,1,one-year,card,basic,0
CUST-03833,25,99.67,2,10,0,month-to-month,bank_transfer,premium,0
CUST-03834,25,46.67,0,9,0,month-to-month,card,standard,0
CUST-03835,30,7.0,3,9,0,month-to-month,card,basic,0
CUST-03836,1,47.79,0,9,0,month-to-month,card,standard,1
CUST-03837,10,20.8,1,11,1,one-year,invoice,basic,0
CUST-03838,16,90.21,0,16,1,month-to-month,bank_transfer,premium,1
CUST-03839,51,88.06,0,13,0,one-year,card,premium,0
CUST-03840,34,57.93,4,13,1,month-to-month,bank_transfer,standard,1
CUST-03841,35,49.82,1,11,0,one-year,card,standard,1
CUST-03842,12,48.37,1,14,0,one-year,card,standard,0
CUST-03843,11,44.33,1,5,0,one-year,card,standard,1
CUST-03844,38,8.52,0,14,1,one-year,card,basic,0
CUST-03845,15,90.98,0,18,1,two-year,card,premium,0
CUST-03846,19,20.47,0,15,0,month-to-month,invoice,basic,0
CUST-03847,50,12.64,1,15,0,one-year,card,basic,0
CUST-03848,23,18.73,2,7,1,one-year,card,basic,0
CUST-03849,13,88.14,4,8,0,month-to-month,card,premium,1
CUST-03850,1,85.25,2,15,0,month-to-month,card,premium,1
CUST-03851,9,14.24,3,8,2,month-to-month,card,basic,1
CUST-03852,25,21.43,0,8,1,month-to-month,card,basic,1
CUST-03853,12,87.65,1,14,0,month-to-month,card,premium,0
CUST-03854,5,45.45,1,12,0,month-to-month,card,standard,1
CUST-03855,6,83.83,1,11,0,one-year,card,premium,0
CUST-03856,3,88.22,2,12,1,month-to-month,bank_transfer,premium,1
CUST-03857,47,54.55,0,9,0,two-year,invoice,standard,0
CUST-03858,22,20.24,2,8,0,month-to-month,card,basic,0
CUST-03859,31,47.58,1,11,2,one-year,bank_transfer,standard,0
CUST-03860,18,90.85,1,12,2,month-to-month,bank_transfer,premium,0
CUST-03861,5,27.19,1,10,0,month-to-month,bank_transfer,basic,1
CUST-03862,18,91.94,1,16,0,month-to-month,bank_transfer,premium,1
CUST-03863,3,50.56,4,6,1,one-year,bank_transfer,standard,0
CUST-03864,33,92.83,0,12,0,month-to-month,invoice,premium,0
CUST-03865,4,48.05,0,13,0,two-year,card,standard,0
CUST-03866,15,20.1,3,12,0,month-to-month,card,basic,0
CUST-03867,1,46.07,0,13,0,one-year,bank_transfer,standard,0
CUST-03868,28,9.7,3,4,0,month-to-month,invoice,basic,1
CUST-03869,9,21.06,3,16,0,one-year,card,basic,0
CUST-03870,33,91.08,0,9,0,month-to-month,invoice,premium,1
CUST-03871,1,17.27,0,17,1,month-to-month,bank_transfer,basic,0
CUST-03872,29,95.21,2,15,1,month-to-month,bank_transfer,premium,1
CUST-03873,23,14.67,2,11,0,month-to-month,invoice,basic,0
CUST-03874,8,38.37,1,15,0,month-to-month,bank_transfer,standard,0
CUST-03875,14,84.82,0,14,1,two-year,bank_transfer,premium,0
CUST-03876,12,39.75,0,17,0,month-to-month,bank_transfer,standard,0
CUST-03877,29,91.03,2,8,0,month-to-month,card,premium,1
CUST-03878,62,84.49,1,17,1,two-year,invoice,premium,1
CUST-03879,6,54.91,1,18,0,month-to-month,invoice,standard,0
CUST-03880,12,54.78,3,9,0,month-to-month,bank_transfer,standard,1
CUST-03881,14,13.45,3,6,1,one-year,card,basic,0
CUST-03882,8,44.15,0,11,0,two-year,card,standard,0
CUST-03883,38,22.21,2,14,1,one-year,card,basic,0
CUST-03884,12,94.88,0,14,0,month-to-month,card,premium,0
CUST-03885,16,36.92,1,15,0,two-year,bank_transfer,standard,0
CUST-03886,31,50.69,1,14,0,month-to-month,invoice,standard,0
CUST-03887,53,75.81,1,15,0,two-year,bank_transfer,premium,0
CUST-03888,55,15.71,1,16,0,two-year,card,basic,0
CUST-03889,2,95.56,0,9,0,two-year,invoice,premium,0
CUST-03890,32,37.06,1,10,0,month-to-month,invoice,basic,0
CUST-03891,20,17.57,1,12,0,month-to-month,bank_transfer,basic,0
CUST-03892,30,41.52,3,9,1,one-year,card,standard,1
CUST-03893,1,15.92,1,13,2,month-to-month,bank_transfer,basic,1
CUST-03894,32,49.4,2,6,0,month-to-month,card,standard,1
CUST-03895,39,44.98,0,9,0,two-year,card,standard,0
CUST-03896,49,83.45,2,10,2,one-year,bank_transfer,premium,0
CUST-03897,23,16.44,1,7,0,month-to-month,bank_transfer,basic,0
CUST-03898,28,21.37,1,9,0,month-to-month,card,basic,0
CUST-03899,24,17.98,2,14,1,month-to-month,invoice,basic,0
CUST-03900,33,43.71,1,6,0,month-to-month,invoice,standard,0
CUST-03901,8,14.98,2,17,1,month-to-month,bank_transfer,basic,1
CUST-03902,14,16.52,1,10,2,two-year,card,basic,0
CUST-03903,42,83.0,2,17,1,one-year,card,premium,0
CUST-03904,18,84.76,3,15,0,month-to-month,bank_transfer,premium,0
CUST-03905,21,92.86,0,7,0,month-to-month,invoice,premium,0
CUST-03906,42,17.62,4,9,1,one-year,bank_transfer,basic,0
CUST-03907,39,38.48,0,10,0,two-year,card,standard,0
CUST-03908,56,25.15,1,10,0,two-year,card,basic,0
CUST-03909,11,21.5,1,15,1,month-to-month,card,basic,0
CUST-03910,61,40.7,2,18,0,two-year,bank_transfer,standard,0
CUST-03911,3,86.81,1,8,1,month-to-month,card,premium,1
CUST-03912,22,44.25,0,11,1,month-to-month,card,standard,1
CUST-03913,64,23.06,1,11,0,two-year,bank_transfer,basic,0
CUST-03914,9,46.77,1,15,0,month-to-month,invoice,standard,1
CUST-03915,11,88.56,0,13,1,month-to-month,card,premium,0
CUST-03916,10,17.86,0,17,0,month-to-month,card,basic,0
CUST-03917,20,80.12,2,9,1,month-to-month,bank_transfer,premium,0
CUST-03918,14,27.43,1,16,1,month-to-month,invoice,basic,1
CUST-03919,6,22.97,0,14,1,one-year,card,basic,0
CUST-03920,32,84.52,1,15,0,month-to-month,card,premium,0
CUST-03921,7,20.15,4,12,0,month-to-month,bank_transfer,basic,1
CUST-03922,38,54.84,0,12,0,two-year,card,standard,0
CUST-03923,21,19.33,1,9,0,month-to-month,invoice,basic,0
CUST-03924,2,58.34,1,6,0,two-year,bank_transfer,standard,0
CUST-03925,3,66.51,4,13,0,month-to-month,card,standard,1
CUST-03926,58,88.24,0,9,0,one-year,invoice,premium,0
CUST-03927,23,85.5,1,23,0,month-to-month,bank_transfer,premium,0
CUST-03928,2,43.06,2,16,2,two-year,card,standard,0
CUST-03929,28,5.72,0,13,1,month-to-month,card,basic,0
CUST-03930,36,26.49,3,11,0,two-year,bank_transfer,basic,0
CUST-03931,2,46.88,0,18,1,month-to-month,invoice,standard,0
CUST-03932,40,54.25,0,7,0,one-year,card,standard,1
CUST-03933,17,25.46,0,17,2,month-to-month,card,basic,0
CUST-03934,7,82.51,1,14,0,month-to-month,invoice,premium,0
CUST-03935,31,13.42,2,14,2,month-to-month,card,basic,1
CUST-03936,10,29.47,1,17,0,month-to-month,card,basic,0
CUST-03937,10,88.58,1,15,0,month-to-month,card,premium,1
CUST-03938,16,45.04,1,13,0,one-year,bank_transfer,standard,0
CUST-03939,27,42.73,2,13,1,month-to-month,bank_transfer,standard,0
CUST-03940,25,18.15,2,18,1,month-to-month,card,basic,0
CUST-03941,32,58.05,0,15,0,month-to-month,card,standard,0
CUST-03942,8,53.11,2,16,0,month-to-month,bank_transfer,standard,1
CUST-03943,28,20.09,4,12,1,month-to-month,bank_transfer,basic,1
CUST-03944,34,58.53,3,18,1,one-year,card,standard,0
CUST-03945,11,27.37,1,12,1,month-to-month,card,basic,0
CUST-03946,2,21.0,0,13,1,two-year,bank_transfer,basic,0
CUST-03947,29,35.66,0,13,1,month-to-month,card,basic,0
CUST-03948,8,17.52,0,13,0,month-to-month,card,basic,0
CUST-03949,45,25.59,1,15,0,two-year,invoice,basic,0
CUST-03950,19,46.64,3,9,0,month-to-month,invoice,standard,0
CUST-03951,1,54.42,1,12,0,month-to-month,card,standard,0
CUST-03952,71,17.51,1,16,1,two-year,invoice,basic,0
CUST-03953,58,51.77,2,14,0,two-year,bank_transfer,standard,0
CUST-03954,29,33.34,5,8,0,one-year,invoice,basic,1
CUST-03955,24,54.71,1,9,1,month-to-month,invoice,standard,0
CUST-03956,28,91.86,1,11,0,one-year,bank_transfer,premium,1
CUST-03957,53,44.35,2,6,0,two-year,card,standard,0
CUST-03958,9,50.13,2,13,0,two-year,card,standard,1
CUST-03959,16,12.95,4,12,0,month-to-month,bank_transfer,basic,1
CUST-03960,12,24.32,0,14,0,month-to-month,card,basic,0
CUST-03961,16,54.17,2,12,1,month-to-month,bank_transfer,standard,1
CUST-03962,16,47.92,1,13,1,month-to-month,card,standard,0
CUST-03963,8,58.98,1,15,0,one-year,invoice,standard,0
CUST-03964,35,98.14,3,14,2,month-to-month,invoice,premium,1
CUST-03965,1,19.9,1,13,0,month-to-month,card,basic,0
CUST-03966,1,92.39,4,12,0,month-to-month,bank_transfer,premium,1
CUST-03967,13,45.47,2,11,0,month-to-month,invoice,standard,0
CUST-03968,22,17.37,0,9,2,month-to-month,bank_transfer,basic,0
CUST-03969,6,12.53,2,20,0,month-to-month,invoice,basic,1
CUST-03970,19,46.13,0,11,3,month-to-month,bank_transfer,standard,1
CUST-03971,52,18.37,1,12,0,two-year,card,basic,0
CUST-03972,3,39.04,3,10,0,month-to-month,card,standard,1
CUST-03973,35,52.46,1,14,0,month-to-month,card,standard,1
CUST-03974,12,55.13,1,9,0,month-to-month,card,standard,1
CUST-03975,23,48.95,1,9,0,month-to-month,bank_transfer,standard,0
CUST-03976,3,32.82,2,20,0,month-to-month,bank_transfer,standard,0
CUST-03977,25,47.48,1,16,1,month-to-month,card,standard,0
CUST-03978,30,80.64,0,16,1,month-to-month,card,premium,0
CUST-03979,3,15.34,3,8,0,month-to-month,card,basic,0
CUST-03980,7,97.71,3,12,4,one-year,card,premium,1
CUST-03981,10,4.39,0,14,1,month-to-month,bank_transfer,basic,0
CUST-03982,1,14.1,0,9,0,month-to-month,card,basic,0
CUST-03983,59,53.98,3,14,0,one-year,invoice,standard,0
CUST-03984,21,14.79,1,12,1,month-to-month,invoice,basic,0
CUST-03985,21,14.33,2,12,0,month-to-month,bank_transfer,basic,1
CUST-03986,34,31.19,0,13,1,month-to-month,bank_transfer,basic,0
CUST-03987,29,51.27,1,23,1,month-to-month,invoice,standard,0
CUST-03988,29,54.61,1,20,0,month-to-month,card,standard,0
CUST-03989,24,21.97,1,14,0,two-year,card,basic,0
CUST-03990,24,49.97,2,10,0,two-year,card,standard,0
CUST-03991,21,26.58,2,7,1,two-year,card,basic,0
CUST-03992,12,100.43,2,9,0,month-to-month,card,premium,0
CUST-03993,13,8.9,0,16,1,month-to-month,bank_transfer,basic,0
CUST-03994,5,48.79,0,15,0,month-to-month,card,standard,0
CUST-03995,12,48.74,1,13,1,month-to-month,card,standard,1
CUST-03996,16,46.42,0,15,0,month-to-month,card,standard,0
CUST-03997,11,94.89,3,13,1,month-to-month,card,premium,1
CUST-03998,5,20.54,2,12,0,month-to-month,bank_transfer,basic,0
CUST-03999,13,60.55,0,8,0,month-to-month,card,standard,0
CUST-04000,17,55.6,3,8,0,month-to-month,card,standard,0
CUST-04001,43,57.19,2,11,0,one-year,card,standard,1
CUST-04002,25,11.81,1,8,1,month-to-month,bank_transfer,basic,0
CUST-04003,14,14.16,1,9,1,two-year,card,basic,0
CUST-04004,1,14.66,2,9,0,month-to-month,bank_transfer,basic,0
CUST-04005,10,26.94,2,10,0,month-to-month,invoice,basic,1
CUST-04006,5,83.2,1,11,1,month-to-month,card,premium,1
CUST-04007,14,43.37,0,11,0,month-to-month,card,standard,1
CUST-04008,35,12.27,3,11,0,month-to-month,bank_transfer,basic,0
CUST-04009,6,65.52,0,12,1,month-to-month,card,standard,1
CUST-04010,19,48.15,1,15,1,one-year,invoice,standard,0
CUST-04011,26,22.18,1,12,1,month-to-month,bank_transfer,basic,0
CUST-04012,18,42.16,0,22,0,month-to-month,card,standard,0
CUST-04013,3,54.76,3,7,0,two-year,card,standard,0
CUST-04014,5,8.36,1,13,0,month-to-month,bank_transfer,basic,0
CUST-04015,56,43.13,0,17,1,one-year,bank_transfer,standard,0
CUST-04016,3,14.61,2,15,0,month-to-month,card,basic,0
CUST-04017,22,20.31,1,11,0,month-to-month,bank_transfer,basic,1
CUST-04018,28,44.24,0,8,0,month-to-month,card,standard,0
CUST-04019,9,58.14,2,15,1,month-to-month,invoice,standard,0
CUST-04020,43,92.02,0,17,1,one-year,invoice,premium,0
CUST-04021,6,14.86,2,9,0,month-to-month,card,basic,1
CUST-04022,10,54.99,1,21,1,month-to-month,card,standard,0
CUST-04023,11,86.64,0,6,1,month-to-month,card,premium,1
CUST-04024,71,45.46,1,15,0,two-year,invoice,standard,0
CUST-04025,12,94.37,0,10,0,one-year,card,premium,0
CUST-04026,9,74.28,1,15,1,two-year,card,premium,1
CUST-04027,55,93.41,1,12,1,one-year,bank_transfer,premium,0
CUST-04028,9,84.72,2,15,0,one-year,card,premium,0
CUST-04029,31,44.71,1,8,0,month-to-month,card,standard,1
CUST-04030,46,60.75,2,8,0,two-year,bank_transfer,standard,0
CUST-04031,20,85.81,0,11,0,month-to-month,bank_transfer,premium,1
CUST-04032,27,94.74,2,15,0,month-to-month,bank_transfer,premium,0
CUST-04033,43,20.68,2,20,0,one-year,card,basic,0
CUST-04034,3,21.3,1,10,0,month-to-month,bank_transfer,basic,1
CUST-04035,35,17.5,3,17,0,month-to-month,bank_transfer,basic,1
CUST-04036,33,87.18,1,15,0,month-to-month,card,premium,0
CUST-04037,32,28.17,2,12,0,month-to-month,invoice,basic,0
CUST-04038,44,24.58,0,11,2,two-year,card,basic,0
CUST-04039,18,46.0,1,2,0,month-to-month,card,standard,0
CUST-04040,38,12.72,0,12,0,two-year,invoice,basic,0
CUST-04041,1,85.49,2,7,0,month-to-month,card,premium,1
CUST-04042,29,54.89,3,13,0,one-year,invoice,standard,0
CUST-04043,22,26.07,0,10,2,month-to-month,card,basic,0
CUST-04044,47,22.33,1,4,0,two-year,card,basic,0
CUST-04045,11,39.3,1,16,0,month-to-month,card,standard,1
CUST-04046,16,53.52,4,12,0,month-to-month,card,standard,1
CUST-04047,22,56.82,0,17,2,month-to-month,invoice,standard,0
CUST-04048,15,20.04,2,14,0,month-to-month,invoice,basic,0
CUST-04049,34,100.88,0,22,0,month-to-month,bank_transfer,premium,0
CUST-04050,42,41.07,1,11,0,one-year,card,standard,0
CUST-04051,1,53.11,1,13,0,two-year,card,standard,0
CUST-04052,1,42.88,1,6,0,one-year,card,standard,0
CUST-04053,24,95.35,2,13,2,month-to-month,card,premium,1
CUST-04054,14,52.68,0,8,1,month-to-month,card,standard,1
CUST-04055,60,59.81,0,17,0,two-year,card,standard,0
CUST-04056,12,92.0,0,18,0,two-year,card,premium,0
CUST-04057,1,86.58,1,8,0,month-to-month,bank_transfer,premium,0
CUST-04058,27,46.05,1,14,1,two-year,card,standard,0
CUST-04059,26,47.5,1,11,1,month-to-month,card,standard,1
CUST-04060,69,45.94,4,18,1,two-year,card,standard,0
CUST-04061,63,57.08,0,3,0,two-year,bank_transfer,standard,0
CUST-04062,29,26.65,2,20,0,one-year,bank_transfer,basic,0
CUST-04063,29,40.02,0,8,0,month-to-month,card,standard,1
CUST-04064,4,19.23,0,15,3,one-year,invoice,basic,0
CUST-04065,20,19.37,2,11,0,month-to-month,bank_transfer,basic,1
CUST-04066,55,84.31,2,5,0,one-year,card,premium,0
CUST-04067,14,21.63,1,10,0,month-to-month,card,basic,0
CUST-04068,57,97.77,0,12,0,one-year,invoice,premium,0
CUST-04069,15,24.35,1,14,0,two-year,card,basic,0
CUST-04070,3,27.08,1,16,1,month-to-month,card,basic,0
CUST-04071,18,14.69,4,16,1,month-to-month,bank_transfer,basic,0
CUST-04072,54,49.22,1,20,0,one-year,card,standard,0
CUST-04073,11,44.41,3,15,0,month-to-month,bank_transfer,standard,1
CUST-04074,28,20.44,0,10,0,month-to-month,bank_transfer,basic,0
CUST-04075,6,50.98,0,13,0,month-to-month,invoice,standard,0
CUST-04076,26,54.76,0,9,3,month-to-month,bank_transfer,standard,1
CUST-04077,33,26.88,2,8,2,one-year,bank_transfer,basic,1
CUST-04078,10,23.13,0,15,0,one-year,card,basic,0
CUST-04079,25,13.84,1,13,0,month-to-month,invoice,basic,0
CUST-04080,25,10.89,0,21,1,month-to-month,card,basic,0
CUST-04081,18,22.12,2,6,1,month-to-month,card,basic,0
CUST-04082,8,58.0,0,11,0,month-to-month,invoice,standard,1
CUST-04083,7,48.85,1,7,0,one-year,invoice,standard,1
CUST-04084,34,79.84,0,6,0,month-to-month,bank_transfer,premium,0
CUST-04085,23,61.51,1,8,2,month-to-month,card,standard,1
CUST-04086,58,51.94,3,11,0,two-year,card,standard,0
CUST-04087,25,20.03,0,12,2,month-to-month,bank_transfer,basic,1
CUST-04088,49,11.99,0,7,0,one-year,card,basic,0
CUST-04089,5,49.1,0,14,1,month-to-month,card,standard,1
CUST-04090,17,23.12,1,13,0,month-to-month,card,basic,1
CUST-04091,24,22.02,3,9,1,month-to-month,invoice,basic,1
CUST-04092,6,84.92,2,8,0,one-year,invoice,premium,1
CUST-04093,10,18.66,0,14,2,two-year,invoice,basic,0
CUST-04094,22,15.3,2,8,0,month-to-month,bank_transfer,basic,0
CUST-04095,31,98.98,1,12,1,month-to-month,card,premium,1
CUST-04096,23,24.37,5,11,0,month-to-month,card,basic,1
CUST-04097,2,15.85,1,11,0,one-year,card,basic,0
CUST-04098,58,11.99,0,14,0,one-year,card,basic,0
CUST-04099,8,50.67,1,17,0,one-year,bank_transfer,standard,0
CUST-04100,16,86.04,1,13,0,two-year,card,premium,0
CUST-04101,35,46.49,2,23,0,month-to-month,invoice,standard,0
CUST-04102,46,42.19,2,12,1,one-year,card,standard,0
CUST-04103,56,12.93,1,15,0,one-year,card,basic,0
CUST-04104,29,19.98,1,12,2,month-to-month,bank_transfer,basic,0
CUST-04105,46,47.4,1,13,1,two-year,bank_transfer,standard,0
CUST-04106,10,33.98,0,16,1,month-to-month,card,basic,0
CUST-04107,19,22.57,2,13,0,one-year,bank_transfer,basic,0
CUST-04108,56,42.09,1,9,1,one-year,bank_transfer,standard,0
CUST-04109,61,79.79,0,10,0,two-year,card,premium,0
CUST-04110,12,91.39,1,12,0,month-to-month,card,premium,0
CUST-04111,13,86.62,0,10,0,month-to-month,invoice,premium,1
CUST-04112,21,56.99,3,7,2,two-year,card,standard,0
CUST-04113,19,50.69,0,10,0,one-year,card,standard,0
CUST-04114,30,77.1,3,13,1,month-to-month,card,premium,1
CUST-04115,1,12.88,2,17,1,one-year,bank_transfer,basic,0
CUST-04116,15,44.95,1,9,0,month-to-month,invoice,standard,1
CUST-04117,56,21.65,1,9,0,one-year,card,basic,0
CUST-04118,39,82.68,0,13,1,two-year,invoice,premium,0
CUST-04119,16,89.92,2,14,1,month-to-month,invoice,premium,1
CUST-04120,11,80.98,1,16,0,month-to-month,card,premium,1
CUST-04121,5,19.04,2,11,1,two-year,bank_transfer,basic,0
CUST-04122,13,91.22,3,14,0,one-year,invoice,premium,0
CUST-04123,6,27.77,4,10,0,two-year,invoice,basic,0
CUST-04124,4,20.47,1,11,1,month-to-month,bank_transfer,basic,0
CUST-04125,11,44.1,2,13,0,two-year,card,standard,0
CUST-04126,10,57.96,0,7,1,month-to-month,card,standard,1
CUST-04127,1,87.9,1,15,0,month-to-month,card,premium,1
CUST-04128,34,23.64,1,17,0,month-to-month,bank_transfer,basic,0
CUST-04129,7,15.32,2,8,0,one-year,card,basic,0
CUST-04130,27,49.54,0,13,0,two-year,bank_transfer,standard,0
CUST-04131,52,14.19,2,18,0,one-year,bank_transfer,basic,0
CUST-04132,6,90.93,0,13,0,one-year,card,premium,0
CUST-04133,17,23.82,1,10,0,month-to-month,invoice,basic,1
CUST-04134,30,16.03,1,16,0,month-to-month,card,basic,0
CUST-04135,20,45.69,3,17,0,month-to-month,card,standard,0
CUST-04136,7,51.14,0,9,1,month-to-month,invoice,standard,1
CUST-04137,26,84.05,1,10,2,month-to-month,card,premium,1
CUST-04138,49,9.89,3,8,0,two-year,card,basic,0
CUST-04139,21,21.12,0,11,0,one-year,invoice,basic,0
CUST-04140,2,88.35,1,10,1,one-year,invoice,premium,0
CUST-04141,1,48.23,0,10,0,month-to-month,invoice,standard,0
CUST-04142,29,22.13,1,7,0,month-to-month,card,basic,0
CUST-04143,11,22.96,0,7,0,month-to-month,card,basic,0
CUST-04144,4,88.03,3,9,0,month-to-month,card,premium,1
CUST-04145,18,42.26,4,11,1,month-to-month,card,standard,1
CUST-04146,33,15.17,2,9,0,month-to-month,invoice,basic,0
CUST-04147,1,22.51,0,14,3,month-to-month,card,basic,0
CUST-04148,3,19.82,3,10,0,one-year,bank_transfer,basic,0
CUST-04149,15,15.7,1,15,0,month-to-month,card,basic,0
CUST-04150,24,14.29,1,20,1,month-to-month,bank_transfer,basic,0
CUST-04151,17,22.71,1,17,0,month-to-month,card,basic,0
CUST-04152,32,17.67,2,11,1,month-to-month,card,basic,0
CUST-04153,1,23.52,0,9,0,month-to-month,card,basic,0
CUST-04154,12,54.28,0,17,0,month-to-month,invoice,standard,1
CUST-04155,21,47.12,0,12,0,one-year,bank_transfer,standard,0
CUST-04156,12,94.7,1,12,0,month-to-month,bank_transfer,premium,0
CUST-04157,35,19.83,0,21,1,two-year,card,basic,0
CUST-04158,28,90.61,2,11,1,month-to-month,bank_transfer,premium,1
CUST-04159,11,75.87,1,14,0,month-to-month,bank_transfer,premium,1
CUST-04160,26,83.17,1,15,1,month-to-month,card,premium,0
CUST-04161,5,13.5,0,14,2,month-to-month,bank_transfer,basic,1
CUST-04162,20,17.09,3,8,0,month-to-month,invoice,basic,1
CUST-04163,27,49.69,3,10,0,two-year,invoice,standard,1
CUST-04164,19,19.93,0,8,2,month-to-month,invoice,basic,1
CUST-04165,6,20.71,4,13,1,one-year,card,basic,0
CUST-04166,34,14.89,0,16,0,month-to-month,card,basic,0
CUST-04167,32,53.15,4,11,0,month-to-month,card,standard,1
CUST-04168,29,99.86,1,15,0,month-to-month,card,premium,0
CUST-04169,32,16.88,2,7,0,month-to-month,card,basic,0
CUST-04170,5,85.02,0,8,0,month-to-month,card,premium,0
CUST-04171,36,44.89,0,10,0,two-year,bank_transfer,standard,0
CUST-04172,19,19.51,1,9,0,one-year,bank_transfer,basic,0
CUST-04173,63,45.85,1,18,2,two-year,bank_transfer,standard,0
CUST-04174,6,8.62,0,16,0,month-to-month,invoice,basic,0
CUST-04175,13,80.26,3,12,1,one-year,card,premium,1
CUST-04176,41,55.12,2,8,0,one-year,card,standard,0
CUST-04177,5,56.69,0,9,0,one-year,bank_transfer,standard,0
CUST-04178,52,58.6,4,11,1,two-year,bank_transfer,standard,0
CUST-04179,16,20.36,1,14,0,one-year,card,basic,0
CUST-04180,47,83.05,2,7,1,two-year,invoice,premium,0
CUST-04181,52,86.37,2,14,1,one-year,card,premium,1
CUST-04182,21,40.05,3,9,2,month-to-month,bank_transfer,standard,1
CUST-04183,12,39.82,0,12,1,one-year,invoice,standard,0
CUST-04184,1,20.53,1,12,0,month-to-month,card,basic,0
CUST-04185,3,22.23,0,10,0,two-year,bank_transfer,basic,0
CUST-04186,6,30.75,0,5,1,two-year,card,basic,0
CUST-04187,20,48.5,2,7,1,month-to-month,card,standard,1
CUST-04188,12,40.85,1,14,0,month-to-month,card,standard,0
CUST-04189,8,88.27,1,11,0,month-to-month,bank_transfer,premium,0
CUST-04190,7,17.31,1,10,1,month-to-month,bank_transfer,basic,0
CUST-04191,34,16.05,1,9,2,month-to-month,invoice,basic,1
CUST-04192,7,21.06,0,10,0,one-year,bank_transfer,basic,0
CUST-04193,18,81.71,1,11,0,one-year,card,premium,0
CUST-04194,33,49.78,2,9,0,two-year,invoice,standard,0
CUST-04195,1,52.91,2,18,0,month-to-month,card,standard,1
CUST-04196,33,57.52,2,10,0,month-to-month,bank_transfer,standard,1
CUST-04197,3,50.86,2,13,1,month-to-month,card,standard,0
CUST-04198,49,25.26,0,17,1,two-year,bank_transfer,basic,0
CUST-04199,22,16.34,2,13,1,month-to-month,invoice,basic,1
CUST-04200,29,17.17,1,12,1,month-to-month,card,basic,0
CUST-04201,23,27.09,2,15,0,month-to-month,bank_transfer,basic,0
CUST-04202,55,40.77,1,9,1,two-year,bank_transfer,standard,0
CUST-04203,15,16.58,2,11,0,month-to-month,card,basic,1
CUST-04204,29,55.77,1,9,3,one-year,card,standard,0
CUST-04205,42,47.73,0,13,2,one-year,bank_transfer,standard,0
CUST-04206,34,47.29,0,12,0,one-year,card,standard,0
CUST-04207,18,87.41,3,11,0,month-to-month,card,premium,1
CUST-04208,7,19.7,1,10,0,month-to-month,bank_transfer,basic,1
CUST-04209,9,55.52,1,12,0,month-to-month,bank_transfer,standard,0
CUST-04210,12,24.55,0,8,1,month-to-month,card,basic,1
CUST-04211,1,49.07,3,9,0,one-year,invoice,standard,1
CUST-04212,15,55.55,0,11,1,month-to-month,invoice,standard,1
CUST-04213,1,21.05,0,8,1,month-to-month,invoice,basic,1
CUST-04214,20,24.15,1,4,0,month-to-month,bank_transfer,basic,0
CUST-04215,42,42.83,1,13,0,one-year,card,standard,0
CUST-04216,20,59.43,0,14,0,month-to-month,card,standard,0
CUST-04217,41,50.32,1,11,0,one-year,invoice,standard,0
CUST-04218,1,32.51,1,12,1,month-to-month,invoice,standard,0
CUST-04219,4,58.96,2,16,0,two-year,bank_transfer,standard,0
CUST-04220,41,49.03,2,16,0,one-year,bank_transfer,standard,0
CUST-04221,28,16.63,0,11,0,month-to-month,card,basic,0
CUST-04222,25,45.37,2,12,0,month-to-month,bank_transfer,standard,0
CUST-04223,23,51.64,1,9,0,month-to-month,card,standard,1
CUST-04224,25,83.67,1,18,2,month-to-month,bank_transfer,premium,1
CUST-04225,26,45.54,0,9,1,month-to-month,bank_transfer,standard,1
CUST-04226,52,45.68,0,10,0,two-year,bank_transfer,standard,0
CUST-04227,44,87.25,1,10,0,one-year,card,premium,0
CUST-04228,2,85.91,4,9,0,month-to-month,bank_transfer,premium,1
CUST-04229,3,24.12,3,11,1,one-year,card,basic,1
CUST-04230,13,90.63,1,13,0,month-to-month,card,premium,1
CUST-04231,37,21.36,0,11,0,two-year,card,basic,0
CUST-04232,27,92.66,0,11,0,month-to-month,card,premium,1
CUST-04233,20,18.44,2,11,1,one-year,card,basic,0
CUST-04234,16,42.88,0,13,0,one-year,card,standard,0
CUST-04235,28,99.83,0,15,0,month-to-month,card,premium,0
CUST-04236,8,24.57,2,15,0,month-to-month,card,basic,0
CUST-04237,29,98.68,4,18,1,month-to-month,card,premium,1
CUST-04238,12,55.21,0,12,1,two-year,bank_transfer,standard,0
CUST-04239,12,16.24,2,12,1,month-to-month,card,basic,0
CUST-04240,24,74.91,2,11,0,one-year,card,premium,0
CUST-04241,17,41.63,1,13,1,one-year,card,standard,0
CUST-04242,1,92.82,1,11,2,two-year,card,premium,0
CUST-04243,8,88.39,0,15,1,month-to-month,bank_transfer,premium,1
CUST-04244,12,16.48,1,15,1,month-to-month,invoice,basic,0
CUST-04245,18,4.03,1,12,1,one-year,card,basic,0
CUST-04246,28,18.92,1,14,0,month-to-month,card,basic,1
CUST-04247,3,42.51,0,9,0,two-year,card,standard,0
CUST-04248,14,14.65,2,12,0,month-to-month,card,basic,1
CUST-04249,1,24.1,1,10,0,month-to-month,invoice,basic,0
CUST-04250,67,82.83,0,10,1,two-year,bank_transfer,premium,0
CUST-04251,28,13.4,1,14,0,month-to-month,bank_transfer,basic,0
CUST-04252,35,50.11,3,6,0,month-to-month,invoice,standard,1
CUST-04253,32,54.23,3,16,0,month-to-month,bank_transfer,standard,1
CUST-04254,11,16.58,1,17,0,month-to-month,card,basic,1
CUST-04255,49,27.8,0,10,1,two-year,bank_transfer,basic,0
CUST-04256,11,11.33,1,8,0,month-to-month,bank_transfer,basic,1
CUST-04257,31,40.28,0,9,2,month-to-month,card,standard,0
CUST-04258,14,9.76,0,13,0,month-to-month,bank_transfer,basic,0
CUST-04259,27,79.09,1,6,0,two-year,card,premium,0
CUST-04260,32,91.02,2,13,0,month-to-month,card,premium,1
CUST-04261,60,13.13,0,12,1,two-year,bank_transfer,basic,0
CUST-04262,69,80.54,0,11,2,two-year,card,premium,0
CUST-04263,2,91.28,1,16,0,month-to-month,card,premium,0
CUST-04264,17,23.94,2,11,0,two-year,card,basic,0
CUST-04265,18,95.31,3,8,0,one-year,bank_transfer,premium,1
CUST-04266,15,24.25,3,12,0,month-to-month,invoice,basic,1
CUST-04267,17,43.49,2,10,2,month-to-month,bank_transfer,standard,1
CUST-04268,20,20.66,1,8,2,two-year,bank_transfer,basic,0
CUST-04269,47,91.98,2,12,0,one-year,card,premium,0
CUST-04270,13,86.15,1,8,3,one-year,bank_transfer,premium,1
CUST-04271,50,89.99,2,18,0,two-year,card,premium,0
CUST-04272,30,81.49,0,11,1,month-to-month,card,premium,1
CUST-04273,43,15.23,0,15,1,two-year,bank_transfer,basic,0
CUST-04274,25,51.23,0,9,0,two-year,card,standard,0
CUST-04275,6,28.05,2,13,1,month-to-month,invoice,basic,1
CUST-04276,4,25.91,1,9,0,month-to-month,card,basic,1
CUST-04277,26,22.97,2,8,0,month-to-month,bank_transfer,basic,1
CUST-04278,33,89.48,0,9,0,two-year,card,premium,0
CUST-04279,1,48.55,3,6,0,month-to-month,bank_transfer,standard,1
CUST-04280,59,10.31,2,22,0,one-year,bank_transfer,basic,0
CUST-04281,24,83.99,1,15,1,month-to-month,card,premium,1
CUST-04282,30,84.18,1,14,0,month-to-month,invoice,premium,1
CUST-04283,26,22.45,2,10,0,one-year,bank_transfer,basic,0
CUST-04284,34,54.67,3,19,1,month-to-month,card,standard,1
CUST-04285,14,53.42,2,11,0,two-year,bank_transfer,standard,0
CUST-04286,6,56.1,0,9,0,month-to-month,card,standard,1
CUST-04287,64,49.43,4,6,1,two-year,bank_transfer,standard,0
CUST-04288,32,43.1,2,15,0,month-to-month,card,standard,0
CUST-04289,35,18.7,0,12,0,two-year,invoice,basic,0
CUST-04290,7,44.65,2,16,1,one-year,card,standard,0
CUST-04291,10,22.95,2,12,1,month-to-month,bank_transfer,basic,0
CUST-04292,27,16.85,0,16,0,month-to-month,invoice,basic,0
CUST-04293,30,18.41,1,12,1,month-to-month,invoice,basic,0
CUST-04294,20,53.16,0,12,0,one-year,bank_transfer,standard,0
CUST-04295,4,44.55,3,12,1,two-year,bank_transfer,standard,1
CUST-04296,23,54.78,3,16,0,month-to-month,bank_transfer,standard,0
CUST-04297,26,10.91,1,9,0,month-to-month,card,basic,0
CUST-04298,25,90.84,0,14,2,one-year,bank_transfer,premium,0
CUST-04299,20,18.45,1,14,1,month-to-month,bank_transfer,basic,0
CUST-04300,59,53.96,0,17,0,one-year,card,standard,0
CUST-04301,8,10.75,1,8,0,month-to-month,bank_transfer,basic,0
CUST-04302,34,39.82,0,19,0,one-year,card,standard,0
CUST-04303,43,53.5,3,11,0,two-year,bank_transfer,standard,0
CUST-04304,19,46.65,2,10,0,month-to-month,card,standard,1
CUST-04305,31,88.46,0,17,1,month-to-month,invoice,premium,1
CUST-04306,21,45.04,1,9,0,month-to-month,card,standard,1
CUST-04307,30,54.48,0,13,0,one-year,card,standard,0
CUST-04308,4,50.8,0,16,2,month-to-month,bank_transfer,standard,1
CUST-04309,50,90.44,1,18,0,two-year,card,premium,0
CUST-04310,7,81.98,2,12,1,one-year,card,premium,0
CUST-04311,1,52.01,1,11,0,month-to-month,bank_transfer,standard,1
CUST-04312,29,43.05,3,15,0,one-year,invoice,standard,1
CUST-04313,20,85.05,2,11,0,month-to-month,bank_transfer,premium,1
CUST-04314,71,80.81,2,12,1,two-year,card,premium,0
CUST-04315,25,18.06,0,17,1,month-to-month,card,basic,0
CUST-04316,50,95.39,3,16,0,one-year,bank_transfer,premium,0
CUST-04317,24,50.36,0,14,0,two-year,bank_transfer,standard,0
CUST-04318,30,46.35,2,15,0,one-year,invoice,standard,0
CUST-04319,70,49.65,1,14,0,two-year,card,standard,0
CUST-04320,15,19.62,2,16,0,month-to-month,bank_transfer,basic,1
CUST-04321,58,89.4,0,7,2,two-year,invoice,premium,0
CUST-04322,31,50.06,1,11,0,one-year,card,standard,1
CUST-04323,13,12.76,1,7,0,one-year,invoice,basic,0
CUST-04324,20,49.64,1,7,2,month-to-month,card,standard,1
CUST-04325,7,8.47,2,12,0,month-to-month,bank_transfer,basic,1
CUST-04326,1,52.45,1,12,0,one-year,card,standard,0
CUST-04327,8,42.38,4,8,2,month-to-month,invoice,standard,0
CUST-04328,11,56.07,1,11,1,one-year,invoice,standard,1
CUST-04329,26,4.33,2,9,0,two-year,card,basic,0
CUST-04330,63,29.05,2,11,1,two-year,bank_transfer,basic,0
CUST-04331,13,9.16,1,8,0,month-to-month,card,basic,1
CUST-04332,60,41.8,0,8,0,two-year,card,standard,0
CUST-04333,20,90.79,0,13,0,month-to-month,bank_transfer,premium,0
CUST-04334,1,52.71,1,8,0,month-to-month,bank_transfer,standard,1
CUST-04335,13,47.3,1,12,2,two-year,card,standard,0
CUST-04336,33,24.36,1,11,1,month-to-month,card,basic,0
CUST-04337,21,14.22,0,11,0,month-to-month,card,basic,1
CUST-04338,33,86.6,5,15,0,month-to-month,card,premium,0
CUST-04339,11,47.19,0,17,0,month-to-month,card,standard,0
CUST-04340,51,15.77,1,12,0,two-year,card,basic,0
CUST-04341,27,37.39,1,20,0,month-to-month,invoice,standard,1
CUST-04342,35,48.85,3,11,0,month-to-month,card,standard,0
CUST-04343,1,18.31,3,8,0,one-year,invoice,basic,0
CUST-04344,34,25.47,1,9,0,month-to-month,card,basic,0
CUST-04345,23,41.28,1,8,2,one-year,card,standard,0
CUST-04346,60,15.16,1,15,0,two-year,card,basic,0
CUST-04347,32,56.22,2,14,0,one-year,card,standard,0
CUST-04348,40,90.76,2,8,0,two-year,bank_transfer,premium,0
CUST-04349,12,92.3,2,13,0,month-to-month,card,premium,0
CUST-04350,59,21.72,2,19,2,two-year,card,basic,0
CUST-04351,9,21.75,3,12,1,month-to-month,card,basic,1
CUST-04352,17,59.93,1,19,0,month-to-month,bank_transfer,standard,1
CUST-04353,33,19.55,3,9,1,one-year,card,basic,0
CUST-04354,26,82.93,0,11,0,month-to-month,card,premium,1
CUST-04355,33,52.83,2,13,0,two-year,card,standard,0
CUST-04356,40,45.6,3,11,0,one-year,bank_transfer,standard,0
CUST-04357,34,48.34,2,14,0,two-year,invoice,standard,0
CUST-04358,23,21.22,1,9,1,month-to-month,card,basic,0
CUST-04359,24,44.07,1,10,1,month-to-month,card,standard,1
CUST-04360,42,85.94,0,13,0,one-year,card,premium,0
CUST-04361,29,21.86,2,11,0,month-to-month,invoice,basic,0
CUST-04362,19,15.71,1,15,0,month-to-month,card,basic,1
CUST-04363,11,94.84,3,19,0,one-year,bank_transfer,premium,0
CUST-04364,48,43.08,1,14,0,two-year,bank_transfer,standard,0
CUST-04365,4,13.06,0,11,2,one-year,card,basic,0
CUST-04366,7,30.44,2,9,0,month-to-month,bank_transfer,basic,0
CUST-04367,28,39.82,2,14,3,month-to-month,bank_transfer,standard,1
CUST-04368,26,48.84,4,7,0,one-year,card,standard,1
CUST-04369,17,60.11,1,9,0,month-to-month,card,standard,0
CUST-04370,35,18.83,1,11,1,month-to-month,card,basic,1
CUST-04371,8,27.08,2,13,1,month-to-month,card,basic,0
CUST-04372,1,52.91,3,15,0,month-to-month,bank_transfer,standard,1
CUST-04373,4,88.96,1,15,0,month-to-month,bank_transfer,premium,1
CUST-04374,8,48.22,0,5,1,month-to-month,invoice,standard,1
CUST-04375,43,36.28,0,13,0,one-year,bank_transfer,standard,0
CUST-04376,27,87.09,5,8,0,month-to-month,card,premium,1
CUST-04377,33,20.39,1,18,2,one-year,card,basic,0
CUST-04378,9,20.39,2,18,1,month-to-month,bank_transfer,basic,0
CUST-04379,37,33.8,1,12,0,two-year,card,basic,0
CUST-04380,1,20.69,0,18,0,month-to-month,card,basic,0
CUST-04381,24,92.78,2,11,1,month-to-month,bank_transfer,premium,0
CUST-04382,22,25.99,1,12,1,month-to-month,bank_transfer,basic,1
CUST-04383,1,92.24,1,13,0,month-to-month,card,premium,1
CUST-04384,29,18.48,1,20,2,month-to-month,bank_transfer,basic,0
CUST-04385,54,48.51,1,11,0,two-year,card,standard,0
CUST-04386,22,16.9,0,18,1,two-year,bank_transfer,basic,0
CUST-04387,22,21.67,1,10,0,month-to-month,bank_transfer,basic,0
CUST-04388,21,17.98,1,15,1,month-to-month,bank_transfer,basic,1
CUST-04389,8,52.75,2,17,0,one-year,card,standard,0
CUST-04390,11,42.95,3,18,0,one-year,bank_transfer,standard,0
CUST-04391,24,89.88,0,11,0,month-to-month,card,premium,1
CUST-04392,56,98.31,2,14,0,one-year,card,premium,0
CUST-04393,20,47.65,1,5,0,month-to-month,invoice,standard,1
CUST-04394,34,100.06,1,19,3,one-year,card,premium,1
CUST-04395,23,19.98,2,10,0,month-to-month,bank_transfer,basic,0
CUST-04396,15,18.66,3,4,0,month-to-month,card,basic,1
CUST-04397,1,49.7,1,14,0,month-to-month,bank_transfer,standard,1
CUST-04398,23,47.13,2,10,0,one-year,bank_transfer,standard,0
CUST-04399,32,37.12,0,7,0,month-to-month,card,standard,0
CUST-04400,48,54.28,1,9,0,one-year,bank_transfer,standard,0
CUST-04401,55,102.16,2,14,0,one-year,invoice,premium,0
CUST-04402,9,21.88,1,12,0,one-year,invoice,basic,0
CUST-04403,18,92.25,2,11,0,month-to-month,invoice,premium,1
CUST-04404,21,47.9,1,11,1,month-to-month,card,standard,1
CUST-04405,7,55.95,0,13,0,month-to-month,invoice,standard,0
CUST-04406,12,18.76,0,9,0,one-year,card,basic,1
CUST-04407,56,20.6,2,11,0,two-year,card,basic,0
CUST-04408,24,9.61,1,17,0,month-to-month,card,basic,1
CUST-04409,46,45.82,0,8,3,two-year,card,standard,0
CUST-04410,9,51.2,3,19,0,month-to-month,bank_transfer,standard,0
CUST-04411,18,24.44,0,12,1,month-to-month,card,basic,1
CUST-04412,1,54.61,1,14,0,month-to-month,bank_transfer,standard,1
CUST-04413,7,39.52,1,10,0,one-year,card,standard,1
CUST-04414,18,80.13,3,9,1,month-to-month,card,premium,0
CUST-04415,11,52.5,0,10,0,month-to-month,invoice,standard,0
CUST-04416,57,44.52,1,8,0,one-year,bank_transfer,standard,0
CUST-04417,16,54.37,1,14,0,month-to-month,card,standard,0
CUST-04418,3,39.22,2,14,0,month-to-month,bank_transfer,standard,0
CUST-04419,1,48.41,0,13,0,month-to-month,invoice,standard,0
CUST-04420,26,18.79,1,12,1,month-to-month,card,basic,1
CUST-04421,6,91.88,0,15,0,month-to-month,card,premium,1
CUST-04422,6,42.81,0,10,0,month-to-month,invoice,standard,1
CUST-04423,25,37.2,1,7,0,one-year,card,standard,0
CUST-04424,9,50.03,1,12,1,month-to-month,card,standard,0
CUST-04425,36,52.16,1,10,1,one-year,card,standard,0
CUST-04426,17,25.04,2,11,1,month-to-month,card,basic,0
CUST-04427,4,16.85,2,11,0,month-to-month,invoice,basic,1
CUST-04428,28,23.65,1,11,0,month-to-month,invoice,basic,0
CUST-04429,15,21.91,0,10,0,month-to-month,bank_transfer,basic,0
CUST-04430,21,26.93,3,11,1,month-to-month,bank_transfer,basic,1
CUST-04431,1,48.67,1,13,0,month-to-month,invoice,standard,0
CUST-04432,45,8.62,0,20,1,two-year,bank_transfer,basic,0
CUST-04433,20,88.59,1,17,0,two-year,bank_transfer,premium,0
CUST-04434,17,89.53,0,12,1,month-to-month,invoice,premium,0
CUST-04435,17,22.11,2,13,0,one-year,card,basic,1
CUST-04436,59,39.8,3,11,0,one-year,card,standard,0
CUST-04437,16,47.13,2,16,0,two-year,bank_transfer,standard,0
CUST-04438,32,94.21,1,13,0,month-to-month,bank_transfer,premium,0
CUST-04439,33,48.38,1,12,0,month-to-month,card,standard,0
CUST-04440,15,17.17,0,13,1,month-to-month,card,basic,1
CUST-04441,10,30.44,2,9,0,month-to-month,bank_transfer,basic,1
CUST-04442,13,82.58,5,13,2,month-to-month,card,premium,1
CUST-04443,71,26.4,1,9,0,two-year,invoice,basic,0
CUST-04444,44,95.13,3,15,3,two-year,invoice,premium,0
CUST-04445,19,17.65,0,11,1,month-to-month,card,basic,0
CUST-04446,1,48.8,2,11,0,month-to-month,bank_transfer,standard,1
CUST-04447,30,48.78,1,14,1,month-to-month,bank_transfer,standard,0
CUST-04448,3,20.09,1,13,0,month-to-month,card,basic,0
CUST-04449,2,15.43,1,12,1,one-year,card,basic,1
CUST-04450,9,16.43,2,20,1,month-to-month,card,basic,1
CUST-04451,34,46.87,3,8,0,two-year,invoice,standard,0
CUST-04452,64,47.06,4,12,1,two-year,invoice,standard,0
CUST-04453,47,17.14,1,18,1,one-year,card,basic,0
CUST-04454,11,35.56,1,18,0,one-year,invoice,standard,0
CUST-04455,13,19.59,0,13,0,month-to-month,bank_transfer,basic,0
CUST-04456,28,45.84,0,5,0,month-to-month,card,standard,0
CUST-04457,18,37.8,0,10,0,month-to-month,card,standard,1
CUST-04458,10,86.9,1,14,0,one-year,invoice,premium,0
CUST-04459,14,86.71,2,13,0,month-to-month,card,premium,1
CUST-04460,45,26.65,0,8,1,two-year,bank_transfer,basic,0
CUST-04461,35,15.76,0,16,1,month-to-month,bank_transfer,basic,0
CUST-04462,23,93.01,1,15,0,month-to-month,bank_transfer,premium,1
CUST-04463,1,27.3,0,17,0,month-to-month,card,basic,0
CUST-04464,50,15.23,0,8,0,two-year,card,basic,0
CUST-04465,9,18.72,0,13,2,month-to-month,invoice,basic,1
CUST-04466,31,59.37,2,14,0,month-to-month,card,standard,0
CUST-04467,13,50.37,1,11,0,month-to-month,card,standard,1
CUST-04468,11,91.24,4,9,0,one-year,card,premium,1
CUST-04469,33,16.56,0,11,0,two-year,bank_transfer,basic,0
CUST-04470,9,23.12,1,17,0,month-to-month,card,basic,1
CUST-04471,16,18.76,2,6,1,two-year,bank_transfer,basic,0
CUST-04472,20,38.01,1,13,1,month-to-month,card,standard,1
CUST-04473,46,16.87,0,12,0,one-year,bank_transfer,basic,0
CUST-04474,30,81.9,0,16,0,month-to-month,invoice,premium,0
CUST-04475,14,49.67,1,11,1,month-to-month,bank_transfer,standard,0
CUST-04476,4,43.5,4,14,0,one-year,bank_transfer,standard,1
CUST-04477,17,91.87,2,12,0,month-to-month,bank_transfer,premium,1
CUST-04478,15,49.27,1,14,0,month-to-month,bank_transfer,standard,0
CUST-04479,14,41.51,3,11,0,two-year,card,standard,0
CUST-04480,64,16.04,2,13,2,two-year,bank_transfer,basic,0
CUST-04481,35,92.72,1,12,1,month-to-month,card,premium,1
CUST-04482,3,95.89,0,12,0,one-year,card,premium,0
CUST-04483,47,43.59,0,5,1,one-year,card,standard,0
CUST-04484,23,12.42,2,10,0,month-to-month,card,basic,0
CUST-04485,18,100.71,2,11,1,two-year,card,premium,0
CUST-04486,22,88.94,3,11,0,month-to-month,bank_transfer,premium,1
CUST-04487,7,49.55,1,18,0,one-year,bank_transfer,standard,0
CUST-04488,2,84.56,0,13,2,month-to-month,card,premium,1
CUST-04489,35,50.29,0,11,0,month-to-month,card,standard,1
CUST-04490,22,29.29,0,14,0,month-to-month,bank_transfer,basic,0
CUST-04491,9,50.53,2,11,1,month-to-month,bank_transfer,standard,1
CUST-04492,32,25.39,2,13,1,two-year,bank_transfer,basic,0
CUST-04493,68,49.17,0,9,0,two-year,card,standard,0
CUST-04494,15,42.85,2,7,0,month-to-month,invoice,standard,0
CUST-04495,32,14.9,2,9,0,month-to-month,card,basic,0
CUST-04496,31,12.29,0,7,1,month-to-month,bank_transfer,basic,0
CUST-04497,12,50.31,1,15,0,month-to-month,card,standard,1
CUST-04498,25,56.34,0,4,1,month-to-month,card,standard,1
CUST-04499,47,89.97,2,13,1,two-year,invoice,premium,1
CUST-04500,46,17.15,1,12,1,one-year,invoice,basic,0
CUST-04501,13,84.26,1,13,0,month-to-month,card,premium,1
CUST-04502,1,21.13,2,16,0,month-to-month,card,basic,1
CUST-04503,10,11.57,1,7,0,one-year,invoice,basic,0
CUST-04504,22,42.2,2,13,1,month-to-month,card,standard,0
CUST-04505,27,54.4,1,15,2,month-to-month,invoice,standard,0
CUST-04506,27,47.33,2,10,0,month-to-month,card,standard,0
CUST-04507,21,17.22,1,15,0,month-to-month,card,basic,0
CUST-04508,3,17.99,0,2,1,month-to-month,card,basic,1
CUST-04509,1,53.36,1,13,0,one-year,bank_transfer,standard,0
CUST-04510,28,19.99,1,9,0,month-to-month,card,basic,0
CUST-04511,32,14.54,2,15,0,one-year,card,basic,0
CUST-04512,28,14.76,1,11,2,month-to-month,invoice,basic,1
CUST-04513,11,17.83,2,13,1,two-year,card,basic,1
CUST-04514,14,50.81,1,16,1,month-to-month,bank_transfer,standard,0
CUST-04515,33,18.79,1,12,1,month-to-month,card,basic,1
CUST-04516,6,48.25,2,11,0,month-to-month,bank_transfer,standard,1
CUST-04517,2,49.28,2,14,1,month-to-month,card,standard,0
CUST-04518,23,48.78,1,6,1,month-to-month,bank_transfer,standard,1
CUST-04519,35,44.32,0,15,1,one-year,bank_transfer,standard,0
CUST-04520,34,55.64,0,19,0,month-to-month,invoice,standard,0
CUST-04521,32,86.11,3,10,0,month-to-month,invoice,premium,0
CUST-04522,26,19.78,0,10,0,month-to-month,card,basic,1
CUST-04523,1,76.64,1,6,0,one-year,card,premium,1
CUST-04524,34,17.71,1,7,0,two-year,card,basic,0
CUST-04525,53,42.4,0,14,1,one-year,bank_transfer,standard,0
CUST-04526,26,43.13,1,12,0,one-year,card,standard,0
CUST-04527,57,33.53,0,13,1,one-year,invoice,basic,0
CUST-04528,39,20.5,0,9,0,one-year,invoice,basic,0
CUST-04529,3,26.36,0,12,1,month-to-month,card,basic,1
CUST-04530,30,24.13,0,10,0,one-year,card,basic,0
CUST-04531,41,54.9,2,10,0,one-year,bank_transfer,standard,0
CUST-04532,2,17.81,1,11,1,month-to-month,card,basic,1
CUST-04533,20,98.64,0,13,0,one-year,card,premium,0
CUST-04534,25,94.08,1,12,0,month-to-month,card,premium,0
CUST-04535,5,19.25,3,10,0,month-to-month,invoice,basic,1
CUST-04536,12,20.58,0,7,0,month-to-month,bank_transfer,basic,1
CUST-04537,41,48.18,3,14,2,one-year,card,standard,0
CUST-04538,55,89.31,0,6,1,two-year,card,premium,0
CUST-04539,18,18.74,0,16,0,month-to-month,bank_transfer,basic,0
CUST-04540,34,21.29,0,10,0,month-to-month,card,basic,0
CUST-04541,33,99.44,2,11,1,month-to-month,invoice,premium,1
CUST-04542,17,41.77,2,8,1,month-to-month,bank_transfer,standard,1
CUST-04543,11,25.85,2,11,0,two-year,invoice,basic,0
CUST-04544,27,86.79,1,6,1,month-to-month,bank_transfer,premium,0
CUST-04545,8,96.62,2,16,0,month-to-month,invoice,premium,1
CUST-04546,30,47.0,1,10,0,month-to-month,bank_transfer,standard,0
CUST-04547,42,21.48,1,6,0,two-year,bank_transfer,basic,0
CUST-04548,14,48.05,2,14,1,month-to-month,card,standard,1
CUST-04549,33,8.62,1,20,2,one-year,bank_transfer,basic,0
CUST-04550,19,59.43,0,20,0,month-to-month,bank_transfer,standard,0
CUST-04551,33,13.34,0,9,0,month-to-month,card,basic,0
CUST-04552,12,49.5,4,15,0,one-year,bank_transfer,standard,0
CUST-04553,33,42.69,1,17,0,month-to-month,card,standard,0
CUST-04554,1,80.98,0,13,0,one-year,card,premium,0
CUST-04555,27,87.77,2,13,0,month-to-month,card,premium,0
CUST-04556,55,15.44,2,13,0,one-year,card,basic,0
CUST-04557,23,11.99,0,8,0,one-year,card,basic,0
CUST-04558,4,48.79,2,18,0,one-year,invoice,standard,0
CUST-04559,28,10.11,0,12,2,month-to-month,bank_transfer,basic,0
CUST-04560,50,19.75,0,12,2,one-year,invoice,basic,0
CUST-04561,24,48.24,1,8,0,two-year,invoice,standard,0
CUST-04562,18,4.12,1,13,0,month-to-month,card,basic,0
CUST-04563,29,15.86,1,15,0,month-to-month,bank_transfer,basic,0
CUST-04564,13,51.81,0,11,0,two-year,card,standard,0
CUST-04565,22,82.62,4,15,0,month-to-month,invoice,premium,1
CUST-04566,25,52.07,2,11,0,one-year,card,standard,0
CUST-04567,10,21.6,0,8,0,one-year,card,basic,0
CUST-04568,29,42.89,2,10,0,month-to-month,card,standard,0
CUST-04569,19,88.93,1,11,1,one-year,bank_transfer,premium,1
CUST-04570,56,23.95,1,15,1,one-year,card,basic,0
CUST-04571,20,43.74,1,14,0,month-to-month,card,standard,0
CUST-04572,37,47.77,1,14,0,two-year,invoice,standard,0
CUST-04573,15,55.9,3,13,0,month-to-month,card,standard,1
CUST-04574,14,13.85,2,10,0,month-to-month,bank_transfer,basic,1
CUST-04575,58,91.75,0,13,0,two-year,bank_transfer,premium,0
CUST-04576,24,12.52,1,9,0,month-to-month,card,basic,0
CUST-04577,55,18.03,2,14,0,two-year,card,basic,0
CUST-04578,15,21.68,1,8,0,month-to-month,card,basic,0
CUST-04579,9,34.57,1,14,0,month-to-month,invoice,standard,1
CUST-04580,3,15.79,0,9,0,month-to-month,bank_transfer,basic,1
CUST-04581,46,51.58,0,10,2,one-year,card,standard,0
CUST-04582,24,90.36,1,10,0,one-year,invoice,premium,1
CUST-04583,36,15.87,1,14,0,two-year,card,basic,0
CUST-04584,33,82.37,1,12,0,two-year,card,premium,0
CUST-04585,25,92.77,2,9,0,one-year,card,premium,0
CUST-04586,41,17.07,1,6,1,one-year,bank_transfer,basic,0
CUST-04587,21,52.27,0,11,0,month-to-month,card,standard,1
CUST-04588,69,91.28,1,23,0,two-year,bank_transfer,premium,0
CUST-04589,8,46.32,1,7,0,one-year,card,standard,0
CUST-04590,41,55.44,2,9,0,two-year,bank_transfer,standard,0
CUST-04591,2,85.43,1,9,0,month-to-month,invoice,premium,1
CUST-04592,29,56.14,1,12,1,month-to-month,card,standard,0
CUST-04593,36,26.93,1,10,1,one-year,card,basic,0
CUST-04594,15,25.3,2,12,0,month-to-month,bank_transfer,basic,0
CUST-04595,28,47.92,1,18,1,month-to-month,card,standard,1
CUST-04596,32,34.28,3,10,1,two-year,card,basic,1
CUST-04597,8,19.91,2,9,0,month-to-month,bank_transfer,basic,0
CUST-04598,17,20.45,5,12,0,month-to-month,bank_transfer,basic,1
CUST-04599,2,88.87,2,13,0,month-to-month,bank_transfer,premium,1
CUST-04600,32,42.22,0,10,0,month-to-month,card,standard,0
CUST-04601,43,26.77,0,10,0,one-year,card,basic,0
CUST-04602,54,15.57,3,12,1,two-year,bank_transfer,basic,0
CUST-04603,62,24.52,0,16,1,two-year,bank_transfer,basic,0
CUST-04604,47,25.96,0,15,0,one-year,card,basic,0
CUST-04605,25,52.62,3,12,0,one-year,card,standard,0
CUST-04606,4,14.85,4,12,1,month-to-month,card,basic,1
CUST-04607,26,86.95,1,23,0,two-year,card,premium,0
CUST-04608,33,2.94,3,12,2,month-to-month,invoice,basic,1
CUST-04609,34,18.3,1,8,1,month-to-month,card,basic,1
CUST-04610,55,93.82,2,7,1,two-year,bank_transfer,premium,0
CUST-04611,14,17.57,3,12,0,two-year,card,basic,0
CUST-04612,7,15.46,3,6,1,month-to-month,card,basic,1
CUST-04613,52,17.21,1,13,1,one-year,bank_transfer,basic,0
CUST-04614,5,56.29,1,14,0,month-to-month,bank_transfer,standard,1
CUST-04615,21,18.67,1,13,0,month-to-month,card,basic,1
CUST-04616,13,100.15,3,12,1,month-to-month,card,premium,1
CUST-04617,10,45.58,1,16,0,month-to-month,card,standard,1
CUST-04618,24,90.3,1,21,0,month-to-month,card,premium,0
CUST-04619,34,46.4,1,14,0,month-to-month,bank_transfer,standard,1
CUST-04620,27,61.45,2,11,0,month-to-month,card,standard,1
CUST-04621,17,50.08,0,13,0,month-to-month,card,standard,0
CUST-04622,31,61.77,0,11,0,two-year,bank_transfer,standard,0
CUST-04623,54,46.48,0,11,0,one-year,invoice,standard,0
CUST-04624,41,58.17,2,17,0,two-year,card,standard,0
CUST-04625,17,19.71,1,14,0,month-to-month,bank_transfer,basic,0
CUST-04626,40,54.02,1,5,0,one-year,card,standard,0
CUST-04627,17,11.68,1,10,2,two-year,card,basic,0
CUST-04628,2,51.09,0,14,0,month-to-month,card,standard,0
CUST-04629,30,12.59,0,17,0,month-to-month,bank_transfer,basic,0
CUST-04630,21,20.54,4,9,0,month-to-month,card,basic,1
CUST-04631,5,9.89,2,17,1,month-to-month,invoice,basic,1
CUST-04632,10,18.44,0,14,1,month-to-month,card,basic,1
CUST-04633,35,25.57,2,10,0,month-to-month,invoice,basic,1
CUST-04634,22,22.29,1,10,2,month-to-month,card,basic,1
CUST-04635,38,41.6,2,5,2,one-year,card,standard,0
CUST-04636,2,37.61,1,10,1,month-to-month,bank_transfer,standard,1
CUST-04637,34,91.98,2,19,1,month-to-month,card,premium,1
CUST-04638,53,98.49,4,11,0,one-year,bank_transfer,premium,0
CUST-04639,19,13.22,0,8,0,month-to-month,invoice,basic,0
CUST-04640,11,61.58,1,11,1,month-to-month,bank_transfer,standard,0
CUST-04641,25,48.96,0,15,0,month-to-month,invoice,standard,1
CUST-04642,30,7.25,1,13,0,month-to-month,card,basic,1
CUST-04643,28,39.63,0,16,0,month-to-month,bank_transfer,standard,0
CUST-04644,35,53.62,1,13,0,month-to-month,bank_transfer,standard,0
CUST-04645,22,49.78,3,14,0,month-to-month,bank_transfer,standard,1
CUST-04646,23,27.89,1,14,0,two-year,bank_transfer,basic,0
CUST-04647,35,41.81,1,13,0,two-year,bank_transfer,standard,0
CUST-04648,29,19.71,1,18,1,month-to-month,invoice,basic,0
CUST-04649,9,89.04,1,8,3,month-to-month,card,premium,1
CUST-04650,8,88.14,1,14,1,month-to-month,card,premium,1
CUST-04651,52,16.7,2,10,0,two-year,card,basic,0
CUST-04652,31,46.82,0,16,1,two-year,card,standard,0
CUST-04653,29,90.05,0,13,0,month-to-month,bank_transfer,premium,0
CUST-04654,5,50.82,2,16,0,month-to-month,card,standard,1
CUST-04655,12,20.52,1,15,0,month-to-month,card,basic,0
CUST-04656,19,56.24,3,7,1,two-year,invoice,standard,0
CUST-04657,50,41.79,2,11,1,two-year,invoice,standard,0
CUST-04658,27,8.13,0,12,1,month-to-month,bank_transfer,basic,1
CUST-04659,27,55.1,2,16,0,one-year,card,standard,1
CUST-04660,17,43.34,1,13,0,month-to-month,card,standard,0
CUST-04661,7,16.72,0,15,0,one-year,card,basic,0
CUST-04662,50,85.33,1,8,1,two-year,card,premium,0
CUST-04663,35,15.2,0,13,0,month-to-month,card,basic,0
CUST-04664,28,40.25,1,7,0,month-to-month,bank_transfer,standard,1
CUST-04665,13,45.58,0,10,0,one-year,card,standard,0
CUST-04666,22,22.9,0,8,0,month-to-month,card,basic,1
CUST-04667,21,48.98,1,17,3,two-year,bank_transfer,standard,0
CUST-04668,1,52.03,0,5,1,month-to-month,card,standard,0
CUST-04669,12,46.02,1,9,0,two-year,card,standard,0
CUST-04670,3,54.42,2,10,2,month-to-month,card,standard,1
CUST-04671,7,85.95,1,13,0,month-to-month,card,premium,1
CUST-04672,28,76.35,1,16,0,month-to-month,bank_transfer,premium,0
CUST-04673,10,20.9,3,12,0,month-to-month,card,basic,1
CUST-04674,27,23.6,1,12,1,month-to-month,card,basic,0
CUST-04675,56,45.64,0,16,0,one-year,invoice,standard,0
CUST-04676,20,96.2,2,11,0,month-to-month,invoice,premium,1
CUST-04677,17,83.9,1,21,1,month-to-month,card,premium,1
CUST-04678,27,23.02,2,12,0,month-to-month,invoice,basic,1
CUST-04679,3,99.47,0,20,0,month-to-month,card,premium,1
CUST-04680,30,19.22,1,17,0,two-year,card,basic,0
CUST-04681,35,17.64,0,18,0,two-year,bank_transfer,basic,0
CUST-04682,29,48.37,1,14,0,month-to-month,card,standard,0
CUST-04683,48,28.77,4,11,0,one-year,card,basic,1
CUST-04684,50,51.42,1,19,0,one-year,invoice,standard,0
CUST-04685,50,61.87,0,16,2,two-year,card,standard,0
CUST-04686,19,50.68,2,10,0,month-to-month,card,standard,0
CUST-04687,29,85.08,1,10,0,month-to-month,card,premium,1
CUST-04688,31,15.5,0,8,0,month-to-month,invoice,basic,0
CUST-04689,34,49.37,2,14,0,two-year,card,standard,0
CUST-04690,59,36.75,0,13,0,one-year,invoice,standard,0
CUST-04691,31,16.15,1,17,0,month-to-month,card,basic,0
CUST-04692,18,46.28,1,7,1,month-to-month,bank_transfer,standard,1
CUST-04693,4,50.44,0,5,1,one-year,card,standard,0
CUST-04694,16,30.65,2,14,0,two-year,card,basic,0
CUST-04695,27,89.33,1,7,0,month-to-month,card,premium,1
CUST-04696,6,37.46,0,9,0,one-year,card,standard,0
CUST-04697,16,13.52,0,11,0,month-to-month,card,basic,0
CUST-04698,21,20.57,1,11,0,month-to-month,card,basic,1
CUST-04699,31,49.56,2,9,0,month-to-month,bank_transfer,standard,0
CUST-04700,50,98.75,2,5,1,one-year,bank_transfer,premium,0
CUST-04701,55,24.76,1,12,0,two-year,card,basic,0
CUST-04702,14,24.58,0,15,1,month-to-month,bank_transfer,basic,0
CUST-04703,5,17.7,1,10,1,month-to-month,bank_transfer,basic,1
CUST-04704,24,55.59,2,16,1,month-to-month,invoice,standard,1
CUST-04705,6,13.62,1,8,1,month-to-month,card,basic,1
CUST-04706,20,54.81,0,11,0,month-to-month,card,standard,1
CUST-04707,35,17.31,0,16,1,month-to-month,invoice,basic,0
CUST-04708,19,40.31,2,14,0,month-to-month,invoice,standard,0
CUST-04709,23,52.56,1,14,0,month-to-month,invoice,standard,1
CUST-04710,24,57.39,1,8,1,month-to-month,bank_transfer,standard,0
CUST-04711,49,16.56,2,13,0,one-year,bank_transfer,basic,0
CUST-04712,15,58.38,2,18,1,month-to-month,invoice,standard,1
CUST-04713,29,39.06,0,14,0,one-year,card,standard,0
CUST-04714,12,41.82,0,10,1,two-year,card,standard,0
CUST-04715,36,18.12,1,13,1,one-year,invoice,basic,0
CUST-04716,10,16.78,1,11,1,month-to-month,invoice,basic,1
CUST-04717,18,45.0,0,10,2,month-to-month,card,standard,1
CUST-04718,45,19.8,2,6,0,one-year,card,basic,0
CUST-04719,1,45.83,1,16,0,month-to-month,invoice,standard,0
CUST-04720,20,16.85,2,9,0,month-to-month,card,basic,1
CUST-04721,6,20.67,1,15,0,month-to-month,bank_transfer,basic,1
CUST-04722,10,44.99,0,7,0,month-to-month,card,standard,1
CUST-04723,1,18.36,0,16,0,month-to-month,card,basic,0
CUST-04724,10,15.13,0,17,2,one-year,bank_transfer,basic,0
CUST-04725,35,81.77,2,8,1,month-to-month,invoice,premium,1
CUST-04726,35,53.58,0,8,1,month-to-month,bank_transfer,standard,0
CUST-04727,51,99.25,0,9,0,two-year,card,premium,0
CUST-04728,22,25.39,2,9,1,month-to-month,card,basic,1
CUST-04729,46,90.99,2,12,0,one-year,card,premium,0
CUST-04730,32,85.15,2,13,0,month-to-month,invoice,premium,1
CUST-04731,18,17.28,2,14,0,month-to-month,card,basic,0
CUST-04732,2,55.34,3,11,0,two-year,invoice,standard,0
CUST-04733,25,35.31,1,16,1,month-to-month,invoice,standard,1
CUST-04734,35,46.82,3,11,0,month-to-month,card,standard,0
CUST-04735,18,23.4,2,12,0,two-year,card,basic,0
CUST-04736,27,82.17,2,10,1,one-year,invoice,premium,0
CUST-04737,21,51.54,1,13,0,one-year,card,standard,0
CUST-04738,14,91.26,2,8,1,month-to-month,invoice,premium,1
CUST-04739,25,80.27,0,15,2,month-to-month,card,premium,0
CUST-04740,22,89.52,3,12,1,one-year,card,premium,0
CUST-04741,33,45.3,2,8,1,month-to-month,card,standard,1
CUST-04742,28,51.5,0,8,0,month-to-month,card,standard,0
CUST-04743,1,93.02,2,15,1,one-year,bank_transfer,premium,0
CUST-04744,29,51.39,2,14,1,month-to-month,bank_transfer,standard,1
CUST-04745,27,19.44,0,7,0,month-to-month,card,basic,0
CUST-04746,18,50.73,1,16,0,month-to-month,bank_transfer,standard,0
CUST-04747,17,11.94,0,18,0,month-to-month,card,basic,0
CUST-04748,50,88.82,2,16,1,one-year,invoice,premium,0
CUST-04749,30,44.22,0,15,0,two-year,invoice,standard,0
CUST-04750,5,55.19,4,20,0,month-to-month,bank_transfer,standard,0
CUST-04751,11,23.1,2,11,1,month-to-month,invoice,basic,0
CUST-04752,9,53.08,3,9,0,month-to-month,card,standard,1
CUST-04753,24,29.28,1,11,0,month-to-month,card,basic,0
CUST-04754,6,47.02,0,13,0,month-to-month,card,standard,0
CUST-04755,46,45.71,2,8,0,two-year,invoice,standard,0
CUST-04756,16,46.88,1,4,0,month-to-month,card,standard,1
CUST-04757,30,9.39,4,12,1,month-to-month,invoice,basic,1
CUST-04758,34,39.86,3,6,0,two-year,card,standard,0
CUST-04759,33,52.73,2,18,1,month-to-month,card,standard,1
CUST-04760,64,80.63,1,13,1,two-year,bank_transfer,premium,0
CUST-04761,6,82.55,1,10,0,month-to-month,bank_transfer,premium,0
CUST-04762,24,48.39,3,10,0,month-to-month,card,standard,0
CUST-04763,15,16.53,3,17,1,two-year,invoice,basic,0
CUST-04764,29,24.31,3,12,1,month-to-month,bank_transfer,basic,0
CUST-04765,22,89.36,1,9,1,month-to-month,card,premium,0
CUST-04766,10,84.21,2,5,1,month-to-month,bank_transfer,premium,0
CUST-04767,14,24.83,0,8,0,one-year,card,basic,0
CUST-04768,25,53.37,1,13,1,one-year,invoice,standard,0
CUST-04769,28,40.53,1,5,0,month-to-month,card,standard,0
CUST-04770,47,20.51,1,9,3,one-year,bank_transfer,basic,0
CUST-04771,2,84.71,2,7,0,one-year,card,premium,0
CUST-04772,10,84.55,4,13,1,month-to-month,card,premium,1
CUST-04773,15,100.22,3,7,1,month-to-month,bank_transfer,premium,1
CUST-04774,21,19.75,0,9,0,month-to-month,card,basic,0
CUST-04775,5,47.69,3,16,0,month-to-month,bank_transfer,standard,1
CUST-04776,12,89.51,2,7,1,month-to-month,bank_transfer,premium,1
CUST-04777,31,54.25,0,15,0,month-to-month,card,standard,0
CUST-04778,17,44.79,1,12,0,month-to-month,card,standard,0
CUST-04779,26,45.81,0,10,0,month-to-month,bank_transfer,standard,0
CUST-04780,29,22.94,1,13,0,one-year,card,basic,0
CUST-04781,16,39.9,2,13,0,month-to-month,card,standard,1
CUST-04782,44,94.94,0,12,0,two-year,card,premium,0
CUST-04783,18,9.37,1,8,0,two-year,card,basic,0
CUST-04784,14,17.53,1,9,1,one-year,bank_transfer,basic,0
CUST-04785,71,39.41,1,13,0,two-year,invoice,standard,0
CUST-04786,62,42.66,2,10,1,two-year,bank_transfer,standard,0
CUST-04787,26,26.79,2,14,3,month-to-month,bank_transfer,basic,1
CUST-04788,8,25.27,1,10,0,one-year,card,basic,0
CUST-04789,1,55.91,0,10,0,month-to-month,bank_transfer,standard,0
CUST-04790,10,10.31,1,18,0,one-year,bank_transfer,basic,0
CUST-04791,33,42.69,1,9,0,month-to-month,card,standard,0
CUST-04792,29,51.04,1,10,2,month-to-month,bank_transfer,standard,1
CUST-04793,18,53.29,2,12,0,month-to-month,card,standard,0
CUST-04794,69,44.2,1,11,0,two-year,card,standard,0
CUST-04795,5,45.53,0,16,1,month-to-month,card,standard,1
CUST-04796,20,42.21,0,11,0,month-to-month,card,standard,0
CUST-04797,6,58.95,2,11,2,month-to-month,card,standard,1
CUST-04798,11,46.15,2,7,0,month-to-month,card,standard,0
CUST-04799,67,49.19,0,13,0,two-year,card,standard,0
CUST-04800,52,49.5,1,7,1,one-year,card,standard,1
CUST-04801,3,55.63,3,13,0,month-to-month,card,standard,1
CUST-04802,8,43.29,2,10,0,month-to-month,card,standard,1
CUST-04803,21,26.01,2,17,1,month-to-month,invoice,basic,1
CUST-04804,2,41.33,3,17,0,month-to-month,bank_transfer,standard,0
CUST-04805,39,25.99,0,12,0,two-year,card,basic,0
CUST-04806,35,78.71,0,11,0,one-year,card,premium,0
CUST-04807,10,48.37,1,3,1,month-to-month,card,standard,1
CUST-04808,17,28.75,1,9,1,one-year,card,basic,0
CUST-04809,8,53.18,1,9,1,month-to-month,card,standard,1
CUST-04810,56,21.53,2,18,0,one-year,card,basic,0
CUST-04811,13,82.71,1,13,0,month-to-month,card,premium,1
CUST-04812,35,84.59,2,16,0,one-year,bank_transfer,premium,0
CUST-04813,10,97.07,1,8,0,month-to-month,card,premium,1
CUST-04814,50,51.83,1,8,0,two-year,card,standard,0
CUST-04815,3,94.34,0,13,0,month-to-month,card,premium,0
CUST-04816,2,49.44,0,8,0,month-to-month,invoice,standard,0
CUST-04817,26,87.31,3,12,0,month-to-month,bank_transfer,premium,0
CUST-04818,26,23.6,3,13,0,month-to-month,bank_transfer,basic,0
CUST-04819,9,90.56,2,10,0,month-to-month,invoice,premium,0
CUST-04820,21,47.98,0,10,2,one-year,bank_transfer,standard,0
CUST-04821,57,10.52,1,11,0,one-year,card,basic,0
CUST-04822,3,94.72,2,11,0,month-to-month,bank_transfer,premium,1
CUST-04823,10,51.64,2,15,2,one-year,card,standard,0
CUST-04824,25,85.36,1,20,0,one-year,bank_transfer,premium,0
CUST-04825,10,26.08,1,5,0,month-to-month,card,basic,0
CUST-04826,23,50.46,1,8,1,month-to-month,card,standard,1
CUST-04827,24,50.58,3,14,0,month-to-month,card,standard,1
CUST-04828,18,24.3,2,17,0,month-to-month,card,basic,0
CUST-04829,36,53.01,1,7,0,one-year,bank_transfer,standard,0
CUST-04830,31,50.76,1,15,0,two-year,card,standard,0
CUST-04831,45,17.87,0,17,0,one-year,card,basic,0
CUST-04832,1,60.9,0,18,0,month-to-month,card,standard,1
CUST-04833,18,14.6,1,12,0,one-year,invoice,basic,0
CUST-04834,41,93.48,0,15,1,one-year,bank_transfer,premium,1
CUST-04835,11,88.5,0,10,1,month-to-month,bank_transfer,premium,1
CUST-04836,5,51.73,0,10,1,two-year,card,standard,1
CUST-04837,12,56.4,4,15,0,month-to-month,card,standard,1
CUST-04838,25,47.13,0,12,0,month-to-month,card,standard,0
CUST-04839,4,22.61,2,12,0,month-to-month,card,basic,1
CUST-04840,26,90.59,1,9,1,month-to-month,card,premium,0
CUST-04841,55,15.15,1,10,0,two-year,invoice,basic,0
CUST-04842,22,56.55,1,14,0,month-to-month,card,standard,1
CUST-04843,8,23.27,3,12,0,month-to-month,card,basic,1
CUST-04844,28,46.39,3,13,0,month-to-month,bank_transfer,standard,1
CUST-04845,7,95.62,1,8,0,month-to-month,card,premium,0
CUST-04846,32,14.01,3,9,0,month-to-month,card,basic,1
CUST-04847,25,18.83,1,12,2,month-to-month,bank_transfer,basic,1
CUST-04848,3,16.42,2,14,0,one-year,invoice,basic,1
CUST-04849,28,23.51,1,11,0,month-to-month,bank_transfer,basic,1
CUST-04850,30,46.12,1,14,0,one-year,invoice,standard,0
CUST-04851,16,53.55,0,18,0,month-to-month,card,standard,0
CUST-04852,25,52.57,0,14,0,one-year,bank_transfer,standard,0
CUST-04853,43,16.75,2,9,0,two-year,invoice,basic,0
CUST-04854,26,59.98,1,9,0,month-to-month,card,standard,0
CUST-04855,32,44.53,0,9,0,month-to-month,bank_transfer,standard,0
CUST-04856,19,10.55,0,8,0,two-year,invoice,basic,0
CUST-04857,22,24.14,1,8,1,month-to-month,bank_transfer,basic,0
CUST-04858,41,36.1,0,15,1,one-year,card,standard,0
CUST-04859,24,27.95,4,7,0,month-to-month,card,basic,1
CUST-04860,17,89.61,1,12,0,month-to-month,bank_transfer,premium,0
CUST-04861,14,80.44,0,15,1,month-to-month,invoice,premium,0
CUST-04862,54,83.31,1,8,0,two-year,card,premium,0
CUST-04863,10,9.2,3,10,0,month-to-month,card,basic,0
CUST-04864,12,21.3,1,11,0,one-year,card,basic,0
CUST-04865,32,81.04,1,17,0,one-year,card,premium,1
CUST-04866,9,52.01,0,12,0,month-to-month,bank_transfer,standard,0
CUST-04867,1,17.17,1,4,0,month-to-month,bank_transfer,basic,1
CUST-04868,1,46.15,0,10,0,month-to-month,bank_transfer,standard,0
CUST-04869,25,22.06,3,17,0,month-to-month,bank_transfer,basic,1
CUST-04870,58,52.74,3,18,0,one-year,bank_transfer,standard,0
CUST-04871,16,95.87,0,9,1,month-to-month,bank_transfer,premium,1
CUST-04872,5,45.2,1,6,0,month-to-month,card,standard,0
CUST-04873,49,48.82,3,14,1,one-year,card,standard,0
CUST-04874,15,85.19,1,19,1,one-year,invoice,premium,0
CUST-04875,35,49.98,2,12,0,month-to-month,card,standard,0
CUST-04876,33,14.33,1,12,1,one-year,card,basic,0
CUST-04877,8,46.46,3,14,0,month-to-month,card,standard,1
CUST-04878,29,16.49,2,11,0,one-year,bank_transfer,basic,1
CUST-04879,12,20.76,1,11,0,month-to-month,card,basic,1
CUST-04880,28,49.02,1,12,0,month-to-month,bank_transfer,standard,0
CUST-04881,3,22.04,0,12,1,month-to-month,card,basic,1
CUST-04882,51,18.36,2,9,0,one-year,invoice,basic,0
CUST-04883,46,45.52,3,10,0,one-year,bank_transfer,standard,0
CUST-04884,31,20.15,1,12,0,month-to-month,invoice,basic,0
CUST-04885,64,43.5,0,13,2,two-year,bank_transfer,standard,0
CUST-04886,16,22.41,2,9,0,two-year,invoice,basic,0
CUST-04887,18,47.29,1,8,1,month-to-month,card,standard,1
CUST-04888,50,90.23,0,15,1,one-year,card,premium,0
CUST-04889,13,20.32,0,14,0,month-to-month,invoice,basic,1
CUST-04890,4,58.61,1,16,0,two-year,invoice,standard,0
CUST-04891,10,21.29,1,8,1,month-to-month,invoice,basic,0
CUST-04892,8,19.44,4,11,0,month-to-month,invoice,basic,1
CUST-04893,31,14.85,1,12,0,month-to-month,bank_transfer,basic,0
CUST-04894,16,23.81,0,7,2,month-to-month,bank_transfer,basic,1
CUST-04895,41,17.38,1,7,0,one-year,bank_transfer,basic,0
CUST-04896,34,39.85,1,13,0,month-to-month,card,standard,1
CUST-04897,10,47.83,0,14,1,month-to-month,bank_transfer,standard,0
CUST-04898,27,90.15,1,8,1,month-to-month,invoice,premium,0
CUST-04899,1,84.09,1,16,1,two-year,bank_transfer,premium,0
CUST-04900,6,48.29,2,10,0,one-year,card,standard,0
CUST-04901,5,18.57,1,16,0,month-to-month,bank_transfer,basic,1
CUST-04902,11,18.66,0,10,0,month-to-month,invoice,basic,1
CUST-04903,14,56.41,2,14,0,month-to-month,card,standard,1
CUST-04904,34,81.13,0,9,0,two-year,card,premium,0
CUST-04905,14,31.2,5,14,1,one-year,bank_transfer,basic,0
CUST-04906,3,18.8,2,11,0,one-year,invoice,basic,1
CUST-04907,48,52.48,1,7,0,two-year,bank_transfer,standard,0
CUST-04908,1,89.77,0,6,0,month-to-month,bank_transfer,premium,1
CUST-04909,48,38.64,2,12,0,one-year,card,standard,0
CUST-04910,33,42.66,0,12,1,month-to-month,card,standard,1
CUST-04911,25,45.85,1,17,0,month-to-month,invoice,standard,0
CUST-04912,21,24.96,1,5,1,month-to-month,card,basic,1
CUST-04913,23,40.69,3,11,0,month-to-month,card,standard,0
CUST-04914,46,43.87,0,13,0,two-year,card,standard,0
CUST-04915,33,49.99,0,12,1,month-to-month,card,standard,0
CUST-04916,69,51.84,2,9,0,two-year,card,standard,0
CUST-04917,25,21.66,0,12,0,one-year,bank_transfer,basic,0
CUST-04918,37,13.1,3,13,0,one-year,card,basic,0
CUST-04919,57,9.41,1,16,0,two-year,bank_transfer,basic,0
CUST-04920,1,22.23,0,13,0,month-to-month,card,basic,0
CUST-04921,18,27.6,2,10,2,month-to-month,invoice,basic,1
CUST-04922,23,46.93,1,15,1,month-to-month,card,standard,0
CUST-04923,25,82.13,3,16,0,month-to-month,card,premium,1
CUST-04924,26,46.42,3,8,1,two-year,card,standard,0
CUST-04925,10,51.36,3,14,0,month-to-month,invoice,standard,1
CUST-04926,6,87.6,3,6,0,month-to-month,bank_transfer,premium,1
CUST-04927,20,97.44,2,11,1,month-to-month,bank_transfer,premium,1
CUST-04928,33,24.55,1,12,1,month-to-month,card,basic,1
CUST-04929,53,20.11,0,18,2,one-year,card,basic,0
CUST-04930,12,7.27,1,16,0,month-to-month,invoice,basic,0
CUST-04931,15,84.85,0,17,1,one-year,card,premium,0
CUST-04932,47,15.71,3,9,3,one-year,bank_transfer,basic,1
CUST-04933,43,14.52,1,7,0,one-year,invoice,basic,0
CUST-04934,18,50.14,0,8,1,month-to-month,bank_transfer,standard,1
CUST-04935,23,50.27,0,17,1,one-year,card,standard,0
CUST-04936,4,38.96,2,10,0,month-to-month,card,standard,1
CUST-04937,28,53.83,2,8,0,month-to-month,card,standard,1
CUST-04938,37,49.1,2,16,1,one-year,invoice,standard,0
CUST-04939,22,91.15,2,6,0,one-year,invoice,premium,1
CUST-04940,33,23.47,1,18,0,month-to-month,card,basic,0
CUST-04941,47,84.4,0,14,0,two-year,invoice,premium,0
CUST-04942,33,56.55,1,12,1,month-to-month,card,standard,1
CUST-04943,28,18.15,2,5,1,one-year,card,basic,1
CUST-04944,32,98.08,1,10,0,two-year,card,premium,0
CUST-04945,33,83.64,1,11,0,month-to-month,invoice,premium,0
CUST-04946,69,97.63,0,12,0,two-year,card,premium,0
CUST-04947,57,83.58,2,11,0,one-year,card,premium,0
CUST-04948,49,34.29,1,20,0,one-year,card,basic,0
CUST-04949,27,13.29,0,8,1,one-year,card,basic,0
CUST-04950,12,25.34,1,8,1,one-year,card,basic,0
CUST-04951,13,86.83,0,14,0,month-to-month,card,premium,0
CUST-04952,56,93.29,0,14,0,one-year,invoice,premium,0
CUST-04953,13,88.76,1,9,0,month-to-month,invoice,premium,1
CUST-04954,54,82.45,1,11,0,two-year,card,premium,0
CUST-04955,33,32.22,0,12,0,month-to-month,invoice,standard,1
CUST-04956,34,34.05,0,12,0,month-to-month,invoice,basic,0
CUST-04957,68,19.44,2,18,0,two-year,invoice,basic,0
CUST-04958,19,31.34,3,19,0,month-to-month,card,standard,0
CUST-04959,17,50.82,1,4,0,month-to-month,invoice,standard,0
CUST-04960,59,23.14,1,13,0,one-year,bank_transfer,basic,0
CUST-04961,7,84.71,1,12,0,month-to-month,card,premium,1
CUST-04962,6,44.75,2,9,0,month-to-month,bank_transfer,standard,1
CUST-04963,34,18.88,0,17,0,month-to-month,card,basic,0
CUST-04964,24,96.22,2,14,0,month-to-month,bank_transfer,premium,1
CUST-04965,19,49.6,0,11,1,month-to-month,bank_transfer,standard,1
CUST-04966,4,57.78,2,16,0,month-to-month,card,standard,1
CUST-04967,18,25.79,1,13,0,month-to-month,card,basic,0
CUST-04968,33,17.63,2,10,0,month-to-month,invoice,basic,0
CUST-04969,21,9.58,0,15,1,month-to-month,card,basic,0
CUST-04970,24,47.64,1,8,0,one-year,invoice,standard,0
CUST-04971,33,52.16,3,11,1,one-year,bank_transfer,standard,0
CUST-04972,31,89.36,0,17,0,month-to-month,card,premium,1
CUST-04973,32,92.81,2,11,1,month-to-month,bank_transfer,premium,0
CUST-04974,28,24.18,2,15,0,two-year,invoice,basic,0
CUST-04975,36,92.19,2,15,0,one-year,invoice,premium,0
CUST-04976,10,17.35,0,17,1,month-to-month,card,basic,0
CUST-04977,16,22.12,1,18,0,month-to-month,card,basic,0
CUST-04978,7,62.41,2,9,0,month-to-month,card,standard,1
CUST-04979,38,80.06,1,8,0,two-year,bank_transfer,premium,0
CUST-04980,41,91.92,3,12,0,two-year,card,premium,0
CUST-04981,24,99.99,0,10,0,two-year,card,premium,0
CUST-04982,9,11.95,1,8,0,month-to-month,card,basic,1
CUST-04983,5,25.01,1,10,0,month-to-month,invoice,basic,1
CUST-04984,5,25.81,1,10,0,month-to-month,card,basic,1
CUST-04985,25,40.14,0,10,0,month-to-month,bank_transfer,standard,0
CUST-04986,7,53.27,2,11,1,month-to-month,card,standard,1
CUST-04987,7,17.37,2,19,0,one-year,bank_transfer,basic,0
CUST-04988,35,48.64,1,15,0,month-to-month,bank_transfer,standard,1
CUST-04989,18,47.05,0,12,0,two-year,invoice,standard,0
CUST-04990,32,56.88,0,12,0,month-to-month,bank_transfer,standard,0
CUST-04991,21,48.33,1,12,0,month-to-month,card,standard,0
CUST-04992,51,16.22,0,13,0,two-year,card,basic,0
CUST-04993,33,46.32,0,9,0,one-year,card,standard,0
CUST-04994,6,46.95,2,12,0,month-to-month,card,standard,1
CUST-04995,50,12.52,2,14,0,one-year,invoice,basic,0
CUST-04996,29,16.17,3,7,0,month-to-month,card,basic,1
CUST-04997,12,89.71,3,13,1,month-to-month,invoice,premium,1
CUST-04998,27,51.43,1,10,0,month-to-month,card,standard,0
CUST-04999,19,26.22,1,18,0,month-to-month,invoice,basic,1
CUST-05000,54,50.45,1,9,2,one-year,invoice,standard,0
CUST-05001,28,46.15,2,9,3,month-to-month,bank_transfer,standard,0
CUST-05002,2,12.93,2,12,0,one-year,card,basic,0
CUST-05003,52,20.77,1,10,0,one-year,invoice,basic,0
CUST-05004,34,88.3,0,14,1,month-to-month,invoice,premium,1
CUST-05005,26,48.49,1,3,1,month-to-month,card,standard,1
CUST-05006,4,20.58,1,14,0,month-to-month,invoice,basic,0
CUST-05007,48,52.12,0,19,1,one-year,invoice,standard,0
CUST-05008,38,50.62,1,12,1,one-year,card,standard,0
CUST-05009,20,47.98,1,13,0,one-year,card,standard,0
CUST-05010,31,14.19,2,14,1,month-to-month,card,basic,1
CUST-05011,20,15.32,1,4,0,month-to-month,card,basic,0
CUST-05012,30,24.09,3,13,0,month-to-month,invoice,basic,0
CUST-05013,24,86.46,0,11,1,month-to-month,invoice,premium,1
CUST-05014,17,40.92,1,23,0,one-year,card,standard,0
CUST-05015,35,95.96,0,4,0,month-to-month,bank_transfer,premium,1
CUST-05016,20,13.35,0,11,0,month-to-month,bank_transfer,basic,0
CUST-05017,18,49.21,0,11,0,month-to-month,card,standard,0
CUST-05018,14,51.95,0,13,1,month-to-month,bank_transfer,standard,1
CUST-05019,8,49.02,0,8,2,one-year,bank_transfer,standard,1
CUST-05020,24,4.13,3,9,0,month-to-month,card,basic,0
CUST-05021,31,51.34,1,8,1,two-year,card,standard,0
CUST-05022,67,26.96,1,13,0,two-year,invoice,basic,0
CUST-05023,69,23.72,0,9,0,two-year,card,basic,0
CUST-05024,46,36.26,1,8,0,one-year,card,standard,0
CUST-05025,14,31.76,0,12,0,one-year,invoice,basic,0
CUST-05026,42,11.04,1,11,0,one-year,invoice,basic,1
CUST-05027,1,82.53,0,16,2,month-to-month,bank_transfer,premium,1
CUST-05028,29,23.69,2,11,0,month-to-month,card,basic,0
CUST-05029,29,51.72,1,14,0,one-year,bank_transfer,standard,0
CUST-05030,33,89.48,1,15,0,month-to-month,bank_transfer,premium,0
CUST-05031,13,45.58,0,16,0,month-to-month,card,standard,1
CUST-05032,18,26.99,0,12,0,two-year,card,basic,0
CUST-05033,35,48.76,2,13,1,month-to-month,card,standard,0
CUST-05034,19,39.61,0,14,0,month-to-month,bank_transfer,standard,1
CUST-05035,51,26.39,1,11,0,one-year,invoice,basic,0
CUST-05036,32,50.32,1,14,0,month-to-month,bank_transfer,standard,0
CUST-05037,37,95.69,2,7,0,two-year,card,premium,0
CUST-05038,16,22.44,1,18,1,month-to-month,card,basic,1
CUST-05039,39,33.35,0,13,1,two-year,bank_transfer,basic,0
CUST-05040,50,47.14,2,15,1,one-year,card,standard,0
CUST-05041,34,49.1,0,12,0,month-to-month,card,standard,0
CUST-05042,11,53.32,0,15,0,month-to-month,invoice,standard,1
CUST-05043,26,17.18,1,7,1,month-to-month,invoice,basic,0
CUST-05044,10,23.82,2,14,0,month-to-month,invoice,basic,0
CUST-05045,21,31.32,1,11,0,month-to-month,card,standard,0
CUST-05046,57,88.56,2,16,1,two-year,invoice,premium,0
CUST-05047,31,18.38,1,16,0,month-to-month,bank_transfer,basic,0
CUST-05048,32,88.16,0,9,2,two-year,bank_transfer,premium,0
CUST-05049,13,13.74,0,11,0,month-to-month,card,basic,0
CUST-05050,18,24.44,1,13,0,two-year,card,basic,0
CUST-05051,4,45.97,3,6,0,month-to-month,card,standard,1
CUST-05052,13,20.2,4,14,0,month-to-month,invoice,basic,1
CUST-05053,52,48.78,2,12,0,one-year,bank_transfer,standard,0
CUST-05054,15,22.0,0,10,1,month-to-month,invoice,basic,0
CUST-05055,22,57.59,5,11,0,two-year,bank_transfer,standard,1
CUST-05056,26,20.17,0,20,0,month-to-month,card,basic,0
CUST-05057,7,94.05,1,14,0,month-to-month,card,premium,0
CUST-05058,9,89.87,0,9,0,month-to-month,card,premium,0
CUST-05059,56,45.96,4,15,0,one-year,invoice,standard,0
CUST-05060,2,48.15,2,8,0,month-to-month,card,standard,1
CUST-05061,14,87.3,0,10,0,month-to-month,card,premium,1
CUST-05062,20,22.41,1,13,0,month-to-month,bank_transfer,basic,0
CUST-05063,8,89.64,1,10,0,month-to-month,invoice,premium,1
CUST-05064,10,44.23,2,8,0,month-to-month,bank_transfer,standard,0
CUST-05065,15,87.67,2,12,0,two-year,card,premium,0
CUST-05066,12,9.84,2,16,1,month-to-month,bank_transfer,basic,0
CUST-05067,53,17.89,1,9,0,one-year,card,basic,0
CUST-05068,15,19.01,1,5,1,month-to-month,bank_transfer,basic,1
CUST-05069,15,29.85,2,7,1,month-to-month,bank_transfer,basic,0
CUST-05070,13,27.09,1,17,0,month-to-month,card,basic,0
CUST-05071,34,82.8,0,14,0,month-to-month,card,premium,0
CUST-05072,4,20.21,4,17,0,month-to-month,card,basic,1
CUST-05073,31,20.32,3,13,0,month-to-month,card,basic,1
CUST-05074,11,17.62,1,13,0,month-to-month,bank_transfer,basic,0
CUST-05075,68,48.0,0,10,1,two-year,card,standard,0
CUST-05076,11,46.88,1,12,0,month-to-month,card,standard,0
CUST-05077,2,30.24,1,8,0,month-to-month,bank_transfer,basic,0
CUST-05078,18,46.5,4,10,1,month-to-month,bank_transfer,standard,1
CUST-05079,8,91.05,0,16,0,month-to-month,invoice,premium,1
CUST-05080,45,3.83,1,11,0,one-year,invoice,basic,0
CUST-05081,23,53.94,0,7,0,month-to-month,card,standard,0
CUST-05082,41,26.11,1,9,0,one-year,card,basic,0
CUST-05083,6,42.69,2,9,0,month-to-month,bank_transfer,standard,1
CUST-05084,25,85.93,1,10,2,month-to-month,bank_transfer,premium,1
CUST-05085,22,91.71,1,11,1,two-year,card,premium,0
CUST-05086,35,19.12,1,11,1,month-to-month,invoice,basic,0
CUST-05087,43,51.8,0,8,0,one-year,bank_transfer,standard,0
CUST-05088,21,17.28,1,15,1,month-to-month,card,basic,0
CUST-05089,62,60.18,1,19,1,two-year,bank_transfer,standard,0
CUST-05090,21,44.98,0,9,0,month-to-month,card,standard,0
CUST-05091,19,35.15,2,13,0,month-to-month,invoice,basic,1
CUST-05092,14,96.45,1,14,0,one-year,card,premium,0
CUST-05093,24,53.99,1,16,0,month-to-month,bank_transfer,standard,0
CUST-05094,13,12.76,0,13,0,month-to-month,bank_transfer,basic,0
CUST-05095,3,94.46,1,9,0,two-year,card,premium,0
CUST-05096,48,52.62,0,14,0,one-year,bank_transfer,standard,0
CUST-05097,3,6.28,1,13,0,one-year,card,basic,1
CUST-05098,40,40.57,4,11,1,one-year,card,standard,1
CUST-05099,11,91.15,1,6,1,two-year,card,premium,0
CUST-05100,31,88.2,3,17,0,two-year,invoice,premium,0
CUST-05101,51,15.9,1,11,3,one-year,invoice,basic,0
CUST-05102,3,55.47,1,14,0,month-to-month,card,standard,1
CUST-05103,24,83.7,1,12,0,month-to-month,invoice,premium,0
CUST-05104,36,86.27,4,11,1,one-year,invoice,premium,0
CUST-05105,62,15.12,2,13,0,two-year,card,basic,0
CUST-05106,6,52.06,0,12,0,month-to-month,invoice,standard,1
CUST-05107,28,78.68,0,10,1,month-to-month,card,premium,1
CUST-05108,16,16.01,0,8,0,month-to-month,invoice,basic,1
CUST-05109,15,38.66,2,8,0,month-to-month,bank_transfer,standard,1
CUST-05110,26,47.12,5,19,0,two-year,invoice,standard,0
CUST-05111,13,53.34,1,9,0,month-to-month,card,standard,1
CUST-05112,31,53.45,0,10,0,one-year,card,standard,0
CUST-05113,6,14.63,1,11,0,one-year,invoice,basic,0
CUST-05114,30,52.2,1,16,0,two-year,bank_transfer,standard,0
CUST-05115,23,17.89,1,13,0,month-to-month,bank_transfer,basic,0
CUST-05116,35,97.17,1,11,1,two-year,bank_transfer,premium,0
CUST-05117,9,48.22,2,22,0,one-year,bank_transfer,standard,0
CUST-05118,21,1.16,1,8,0,one-year,card,basic,1
CUST-05119,15,94.37,1,12,0,month-to-month,card,premium,0
CUST-05120,24,46.25,0,18,0,month-to-month,card,standard,0
CUST-05121,54,17.35,0,11,1,one-year,card,basic,0
CUST-05122,19,21.02,3,11,0,month-to-month,invoice,basic,0
CUST-05123,24,40.45,1,13,0,month-to-month,card,standard,0
CUST-05124,4,89.45,1,14,0,one-year,card,premium,0
CUST-05125,57,22.21,1,10,0,one-year,card,basic,0
CUST-05126,11,91.18,1,10,0,month-to-month,invoice,premium,1
CUST-05127,12,15.41,4,13,0,month-to-month,card,basic,1
CUST-05128,8,54.95,2,11,0,month-to-month,card,standard,0
CUST-05129,6,13.02,3,9,0,two-year,invoice,basic,0
CUST-05130,56,15.25,1,10,0,two-year,card,basic,0
CUST-05131,8,88.18,4,9,1,month-to-month,bank_transfer,premium,1
CUST-05132,10,20.77,1,19,0,month-to-month,card,basic,0
CUST-05133,6,87.05,4,9,2,month-to-month,bank_transfer,premium,1
CUST-05134,35,26.37,1,9,0,month-to-month,card,basic,0
CUST-05135,56,20.77,1,15,0,two-year,card,basic,0
CUST-05136,33,89.45,0,14,0,month-to-month,card,premium,1
CUST-05137,31,50.56,2,6,0,month-to-month,bank_transfer,standard,1
CUST-05138,32,23.4,4,6,0,month-to-month,invoice,basic,1
CUST-05139,17,50.44,3,10,0,month-to-month,card,standard,0
CUST-05140,12,8.14,2,12,0,two-year,bank_transfer,basic,0
CUST-05141,19,95.54,2,14,0,one-year,card,premium,1
CUST-05142,17,19.72,1,9,0,one-year,bank_transfer,basic,0
CUST-05143,25,53.11,1,10,1,month-to-month,invoice,standard,0
CUST-05144,1,16.56,1,14,0,two-year,card,basic,0
CUST-05145,5,38.04,1,15,1,month-to-month,card,standard,1
CUST-05146,49,75.33,0,8,2,two-year,bank_transfer,premium,0
CUST-05147,8,83.33,1,11,1,two-year,invoice,premium,0
CUST-05148,1,22.1,0,13,1,month-to-month,bank_transfer,basic,1
CUST-05149,7,26.79,0,10,2,two-year,card,basic,0
CUST-05150,24,20.81,1,12,0,month-to-month,bank_transfer,basic,1
CUST-05151,8,82.69,2,12,0,one-year,card,premium,1
CUST-05152,5,14.3,0,7,0,month-to-month,invoice,basic,1
CUST-05153,8,57.16,2,15,1,month-to-month,invoice,standard,1
CUST-05154,27,11.14,2,11,1,month-to-month,invoice,basic,0
CUST-05155,7,101.61,1,19,2,month-to-month,invoice,premium,1
CUST-05156,1,60.26,1,16,0,month-to-month,invoice,standard,1
CUST-05157,32,61.81,2,12,0,month-to-month,card,standard,1
CUST-05158,52,91.28,3,16,0,one-year,invoice,premium,1
CUST-05159,6,86.95,2,12,0,month-to-month,card,premium,1
CUST-05160,9,51.14,1,10,0,month-to-month,card,standard,1
CUST-05161,13,54.45,2,7,1,two-year,card,standard,0
CUST-05162,51,45.1,2,17,0,two-year,card,standard,0
CUST-05163,9,42.39,1,17,0,month-to-month,card,standard,0
CUST-05164,33,17.3,0,14,0,month-to-month,bank_transfer,basic,0
CUST-05165,49,44.37,0,18,0,one-year,card,standard,0
CUST-05166,35,56.45,3,12,0,one-year,card,standard,0
CUST-05167,1,15.3,0,16,2,month-to-month,card,basic,1
CUST-05168,53,19.57,0,8,1,one-year,bank_transfer,basic,0
CUST-05169,26,54.9,3,13,0,month-to-month,bank_transfer,standard,1
CUST-05170,28,26.68,2,12,0,month-to-month,bank_transfer,basic,1
CUST-05171,4,50.25,2,10,0,one-year,bank_transfer,standard,0
CUST-05172,42,51.31,0,14,0,one-year,bank_transfer,standard,0
CUST-05173,57,12.9,3,14,0,two-year,card,basic,0
CUST-05174,34,25.14,3,19,0,month-to-month,bank_transfer,basic,0
CUST-05175,20,26.58,3,16,1,month-to-month,card,basic,0
CUST-05176,18,7.78,0,15,1,month-to-month,card,basic,0
CUST-05177,15,59.58,1,7,1,month-to-month,invoice,standard,1
CUST-05178,25,44.8,3,17,0,month-to-month,card,standard,0
CUST-05179,33,92.57,1,19,0,month-to-month,invoice,premium,0
CUST-05180,21,19.47,0,23,0,month-to-month,card,basic,0
CUST-05181,13,48.64,2,12,0,one-year,bank_transfer,standard,0
CUST-05182,1,17.76,1,13,0,month-to-month,card,basic,0
CUST-05183,22,83.04,2,8,0,month-to-month,invoice,premium,1
CUST-05184,51,22.14,0,16,1,one-year,invoice,basic,0
CUST-05185,2,47.28,2,11,0,month-to-month,card,standard,1
CUST-05186,28,41.14,1,11,0,two-year,card,standard,0
CUST-05187,33,12.79,2,12,0,month-to-month,bank_transfer,basic,0
CUST-05188,18,81.25,0,10,0,month-to-month,card,premium,0
CUST-05189,15,15.85,1,8,1,two-year,card,basic,0
CUST-05190,21,21.91,0,9,0,one-year,invoice,basic,0
CUST-05191,24,44.73,2,11,1,one-year,bank_transfer,standard,1
CUST-05192,7,54.85,4,5,0,one-year,card,standard,1
CUST-05193,23,18.28,1,16,0,month-to-month,card,basic,0
CUST-05194,35,17.26,1,17,2,one-year,card,basic,0
CUST-05195,46,19.1,1,7,0,two-year,invoice,basic,0
CUST-05196,43,97.37,1,14,1,two-year,card,premium,0
CUST-05197,1,40.77,1,13,0,month-to-month,card,standard,1
CUST-05198,6,28.94,1,11,0,month-to-month,card,basic,1
CUST-05199,9,24.76,1,7,0,one-year,invoice,basic,0
CUST-05200,3,88.87,1,13,0,month-to-month,card,premium,1
CUST-05201,26,96.1,2,11,0,month-to-month,bank_transfer,premium,1
CUST-05202,4,17.07,1,15,3,month-to-month,card,basic,1
CUST-05203,24,50.71,2,17,0,month-to-month,invoice,standard,1
CUST-05204,6,15.75,3,11,0,month-to-month,card,basic,0
CUST-05205,4,24.8,1,8,0,month-to-month,invoice,basic,1
CUST-05206,5,84.76,1,7,0,month-to-month,invoice,premium,1
CUST-05207,18,88.69,0,8,0,month-to-month,card,premium,1
CUST-05208,46,23.07,1,7,0,two-year,card,basic,0
CUST-05209,29,95.29,1,15,0,month-to-month,invoice,premium,1
CUST-05210,4,44.07,1,20,0,month-to-month,card,standard,0
CUST-05211,22,53.52,2,15,1,month-to-month,invoice,standard,0
CUST-05212,27,43.11,1,14,1,month-to-month,invoice,standard,1
CUST-05213,22,36.1,1,10,0,two-year,card,standard,0
CUST-05214,5,84.51,0,14,0,two-year,card,premium,0
CUST-05215,5,24.01,1,8,0,month-to-month,card,basic,1
CUST-05216,3,48.93,0,8,1,month-to-month,bank_transfer,standard,1
CUST-05217,31,15.79,3,10,0,month-to-month,card,basic,1
CUST-05218,13,89.33,1,10,0,month-to-month,bank_transfer,premium,1
CUST-05219,18,19.13,2,15,1,month-to-month,bank_transfer,basic,1
CUST-05220,27,52.73,1,16,0,month-to-month,invoice,standard,0
CUST-05221,13,39.33,1,18,2,month-to-month,card,standard,0
CUST-05222,38,18.39,2,13,0,one-year,card,basic,0
CUST-05223,2,19.75,3,12,1,month-to-month,card,basic,1
CUST-05224,17,10.81,0,17,0,month-to-month,card,basic,0
CUST-05225,3,40.73,0,17,0,month-to-month,card,standard,1
CUST-05226,8,16.81,1,7,0,month-to-month,invoice,basic,1
CUST-05227,10,49.05,2,9,1,month-to-month,card,standard,1
CUST-05228,25,49.07,2,9,0,month-to-month,card,standard,1
CUST-05229,24,85.66,2,14,0,month-to-month,bank_transfer,premium,0
CUST-05230,26,45.42,1,11,1,month-to-month,bank_transfer,standard,1
CUST-05231,4,16.63,2,5,2,two-year,card,basic,1
CUST-05232,71,90.79,3,15,0,two-year,card,premium,0
CUST-05233,1,96.47,3,5,0,month-to-month,card,premium,1
CUST-05234,29,35.68,1,9,0,month-to-month,card,standard,0
CUST-05235,44,52.74,1,17,0,one-year,card,standard,0
CUST-05236,35,18.33,0,13,0,one-year,card,basic,0
CUST-05237,15,52.15,0,10,0,month-to-month,bank_transfer,standard,1
CUST-05238,27,56.11,2,12,0,month-to-month,invoice,standard,0
CUST-05239,26,14.47,1,16,0,month-to-month,card,basic,1
CUST-05240,8,24.67,5,13,0,one-year,card,basic,0
CUST-05241,28,11.48,2,8,1,month-to-month,invoice,basic,0
CUST-05242,2,49.77,0,12,1,month-to-month,bank_transfer,standard,1
CUST-05243,18,17.54,1,14,0,month-to-month,bank_transfer,basic,1
CUST-05244,23,49.28,1,14,1,month-to-month,invoice,standard,0
CUST-05245,29,83.07,0,13,0,month-to-month,bank_transfer,premium,1
CUST-05246,27,21.62,0,10,1,one-year,bank_transfer,basic,0
CUST-05247,8,28.52,2,10,0,month-to-month,card,basic,0
CUST-05248,17,13.17,0,11,0,month-to-month,invoice,basic,0
CUST-05249,9,20.14,2,11,0,month-to-month,bank_transfer,basic,0
CUST-05250,38,94.14,0,13,0,two-year,card,premium,0
CUST-05251,16,47.22,1,7,0,month-to-month,bank_transfer,standard,0
CUST-05252,28,97.16,1,11,1,month-to-month,card,premium,0
CUST-05253,8,86.42,1,12,0,month-to-month,bank_transfer,premium,0
CUST-05254,14,18.3,0,15,0,two-year,card,basic,0
CUST-05255,28,43.04,3,17,1,one-year,bank_transfer,standard,1
CUST-05256,3,49.76,0,12,1,two-year,card,standard,0
CUST-05257,13,49.02,3,22,0,one-year,bank_transfer,standard,0
CUST-05258,12,22.82,4,14,0,month-to-month,bank_transfer,basic,1
CUST-05259,17,15.18,1,10,1,month-to-month,card,basic,1
CUST-05260,9,44.91,0,20,0,month-to-month,card,standard,0
CUST-05261,33,51.77,3,14,0,one-year,card,standard,1
CUST-05262,52,27.38,0,9,0,one-year,bank_transfer,basic,0
CUST-05263,19,22.77,3,16,1,month-to-month,invoice,basic,0
CUST-05264,20,60.08,4,15,0,two-year,card,standard,1
CUST-05265,2,52.33,2,15,0,month-to-month,bank_transfer,standard,1
CUST-05266,4,52.12,0,13,0,month-to-month,invoice,standard,0
CUST-05267,20,23.08,0,18,0,month-to-month,bank_transfer,basic,1
CUST-05268,49,27.93,1,12,2,two-year,card,basic,0
CUST-05269,3,56.43,2,8,1,two-year,card,standard,0
CUST-05270,6,42.49,0,10,0,month-to-month,invoice,standard,0
CUST-05271,22,23.8,1,13,0,two-year,card,basic,0
CUST-05272,23,50.59,1,8,0,two-year,card,standard,0
CUST-05273,69,47.84,2,13,0,two-year,bank_transfer,standard,0
CUST-05274,14,38.36,3,18,1,two-year,card,standard,0
CUST-05275,2,9.76,1,9,2,month-to-month,bank_transfer,basic,1
CUST-05276,21,46.81,0,14,0,one-year,invoice,standard,0
CUST-05277,8,80.21,3,15,1,one-year,invoice,premium,0
CUST-05278,7,16.94,2,9,0,one-year,bank_transfer,basic,0
CUST-05279,14,23.29,0,8,0,month-to-month,invoice,basic,0
CUST-05280,18,15.51,2,13,1,one-year,invoice,basic,1
CUST-05281,6,19.5,2,12,1,two-year,invoice,basic,1
CUST-05282,21,82.58,1,10,0,month-to-month,invoice,premium,1
CUST-05283,36,90.79,0,15,1,two-year,invoice,premium,0
CUST-05284,2,22.05,1,17,1,month-to-month,card,basic,0
CUST-05285,31,80.46,1,13,1,month-to-month,card,premium,1
CUST-05286,10,14.49,1,7,1,month-to-month,card,basic,1
CUST-05287,57,41.4,1,14,0,one-year,bank_transfer,standard,0
CUST-05288,55,52.06,2,14,0,one-year,invoice,standard,0
CUST-05289,15,19.98,0,9,1,month-to-month,invoice,basic,0
CUST-05290,13,48.7,2,18,0,one-year,invoice,standard,0
CUST-05291,30,48.23,0,16,0,month-to-month,invoice,standard,0
CUST-05292,13,20.94,1,19,0,month-to-month,bank_transfer,basic,0
CUST-05293,11,91.06,0,13,1,two-year,card,premium,0
CUST-05294,33,16.03,2,16,0,one-year,bank_transfer,basic,0
CUST-05295,29,15.19,0,12,1,one-year,card,basic,0
CUST-05296,51,88.65,2,14,0,one-year,bank_transfer,premium,0
CUST-05297,52,47.86,0,7,0,two-year,bank_transfer,standard,0
CUST-05298,31,31.36,1,15,1,month-to-month,card,basic,1
CUST-05299,26,16.7,0,18,1,month-to-month,bank_transfer,basic,0
CUST-05300,23,20.74,1,9,1,month-to-month,bank_transfer,basic,0
CUST-05301,30,21.8,1,15,0,one-year,bank_transfer,basic,0
CUST-05302,59,27.4,1,11,0,one-year,invoice,basic,0
CUST-05303,57,44.13,3,22,0,one-year,card,standard,0
CUST-05304,30,57.04,0,14,0,month-to-month,invoice,standard,0
CUST-05305,27,88.12,2,18,0,month-to-month,card,premium,1
CUST-05306,34,104.01,1,11,0,one-year,card,premium,1
CUST-05307,18,21.18,4,16,1,two-year,card,basic,0
CUST-05308,31,81.63,1,14,0,month-to-month,invoice,premium,0
CUST-05309,1,87.82,2,12,0,month-to-month,invoice,premium,1
CUST-05310,8,97.02,1,13,0,month-to-month,card,premium,0
CUST-05311,14,49.49,2,22,0,month-to-month,bank_transfer,standard,0
CUST-05312,21,18.64,1,11,0,month-to-month,invoice,basic,1
CUST-05313,20,23.31,1,13,0,month-to-month,invoice,basic,0
CUST-05314,10,86.93,0,10,0,one-year,card,premium,1
CUST-05315,3,47.74,1,13,0,month-to-month,card,standard,0
CUST-05316,8,83.33,0,15,1,month-to-month,card,premium,1
CUST-05317,12,59.37,0,10,1,month-to-month,invoice,standard,1
CUST-05318,1,11.66,1,10,0,two-year,card,basic,0
CUST-05319,24,20.02,3,14,1,month-to-month,bank_transfer,basic,1
CUST-05320,8,91.88,0,7,0,month-to-month,invoice,premium,1
CUST-05321,12,18.92,1,9,1,month-to-month,card,basic,0
CUST-05322,20,41.48,0,16,1,one-year,bank_transfer,standard,1
CUST-05323,36,83.01,3,10,0,two-year,invoice,premium,0
CUST-05324,30,22.14,1,12,0,month-to-month,card,basic,0
CUST-05325,5,14.32,2,10,0,month-to-month,card,basic,0
CUST-05326,12,36.57,0,19,0,month-to-month,card,standard,1
CUST-05327,41,91.32,1,10,1,one-year,bank_transfer,premium,0
CUST-05328,3,43.77,0,14,1,two-year,card,standard,0
CUST-05329,29,22.79,1,17,0,month-to-month,card,basic,0
CUST-05330,34,17.79,0,19,0,month-to-month,card,basic,0
CUST-05331,36,17.5,1,9,0,one-year,bank_transfer,basic,0
CUST-05332,57,19.31,1,15,0,one-year,invoice,basic,0
CUST-05333,14,12.17,3,9,1,month-to-month,bank_transfer,basic,1
CUST-05334,14,84.05,2,10,0,month-to-month,bank_transfer,premium,1
CUST-05335,3,17.44,2,12,0,month-to-month,invoice,basic,1
CUST-05336,2,82.13,0,10,0,one-year,bank_transfer,premium,1
CUST-05337,14,93.28,1,7,1,one-year,bank_transfer,premium,0
CUST-05338,28,47.16,2,15,0,one-year,card,standard,0
CUST-05339,36,40.3,1,18,1,two-year,card,standard,0
CUST-05340,7,15.65,4,12,1,month-to-month,card,basic,1
CUST-05341,22,49.61,1,13,1,month-to-month,bank_transfer,standard,1
CUST-05342,6,16.32,4,11,1,month-to-month,invoice,basic,1
CUST-05343,23,21.4,0,9,0,two-year,card,basic,0
CUST-05344,11,52.44,2,11,0,one-year,card,standard,0
CUST-05345,25,33.41,1,17,1,month-to-month,invoice,basic,1
CUST-05346,18,25.9,2,12,0,month-to-month,invoice,basic,0
CUST-05347,44,39.18,1,15,0,one-year,bank_transfer,standard,0
CUST-05348,3,46.84,4,12,1,one-year,card,standard,0
CUST-05349,25,17.4,1,14,0,one-year,bank_transfer,basic,0
CUST-05350,34,22.45,1,11,1,month-to-month,card,basic,1
CUST-05351,3,13.4,0,13,0,two-year,bank_transfer,basic,0
CUST-05352,25,45.81,3,13,0,one-year,bank_transfer,standard,1
CUST-05353,2,41.53,2,12,0,one-year,invoice,standard,1
CUST-05354,8,15.39,0,12,1,one-year,card,basic,1
CUST-05355,33,45.61,1,10,1,two-year,invoice,standard,0
CUST-05356,11,87.12,2,11,1,two-year,card,premium,0
CUST-05357,31,41.88,0,10,0,one-year,card,standard,0
CUST-05358,33,54.89,3,10,1,month-to-month,invoice,standard,1
CUST-05359,7,51.83,1,14,1,month-to-month,card,standard,1
CUST-05360,7,80.31,0,9,1,two-year,card,premium,0
CUST-05361,49,89.16,1,9,1,one-year,card,premium,0
CUST-05362,16,9.61,0,16,0,month-to-month,card,basic,0
CUST-05363,31,27.05,0,13,0,month-to-month,card,basic,0
CUST-05364,22,28.68,3,8,1,two-year,bank_transfer,basic,0
CUST-05365,45,48.67,1,7,1,two-year,card,standard,0
CUST-05366,66,13.88,2,10,0,two-year,invoice,basic,0
CUST-05367,6,85.01,0,11,1,month-to-month,bank_transfer,premium,1
CUST-05368,48,16.28,1,10,0,one-year,invoice,basic,1
CUST-05369,45,48.36,2,13,0,two-year,invoice,standard,0
CUST-05370,29,27.22,0,8,2,month-to-month,bank_transfer,basic,0
CUST-05371,6,54.73,2,16,0,month-to-month,card,standard,1
CUST-05372,31,54.83,3,10,0,two-year,invoice,standard,0
CUST-05373,4,50.02,1,7,0,month-to-month,card,standard,1
CUST-05374,57,42.08,0,11,0,one-year,card,standard,0
CUST-05375,3,44.38,1,14,1,one-year,bank_transfer,standard,1
CUST-05376,3,49.36,2,10,0,one-year,card,standard,0
CUST-05377,32,81.79,2,11,2,month-to-month,bank_transfer,premium,1
CUST-05378,18,50.82,1,12,0,one-year,invoice,standard,0
CUST-05379,21,53.83,4,10,0,month-to-month,bank_transfer,standard,1
CUST-05380,20,52.27,1,17,2,two-year,card,standard,0
CUST-05381,23,92.03,0,12,1,month-to-month,card,premium,0
CUST-05382,11,37.8,2,11,2,one-year,card,standard,0
CUST-05383,27,97.0,2,11,0,one-year,card,premium,0
CUST-05384,19,79.6,1,15,0,month-to-month,bank_transfer,premium,0
CUST-05385,12,18.08,0,9,0,month-to-month,bank_transfer,basic,1
CUST-05386,15,22.71,1,6,1,one-year,bank_transfer,basic,0
CUST-05387,5,51.15,0,11,1,month-to-month,bank_transfer,standard,1
CUST-05388,25,41.33,1,13,2,month-to-month,card,standard,0
CUST-05389,6,42.41,1,14,0,month-to-month,card,standard,1
CUST-05390,21,90.72,3,13,0,two-year,bank_transfer,premium,0
CUST-05391,20,52.07,2,12,0,one-year,card,standard,1
CUST-05392,16,12.36,3,8,1,month-to-month,card,basic,0
CUST-05393,50,51.36,0,18,0,two-year,bank_transfer,standard,0
CUST-05394,15,9.91,2,9,0,month-to-month,card,basic,0
CUST-05395,31,52.75,5,12,1,month-to-month,card,standard,1
CUST-05396,24,83.7,2,14,1,month-to-month,card,premium,1
CUST-05397,30,19.48,0,21,0,month-to-month,card,basic,0
CUST-05398,25,88.48,1,7,0,month-to-month,bank_transfer,premium,0
CUST-05399,8,95.96,2,14,2,one-year,card,premium,1
CUST-05400,35,20.45,2,15,0,month-to-month,invoice,basic,0
CUST-05401,47,85.41,0,13,0,one-year,card,premium,0
CUST-05402,20,51.16,1,7,0,month-to-month,card,standard,0
CUST-05403,5,61.85,2,12,0,month-to-month,card,standard,0
CUST-05404,6,23.44,1,8,1,month-to-month,invoice,basic,1
CUST-05405,36,18.64,1,16,1,one-year,bank_transfer,basic,0
CUST-05406,24,44.0,0,14,0,one-year,bank_transfer,standard,0
CUST-05407,24,15.3,3,13,0,month-to-month,invoice,basic,0
CUST-05408,13,23.08,0,8,0,month-to-month,card,basic,1
CUST-05409,18,83.69,2,17,1,month-to-month,bank_transfer,premium,0
CUST-05410,13,49.02,3,16,1,two-year,bank_transfer,standard,0
CUST-05411,5,57.63,0,21,0,month-to-month,invoice,standard,0
CUST-05412,4,89.9,1,9,0,one-year,card,premium,1
CUST-05413,29,12.53,0,19,0,month-to-month,invoice,basic,1
CUST-05414,19,32.07,0,11,0,month-to-month,bank_transfer,basic,1
CUST-05415,56,59.57,2,16,0,one-year,invoice,standard,0
CUST-05416,26,52.01,0,10,0,month-to-month,card,standard,0
CUST-05417,27,26.65,3,12,2,month-to-month,card,basic,1
CUST-05418,36,47.4,1,3,0,two-year,card,standard,1
CUST-05419,29,23.35,3,13,0,month-to-month,invoice,basic,0
CUST-05420,33,46.46,0,4,0,month-to-month,card,standard,1
CUST-05421,25,40.87,2,11,0,month-to-month,bank_transfer,standard,0
CUST-05422,3,64.55,1,18,1,month-to-month,card,standard,0
CUST-05423,39,10.56,2,12,0,one-year,card,basic,0
CUST-05424,4,20.79,2,16,0,month-to-month,card,basic,1
CUST-05425,5,90.72,3,16,1,two-year,bank_transfer,premium,1
CUST-05426,41,92.1,2,9,1,one-year,card,premium,0
CUST-05427,60,48.46,1,6,0,two-year,invoice,standard,0
CUST-05428,11,18.52,2,8,1,two-year,bank_transfer,basic,0
CUST-05429,5,49.83,1,15,1,two-year,invoice,standard,0
CUST-05430,53,21.88,0,13,0,one-year,bank_transfer,basic,0
CUST-05431,4,18.99,0,14,1,month-to-month,bank_transfer,basic,0
CUST-05432,1,18.59,1,11,0,month-to-month,bank_transfer,basic,1
CUST-05433,43,11.07,2,15,0,one-year,card,basic,0
CUST-05434,30,31.08,3,11,2,month-to-month,bank_transfer,basic,1
CUST-05435,30,22.21,0,14,0,one-year,invoice,basic,0
CUST-05436,19,90.25,1,8,0,month-to-month,card,premium,0
CUST-05437,24,45.25,1,10,1,two-year,card,standard,0
CUST-05438,8,42.98,2,10,1,month-to-month,bank_transfer,standard,0
CUST-05439,54,24.16,1,16,0,two-year,invoice,basic,0
CUST-05440,30,88.04,3,17,1,month-to-month,card,premium,1
CUST-05441,11,22.73,1,11,0,month-to-month,invoice,basic,0
CUST-05442,19,10.89,1,10,2,two-year,card,basic,0
CUST-05443,19,58.28,1,16,0,two-year,card,standard,0
CUST-05444,3,54.41,0,10,0,one-year,invoice,standard,0
CUST-05445,20,88.51,1,7,0,two-year,card,premium,0
CUST-05446,1,51.81,2,15,0,month-to-month,bank_transfer,standard,1
CUST-05447,56,23.45,0,13,0,two-year,invoice,basic,0
CUST-05448,9,10.98,2,8,1,month-to-month,card,basic,1
CUST-05449,24,59.07,0,12,0,month-to-month,card,standard,0
CUST-05450,19,21.9,2,10,0,month-to-month,invoice,basic,0
CUST-05451,30,14.78,0,11,0,month-to-month,bank_transfer,basic,0
CUST-05452,57,12.42,1,10,1,one-year,invoice,basic,0
CUST-05453,22,94.92,1,19,0,one-year,invoice,premium,0
CUST-05454,3,20.27,1,7,1,month-to-month,bank_transfer,basic,1
CUST-05455,53,21.9,1,14,0,two-year,card,basic,0
CUST-05456,1,89.16,2,15,0,month-to-month,card,premium,1
CUST-05457,8,42.98,2,15,0,month-to-month,card,standard,0
CUST-05458,3,52.05,0,9,0,one-year,card,standard,1
CUST-05459,32,47.81,0,13,0,month-to-month,invoice,standard,0
CUST-05460,1,18.87,0,16,0,month-to-month,invoice,basic,0
CUST-05461,29,103.26,1,11,0,one-year,invoice,premium,0
CUST-05462,15,24.21,1,10,0,month-to-month,invoice,basic,1
CUST-05463,23,94.56,3,7,0,month-to-month,card,premium,1
CUST-05464,17,35.32,4,11,0,one-year,bank_transfer,basic,1
CUST-05465,31,51.31,2,9,0,month-to-month,card,standard,1
CUST-05466,52,49.72,0,8,0,two-year,bank_transfer,standard,0
CUST-05467,25,14.92,0,10,1,one-year,invoice,basic,0
CUST-05468,12,16.28,4,12,0,month-to-month,invoice,basic,0
CUST-05469,29,36.72,1,13,2,month-to-month,invoice,standard,0
CUST-05470,27,23.74,1,9,0,month-to-month,card,basic,0
CUST-05471,23,81.4,1,16,0,one-year,bank_transfer,premium,0
CUST-05472,12,24.42,2,14,0,month-to-month,card,basic,0
CUST-05473,2,48.74,3,3,0,two-year,bank_transfer,standard,0
CUST-05474,2,49.77,0,10,0,month-to-month,card,standard,1
CUST-05475,3,48.75,3,18,1,one-year,invoice,standard,1
CUST-05476,1,57.32,3,13,0,month-to-month,card,standard,1
CUST-05477,5,56.26,2,11,1,month-to-month,bank_transfer,standard,1
CUST-05478,30,48.83,0,10,1,month-to-month,invoice,standard,0
CUST-05479,47,43.61,2,18,0,one-year,card,standard,0
CUST-05480,60,54.54,3,15,0,two-year,bank_transfer,standard,0
CUST-05481,22,43.15,2,13,3,month-to-month,invoice,standard,1
CUST-05482,22,9.67,0,11,1,month-to-month,invoice,basic,0
CUST-05483,4,21.99,1,13,0,month-to-month,card,basic,1
CUST-05484,25,56.31,0,10,0,month-to-month,bank_transfer,standard,1
CUST-05485,20,86.57,2,17,0,two-year,card,premium,0
CUST-05486,37,21.43,4,13,1,two-year,card,basic,0
CUST-05487,68,46.51,2,6,0,two-year,card,standard,0
CUST-05488,31,23.33,0,14,0,month-to-month,bank_transfer,basic,0
CUST-05489,8,55.57,1,9,0,month-to-month,card,standard,0
CUST-05490,44,47.42,1,14,0,one-year,bank_transfer,standard,0
CUST-05491,3,42.83,1,13,1,month-to-month,card,standard,1
CUST-05492,1,40.26,2,12,0,one-year,card,standard,0
CUST-05493,1,54.55,3,13,0,month-to-month,bank_transfer,standard,1
CUST-05494,6,12.18,2,10,0,month-to-month,card,basic,1
CUST-05495,50,51.23,1,14,0,two-year,card,standard,0
CUST-05496,13,23.66,2,11,0,month-to-month,card,basic,0
CUST-05497,1,85.99,1,9,0,two-year,card,premium,1
CUST-05498,35,48.0,3,14,0,month-to-month,card,standard,0
CUST-05499,19,24.99,3,9,0,month-to-month,invoice,basic,0
CUST-05500,14,14.15,1,11,0,month-to-month,bank_transfer,basic,1
CUST-05501,18,43.54,1,9,0,month-to-month,card,standard,0
CUST-05502,18,87.59,0,6,0,month-to-month,card,premium,1
CUST-05503,16,26.67,0,11,0,month-to-month,invoice,basic,1
CUST-05504,36,58.66,1,12,1,one-year,card,standard,0
CUST-05505,63,18.41,2,9,1,two-year,card,basic,0
CUST-05506,10,44.73,0,9,1,month-to-month,card,standard,1
CUST-05507,17,55.38,1,16,1,month-to-month,bank_transfer,standard,1
CUST-05508,1,8.98,1,9,1,month-to-month,bank_transfer,basic,1
CUST-05509,51,50.49,0,8,1,one-year,card,standard,0
CUST-05510,18,18.74,2,11,1,one-year,card,basic,0
CUST-05511,9,96.76,0,9,0,month-to-month,bank_transfer,premium,1
CUST-05512,35,27.37,0,13,0,month-to-month,card,basic,0
CUST-05513,21,43.34,0,13,0,month-to-month,card,standard,0
CUST-05514,4,20.01,2,13,0,month-to-month,invoice,basic,1
CUST-05515,9,45.58,1,13,1,month-to-month,card,standard,0
CUST-05516,25,17.24,0,13,0,two-year,card,basic,0
CUST-05517,35,52.7,0,14,0,month-to-month,bank_transfer,standard,0
CUST-05518,15,16.99,0,15,0,month-to-month,bank_transfer,basic,0
CUST-05519,8,20.16,1,13,2,month-to-month,card,basic,0
CUST-05520,34,94.74,0,10,0,one-year,card,premium,0
CUST-05521,14,58.09,1,18,0,month-to-month,card,standard,1
CUST-05522,1,50.73,0,14,0,month-to-month,card,standard,1
CUST-05523,30,49.71,0,16,0,month-to-month,card,standard,1
CUST-05524,1,42.36,0,8,0,one-year,card,standard,0
CUST-05525,32,98.51,0,11,0,month-to-month,card,premium,0
CUST-05526,57,51.97,1,13,0,two-year,card,standard,0
CUST-05527,2,89.82,0,11,0,month-to-month,card,premium,0
CUST-05528,26,89.51,1,9,2,month-to-month,bank_transfer,premium,1
CUST-05529,55,51.16,1,7,0,two-year,bank_transfer,standard,0
CUST-05530,43,23.63,0,9,0,two-year,invoice,basic,0
CUST-05531,20,54.37,1,12,0,month-to-month,bank_transfer,standard,1
CUST-05532,3,58.66,0,9,0,two-year,bank_transfer,standard,0
CUST-05533,2,20.46,2,7,0,month-to-month,card,basic,1
CUST-05534,26,29.53,0,10,1,month-to-month,bank_transfer,basic,0
CUST-05535,7,25.35,1,18,0,two-year,bank_transfer,basic,0
CUST-05536,14,48.64,0,13,2,one-year,invoice,standard,1
CUST-05537,17,39.0,1,15,2,month-to-month,invoice,standard,0
CUST-05538,9,19.51,2,10,1,one-year,card,basic,0
CUST-05539,28,58.35,2,8,0,month-to-month,invoice,standard,1
CUST-05540,29,44.35,2,9,0,month-to-month,bank_transfer,standard,0
CUST-05541,60,89.49,2,8,1,two-year,bank_transfer,premium,0
CUST-05542,1,19.99,1,9,1,month-to-month,card,basic,1
CUST-05543,25,24.65,1,3,0,one-year,card,basic,0
CUST-05544,50,16.67,0,7,0,one-year,invoice,basic,0
CUST-05545,21,43.78,1,11,3,one-year,card,standard,0
CUST-05546,25,22.42,0,11,1,month-to-month,bank_transfer,basic,1
CUST-05547,42,14.54,0,13,0,two-year,card,basic,0
CUST-05548,20,37.99,2,11,0,one-year,card,standard,0
CUST-05549,16,60.04,2,18,0,one-year,bank_transfer,standard,0
CUST-05550,23,24.56,0,12,1,month-to-month,bank_transfer,basic,0
CUST-05551,4,30.3,2,10,2,month-to-month,invoice,basic,1
CUST-05552,30,24.24,1,18,0,month-to-month,bank_transfer,basic,0
CUST-05553,20,23.08,2,10,1,month-to-month,bank_transfer,basic,1
CUST-05554,4,51.22,2,11,1,month-to-month,invoice,standard,0
CUST-05555,42,17.88,5,18,2,one-year,bank_transfer,basic,0
CUST-05556,31,22.07,2,10,2,two-year,bank_transfer,basic,1
CUST-05557,7,85.68,0,15,0,month-to-month,invoice,premium,1
CUST-05558,34,82.58,3,13,1,month-to-month,bank_transfer,premium,0
CUST-05559,43,17.01,1,10,1,one-year,bank_transfer,basic,0
CUST-05560,21,56.75,2,13,0,month-to-month,bank_transfer,standard,0
CUST-05561,61,11.61,0,9,0,two-year,bank_transfer,basic,0
CUST-05562,19,81.7,1,8,0,month-to-month,bank_transfer,premium,1
CUST-05563,15,92.55,0,11,0,month-to-month,bank_transfer,premium,0
CUST-05564,6,46.51,0,13,0,month-to-month,bank_transfer,standard,0
CUST-05565,11,51.91,1,11,0,two-year,card,standard,0
CUST-05566,15,24.94,0,10,0,month-to-month,card,basic,1
CUST-05567,27,21.77,3,7,0,one-year,card,basic,0
CUST-05568,26,45.21,0,20,0,month-to-month,card,standard,0
CUST-05569,15,26.7,1,11,1,month-to-month,card,basic,0
CUST-05570,42,53.45,3,11,0,two-year,card,standard,0
CUST-05571,29,49.16,4,12,0,month-to-month,card,standard,0
CUST-05572,35,18.87,1,7,2,month-to-month,invoice,basic,1
CUST-05573,11,51.24,0,13,1,month-to-month,bank_transfer,standard,1
CUST-05574,64,47.13,1,13,0,two-year,bank_transfer,standard,0
CUST-05575,29,39.21,1,18,0,month-to-month,card,standard,0
CUST-05576,2,53.5,0,10,1,month-to-month,card,standard,1
CUST-05577,24,93.14,0,16,0,two-year,card,premium,0
CUST-05578,13,5.19,1,6,1,one-year,card,basic,0
CUST-05579,47,52.06,2,11,0,two-year,card,standard,0
CUST-05580,33,59.54,1,3,2,one-year,bank_transfer,standard,1
CUST-05581,29,12.23,5,14,0,one-year,card,basic,0
CUST-05582,27,88.56,1,14,1,month-to-month,bank_transfer,premium,0
CUST-05583,11,47.91,1,13,0,month-to-month,bank_transfer,standard,0
CUST-05584,22,28.96,2,10,2,one-year,card,basic,1
CUST-05585,51,25.73,0,16,0,one-year,invoice,basic,0
CUST-05586,69,83.73,2,11,2,two-year,bank_transfer,premium,0
CUST-05587,46,91.05,2,10,1,one-year,card,premium,0
CUST-05588,7,32.82,0,17,0,month-to-month,bank_transfer,basic,0
CUST-05589,4,45.25,1,11,2,month-to-month,bank_transfer,standard,0
CUST-05590,12,18.93,1,9,1,one-year,bank_transfer,basic,0
CUST-05591,15,52.08,1,13,0,month-to-month,invoice,standard,0
CUST-05592,14,45.34,1,14,0,one-year,card,standard,0
CUST-05593,54,29.58,1,8,1,one-year,card,basic,0
CUST-05594,24,46.16,2,10,0,month-to-month,invoice,standard,1
CUST-05595,25,80.67,0,12,0,one-year,bank_transfer,premium,0
CUST-05596,16,15.85,0,8,0,one-year,invoice,basic,0
CUST-05597,27,22.92,0,8,0,two-year,bank_transfer,basic,0
CUST-05598,17,84.21,0,18,0,month-to-month,bank_transfer,premium,0
CUST-05599,42,20.81,0,16,0,one-year,bank_transfer,basic,0
CUST-05600,3,52.38,1,17,2,month-to-month,card,standard,1
CUST-05601,30,41.75,2,11,0,month-to-month,card,standard,1
CUST-05602,4,15.62,1,19,1,month-to-month,card,basic,1
CUST-05603,18,21.09,1,9,0,two-year,card,basic,0
CUST-05604,71,23.21,3,12,1,two-year,bank_transfer,basic,0
CUST-05605,6,15.77,0,14,0,month-to-month,bank_transfer,basic,0
CUST-05606,6,49.91,0,11,1,one-year,invoice,standard,0
CUST-05607,22,87.3,0,13,1,month-to-month,card,premium,0
CUST-05608,23,23.37,0,19,1,one-year,card,basic,0
CUST-05609,3,52.12,0,12,0,month-to-month,card,standard,1
CUST-05610,1,46.76,4,14,1,one-year,bank_transfer,standard,1
CUST-05611,2,21.87,1,17,0,month-to-month,card,basic,0
CUST-05612,31,46.52,3,9,1,one-year,card,standard,0
CUST-05613,8,21.74,2,8,0,month-to-month,bank_transfer,basic,1
CUST-05614,46,51.83,0,19,0,one-year,card,standard,0
CUST-05615,51,33.23,0,21,1,one-year,bank_transfer,basic,0
CUST-05616,5,46.98,1,14,2,month-to-month,card,standard,1
CUST-05617,12,88.15,1,13,0,month-to-month,card,premium,1
CUST-05618,10,15.12,3,11,0,two-year,invoice,basic,0
CUST-05619,17,82.8,1,10,0,one-year,card,premium,0
CUST-05620,8,16.26,3,14,0,month-to-month,card,basic,1
CUST-05621,28,22.99,1,12,0,month-to-month,invoice,basic,0
CUST-05622,12,23.42,4,15,0,month-to-month,card,basic,1
CUST-05623,29,90.77,0,13,2,one-year,card,premium,1
CUST-05624,40,47.23,3,10,0,one-year,card,standard,0
CUST-05625,29,86.04,2,14,0,month-to-month,bank_transfer,premium,0
CUST-05626,18,43.5,3,20,0,one-year,bank_transfer,standard,0
CUST-05627,12,45.66,1,10,0,one-year,bank_transfer,standard,0
CUST-05628,58,81.23,4,11,0,one-year,invoice,premium,0
CUST-05629,11,97.15,1,12,0,month-to-month,card,premium,1
CUST-05630,24,60.02,1,14,0,month-to-month,card,standard,0
CUST-05631,24,37.38,0,13,1,month-to-month,invoice,standard,0
CUST-05632,18,90.74,1,8,1,month-to-month,card,premium,1
CUST-05633,8,20.64,0,10,0,month-to-month,invoice,basic,0
CUST-05634,5,90.25,2,12,0,month-to-month,invoice,premium,1
CUST-05635,17,85.44,2,12,1,month-to-month,invoice,premium,1
CUST-05636,30,55.14,0,11,1,one-year,card,standard,0
CUST-05637,27,21.46,0,8,0,month-to-month,bank_transfer,basic,0
CUST-05638,42,25.2,1,14,0,one-year,invoice,basic,1
CUST-05639,32,84.57,1,15,1,month-to-month,card,premium,1
CUST-05640,58,80.7,0,14,1,one-year,bank_transfer,premium,0
CUST-05641,26,51.61,0,13,2,month-to-month,card,standard,1
CUST-05642,4,83.22,2,9,0,one-year,card,premium,0
CUST-05643,24,55.33,1,4,0,one-year,invoice,standard,0
CUST-05644,21,76.24,0,10,1,month-to-month,invoice,premium,1
CUST-05645,35,16.19,3,13,2,one-year,card,basic,1
CUST-05646,6,15.3,0,17,0,month-to-month,card,basic,1
CUST-05647,34,47.01,1,5,1,one-year,bank_transfer,standard,0
CUST-05648,12,20.57,1,13,0,month-to-month,card,basic,1
CUST-05649,12,51.38,0,14,0,month-to-month,bank_transfer,standard,0
CUST-05650,30,52.84,0,8,1,month-to-month,bank_transfer,standard,0
CUST-05651,30,23.53,2,5,0,two-year,card,basic,0
CUST-05652,18,47.97,1,15,0,month-to-month,bank_transfer,standard,1
CUST-05653,33,31.65,0,12,0,one-year,card,basic,0
CUST-05654,20,97.32,3,13,0,month-to-month,card,premium,1
CUST-05655,7,17.13,2,11,0,month-to-month,invoice,basic,1
CUST-05656,21,48.18,2,11,0,month-to-month,card,standard,0
CUST-05657,24,47.0,0,11,0,two-year,card,standard,0
CUST-05658,39,21.18,2,17,0,one-year,bank_transfer,basic,0
CUST-05659,5,13.17,0,13,0,month-to-month,card,basic,1
CUST-05660,59,14.26,2,17,1,one-year,card,basic,0
CUST-05661,27,6.0,2,14,0,month-to-month,invoice,basic,1
CUST-05662,15,16.61,0,13,0,month-to-month,card,basic,0
CUST-05663,10,25.39,0,8,1,month-to-month,card,basic,0
CUST-05664,13,48.09,4,12,1,month-to-month,card,standard,0
CUST-05665,25,18.42,0,13,0,month-to-month,bank_transfer,basic,0
CUST-05666,39,20.67,0,14,0,one-year,card,basic,0
CUST-05667,25,12.99,3,10,1,month-to-month,invoice,basic,1
CUST-05668,64,49.15,2,21,1,two-year,card,standard,0
CUST-05669,27,54.34,2,9,0,one-year,bank_transfer,standard,0
CUST-05670,48,50.84,2,9,0,two-year,invoice,standard,0
CUST-05671,26,54.87,2,13,2,one-year,bank_transfer,standard,1
CUST-05672,45,56.58,3,14,0,two-year,bank_transfer,standard,0
CUST-05673,17,22.98,0,15,1,month-to-month,card,basic,0
CUST-05674,27,14.72,1,6,0,month-to-month,card,basic,1
CUST-05675,1,46.94,0,13,0,month-to-month,card,standard,1
CUST-05676,15,30.59,1,16,0,two-year,card,basic,0
CUST-05677,10,90.89,0,14,1,month-to-month,card,premium,1
CUST-05678,56,50.09,1,9,0,one-year,bank_transfer,standard,0
CUST-05679,30,43.84,1,13,1,one-year,card,standard,1
CUST-05680,13,48.45,0,18,0,month-to-month,invoice,standard,0
CUST-05681,29,93.3,1,14,0,two-year,bank_transfer,premium,0
CUST-05682,16,49.09,0,14,0,month-to-month,card,standard,0
CUST-05683,31,45.88,2,13,0,month-to-month,card,standard,1
CUST-05684,57,87.28,2,9,0,one-year,bank_transfer,premium,1
CUST-05685,30,56.15,2,13,0,month-to-month,card,standard,1
CUST-05686,30,53.01,1,8,0,month-to-month,card,standard,1
CUST-05687,7,22.2,3,13,1,month-to-month,bank_transfer,basic,1
CUST-05688,9,21.65,2,12,0,month-to-month,bank_transfer,basic,1
CUST-05689,35,81.9,2,11,1,one-year,card,premium,0
CUST-05690,47,20.63,3,13,0,two-year,card,basic,0
CUST-05691,7,25.41,1,11,0,month-to-month,card,basic,0
CUST-05692,26,17.43,2,14,0,month-to-month,card,basic,0
CUST-05693,7,94.86,1,12,0,month-to-month,card,premium,1
CUST-05694,18,52.27,1,7,0,two-year,bank_transfer,standard,0
CUST-05695,18,53.97,1,19,0,one-year,bank_transfer,standard,0
CUST-05696,30,89.31,1,17,0,month-to-month,card,premium,0
CUST-05697,26,24.32,1,16,1,month-to-month,invoice,basic,1
CUST-05698,38,40.21,1,6,1,two-year,bank_transfer,standard,0
CUST-05699,59,49.2,1,11,0,two-year,card,standard,0
CUST-05700,29,53.28,1,5,0,month-to-month,invoice,standard,1
CUST-05701,28,50.78,2,7,0,two-year,bank_transfer,standard,0
CUST-05702,28,95.57,1,8,0,month-to-month,bank_transfer,premium,0
CUST-05703,7,18.06,0,13,1,month-to-month,card,basic,1
CUST-05704,30,15.72,1,10,0,one-year,invoice,basic,0
CUST-05705,4,79.17,1,12,0,month-to-month,card,premium,0
CUST-05706,15,47.36,3,9,1,month-to-month,card,standard,1
CUST-05707,37,52.1,0,15,0,two-year,invoice,standard,0
CUST-05708,5,23.57,2,11,0,two-year,invoice,basic,0
CUST-05709,16,80.6,2,21,0,month-to-month,bank_transfer,premium,0
CUST-05710,39,56.05,3,16,0,one-year,card,standard,1
CUST-05711,36,83.15,2,5,0,one-year,card,premium,0
CUST-05712,3,48.27,1,9,0,one-year,invoice,standard,1
CUST-05713,6,85.59,0,20,0,two-year,bank_transfer,premium,0
CUST-05714,21,51.5,5,17,1,one-year,invoice,standard,1
CUST-05715,30,49.56,1,7,0,month-to-month,card,standard,0
CUST-05716,31,53.07,0,12,0,month-to-month,invoice,standard,1
CUST-05717,22,60.06,0,15,1,two-year,card,standard,0
CUST-05718,51,51.39,1,14,0,two-year,card,standard,0
CUST-05719,20,15.54,1,9,1,month-to-month,invoice,basic,0
CUST-05720,35,21.77,0,15,1,month-to-month,card,basic,0
CUST-05721,5,60.67,1,11,0,one-year,bank_transfer,standard,0
CUST-05722,19,22.94,3,9,1,month-to-month,bank_transfer,basic,1
CUST-05723,21,54.67,2,18,0,month-to-month,invoice,standard,0
CUST-05724,22,9.44,1,16,0,two-year,card,basic,0
CUST-05725,3,21.32,1,13,1,two-year,card,basic,0
CUST-05726,3,47.39,2,13,1,two-year,bank_transfer,standard,0
CUST-05727,27,14.92,1,16,0,one-year,invoice,basic,0
CUST-05728,24,88.87,0,17,0,month-to-month,invoice,premium,0
CUST-05729,50,89.65,0,15,1,two-year,card,premium,0
CUST-05730,6,45.25,1,6,1,month-to-month,bank_transfer,standard,0
CUST-05731,30,50.13,0,15,0,month-to-month,card,standard,0
CUST-05732,27,17.96,1,13,1,two-year,card,basic,0
CUST-05733,57,53.21,0,17,0,one-year,card,standard,0
CUST-05734,8,20.37,2,9,0,two-year,card,basic,0
CUST-05735,30,91.26,3,12,0,month-to-month,card,premium,0
CUST-05736,65,94.88,1,14,0,two-year,card,premium,0
CUST-05737,49,22.33,4,9,0,one-year,card,basic,0
CUST-05738,48,48.96,2,15,0,one-year,invoice,standard,0
CUST-05739,26,36.48,0,7,1,two-year,card,standard,0
CUST-05740,25,52.08,0,14,1,month-to-month,invoice,standard,0
CUST-05741,34,13.53,0,14,0,one-year,invoice,basic,0
CUST-05742,25,48.48,0,12,0,one-year,card,standard,0
CUST-05743,59,21.23,0,23,0,one-year,bank_transfer,basic,0
CUST-05744,20,97.0,2,12,0,two-year,card,premium,0
CUST-05745,24,60.05,1,14,0,one-year,card,standard,0
CUST-05746,32,43.47,3,9,0,month-to-month,bank_transfer,standard,0
CUST-05747,10,81.1,1,13,0,month-to-month,bank_transfer,premium,1
CUST-05748,10,50.95,1,12,2,two-year,card,standard,0
CUST-05749,22,50.45,3,10,0,two-year,invoice,standard,0
CUST-05750,54,41.79,2,13,1,two-year,bank_transfer,standard,0
CUST-05751,30,48.9,3,18,0,month-to-month,card,standard,1
CUST-05752,4,22.59,1,12,0,month-to-month,card,basic,0
CUST-05753,37,81.62,0,10,1,one-year,invoice,premium,0
CUST-05754,34,13.03,3,9,0,one-year,invoice,basic,0
CUST-05755,24,45.14,0,7,1,month-to-month,bank_transfer,standard,0
CUST-05756,40,47.73,1,7,0,one-year,bank_transfer,standard,0
CUST-05757,34,23.16,0,8,0,month-to-month,bank_transfer,basic,0
CUST-05758,12,87.04,0,12,1,month-to-month,card,premium,1
CUST-05759,10,19.33,1,15,0,month-to-month,invoice,basic,0
CUST-05760,20,32.48,0,13,2,month-to-month,bank_transfer,basic,0
CUST-05761,15,43.26,3,12,0,month-to-month,bank_transfer,standard,1
CUST-05762,34,45.08,0,13,0,two-year,bank_transfer,standard,0
CUST-05763,4,93.07,2,10,2,one-year,bank_transfer,premium,1
CUST-05764,10,54.93,4,9,1,two-year,card,standard,1
CUST-05765,33,21.49,1,15,0,month-to-month,bank_transfer,basic,0
CUST-05766,2,29.85,0,13,0,month-to-month,card,basic,0
CUST-05767,21,20.9,1,5,1,month-to-month,card,basic,1
CUST-05768,45,37.14,2,12,2,one-year,card,standard,0
CUST-05769,1,19.58,1,15,0,month-to-month,card,basic,1
CUST-05770,13,45.57,1,12,0,one-year,invoice,standard,0
CUST-05771,27,97.3,2,10,0,two-year,card,premium,1
CUST-05772,36,54.79,2,17,0,two-year,card,standard,0
CUST-05773,12,39.46,1,15,0,month-to-month,bank_transfer,standard,0
CUST-05774,23,27.1,1,12,0,month-to-month,invoice,basic,0
CUST-05775,8,94.64,2,11,0,month-to-month,bank_transfer,premium,0
CUST-05776,1,17.05,0,11,0,month-to-month,invoice,basic,0
CUST-05777,1,48.53,1,10,0,one-year,bank_transfer,standard,0
CUST-05778,12,27.35,2,12,0,month-to-month,bank_transfer,basic,0
CUST-05779,21,7.17,3,13,0,one-year,card,basic,0
CUST-05780,34,21.67,1,7,0,month-to-month,card,basic,1
CUST-05781,3,25.56,1,15,0,two-year,card,basic,0
CUST-05782,38,88.47,0,9,0,two-year,bank_transfer,premium,0
CUST-05783,20,22.89,1,16,0,month-to-month,bank_transfer,basic,1
CUST-05784,50,89.62,1,13,1,two-year,bank_transfer,premium,0
CUST-05785,22,44.3,3,15,0,month-to-month,bank_transfer,standard,0
CUST-05786,1,14.15,2,12,0,one-year,bank_transfer,basic,0
CUST-05787,45,23.27,1,14,0,two-year,card,basic,0
CUST-05788,23,15.19,0,13,0,two-year,card,basic,0
CUST-05789,55,79.85,1,10,1,two-year,bank_transfer,premium,0
CUST-05790,6,19.73,0,15,2,month-to-month,card,basic,0
CUST-05791,51,85.92,1,15,1,two-year,invoice,premium,0
CUST-05792,37,11.81,0,12,0,one-year,card,basic,0
CUST-05793,23,19.43,0,14,0,month-to-month,card,basic,0
CUST-05794,6,23.6,1,9,0,month-to-month,bank_transfer,basic,1
CUST-05795,40,49.12,0,9,2,one-year,card,standard,0
CUST-05796,44,42.6,0,10,2,one-year,bank_transfer,standard,0
CUST-05797,17,91.89,1,11,1,month-to-month,card,premium,1
CUST-05798,24,25.21,0,3,1,two-year,card,basic,0
CUST-05799,9,32.28,1,9,0,one-year,bank_transfer,basic,0
CUST-05800,10,57.65,0,8,0,month-to-month,card,standard,0
CUST-05801,27,42.97,2,13,1,month-to-month,bank_transfer,standard,1
CUST-05802,24,94.15,2,12,0,one-year,card,premium,0
CUST-05803,42,50.54,1,18,0,one-year,bank_transfer,standard,0
CUST-05804,44,42.09,1,10,0,one-year,card,standard,0
CUST-05805,24,20.7,3,8,1,month-to-month,card,basic,0
CUST-05806,40,100.51,2,8,0,one-year,bank_transfer,premium,0
CUST-05807,36,26.18,0,14,3,one-year,bank_transfer,basic,0
CUST-05808,37,82.92,2,9,0,two-year,invoice,premium,0
CUST-05809,7,19.08,0,15,1,month-to-month,invoice,basic,1
CUST-05810,50,51.95,2,12,0,one-year,bank_transfer,standard,0
CUST-05811,34,78.62,2,8,0,month-to-month,card,premium,1
CUST-05812,16,78.83,1,9,1,month-to-month,bank_transfer,premium,0
CUST-05813,55,49.93,3,14,1,one-year,bank_transfer,standard,0
CUST-05814,59,50.01,0,7,0,one-year,invoice,standard,0
CUST-05815,17,77.97,1,11,0,month-to-month,bank_transfer,premium,1
CUST-05816,43,51.33,2,16,0,one-year,card,standard,0
CUST-05817,23,55.52,1,14,0,month-to-month,invoice,standard,0
CUST-05818,8,17.69,5,17,0,month-to-month,bank_transfer,basic,1
CUST-05819,1,49.36,3,12,0,month-to-month,card,standard,0
CUST-05820,16,22.43,3,7,0,month-to-month,bank_transfer,basic,1
CUST-05821,47,51.63,0,18,0,one-year,bank_transfer,standard,0
CUST-05822,23,8.99,0,11,0,two-year,bank_transfer,basic,0
CUST-05823,47,43.57,2,20,1,one-year,invoice,standard,0
CUST-05824,23,86.62,1,9,1,month-to-month,card,premium,1
CUST-05825,25,43.84,3,12,0,month-to-month,card,standard,0
CUST-05826,10,97.8,0,11,1,month-to-month,card,premium,1
CUST-05827,28,22.81,2,13,0,one-year,invoice,basic,0
CUST-05828,6,42.34,0,7,0,month-to-month,card,standard,0
CUST-05829,8,47.71,3,15,0,month-to-month,bank_transfer,standard,1
CUST-05830,5,55.78,3,15,0,one-year,bank_transfer,standard,0
CUST-05831,7,45.12,0,10,0,one-year,invoice,standard,0
CUST-05832,7,24.11,0,10,2,month-to-month,card,basic,1
CUST-05833,20,57.3,2,18,0,month-to-month,card,standard,0
CUST-05834,26,26.3,2,11,0,one-year,invoice,basic,0
CUST-05835,9,50.08,3,14,0,month-to-month,bank_transfer,standard,0
CUST-05836,31,96.51,0,14,0,month-to-month,card,premium,0
CUST-05837,37,15.87,2,15,0,two-year,card,basic,0
CUST-05838,33,63.92,0,20,0,month-to-month,invoice,standard,0
CUST-05839,22,50.45,2,13,1,month-to-month,invoice,standard,1
CUST-05840,1,55.88,1,15,1,month-to-month,bank_transfer,standard,1
CUST-05841,32,16.83,1,11,0,month-to-month,card,basic,0
CUST-05842,30,52.0,0,11,0,month-to-month,bank_transfer,standard,1
CUST-05843,22,52.26,1,8,2,month-to-month,card,standard,1
CUST-05844,32,43.43,1,16,0,one-year,invoice,standard,1
CUST-05845,16,43.25,2,7,1,month-to-month,card,standard,1
CUST-05846,34,17.77,2,14,0,two-year,card,basic,0
CUST-05847,55,95.63,0,5,0,two-year,card,premium,0
CUST-05848,18,8.01,1,12,0,month-to-month,card,basic,0
CUST-05849,6,16.82,1,10,0,month-to-month,card,basic,1
CUST-05850,3,56.86,2,7,0,one-year,bank_transfer,standard,0
CUST-05851,9,41.61,0,16,1,two-year,card,standard,0
CUST-05852,18,56.52,0,9,0,two-year,bank_transfer,standard,0
CUST-05853,13,12.23,0,15,0,month-to-month,card,basic,0
CUST-05854,32,13.5,1,12,0,month-to-month,card,basic,0
CUST-05855,8,48.12,1,11,2,month-to-month,bank_transfer,standard,0
CUST-05856,23,30.24,1,14,0,two-year,bank_transfer,basic,0
CUST-05857,13,45.16,1,12,0,one-year,card,standard,0
CUST-05858,19,38.6,2,8,1,month-to-month,invoice,standard,1
CUST-05859,37,10.59,2,10,1,one-year,card,basic,0
CUST-05860,19,54.59,1,11,1,month-to-month,card,standard,1
CUST-05861,57,80.87,3,12,0,one-year,card,premium,0
CUST-05862,35,96.13,0,14,0,month-to-month,bank_transfer,premium,0
CUST-05863,50,19.42,0,11,0,one-year,card,basic,0
CUST-05864,48,48.81,2,10,0,one-year,card,standard,0
CUST-05865,21,90.78,1,13,0,one-year,card,premium,1
CUST-05866,20,44.19,0,11,0,month-to-month,card,standard,0
CUST-05867,25,19.83,2,8,0,two-year,card,basic,0
CUST-05868,47,11.84,0,11,0,one-year,bank_transfer,basic,0
CUST-05869,6,57.09,0,16,0,month-to-month,bank_transfer,standard,0
CUST-05870,7,42.84,1,15,0,month-to-month,card,standard,0
CUST-05871,2,91.63,0,13,0,one-year,card,premium,0
CUST-05872,21,82.79,0,11,0,month-to-month,card,premium,0
CUST-05873,24,15.8,1,19,0,month-to-month,invoice,basic,1
CUST-05874,1,46.76,2,13,0,month-to-month,bank_transfer,standard,1
CUST-05875,18,36.89,1,14,0,month-to-month,card,basic,1
CUST-05876,13,18.91,0,12,1,month-to-month,invoice,basic,0
CUST-05877,47,14.07,2,13,0,one-year,card,basic,0
CUST-05878,1,86.33,0,19,0,month-to-month,card,premium,1
CUST-05879,2,9.97,0,15,1,one-year,invoice,basic,0
CUST-05880,22,48.02,1,11,0,month-to-month,bank_transfer,standard,1
CUST-05881,21,60.11,1,17,0,month-to-month,bank_transfer,standard,0
CUST-05882,29,21.02,2,15,1,month-to-month,bank_transfer,basic,1
CUST-05883,35,54.42,1,8,0,one-year,invoice,standard,0
CUST-05884,68,13.54,3,12,0,two-year,card,basic,1
CUST-05885,11,17.78,2,15,0,month-to-month,card,basic,0
CUST-05886,14,50.22,2,9,1,month-to-month,card,standard,1
CUST-05887,35,84.65,0,14,0,month-to-month,invoice,premium,1
CUST-05888,3,51.4,1,14,1,month-to-month,card,standard,1
CUST-05889,57,92.69,2,22,0,two-year,card,premium,0
CUST-05890,1,22.26,1,9,2,month-to-month,card,basic,1
CUST-05891,35,18.09,2,12,0,two-year,card,basic,1
CUST-05892,9,55.55,2,9,1,one-year,bank_transfer,standard,0
CUST-05893,21,87.45,1,11,0,month-to-month,card,premium,0
CUST-05894,57,16.91,1,16,0,two-year,invoice,basic,0
CUST-05895,1,27.65,1,10,0,month-to-month,bank_transfer,basic,1
CUST-05896,9,82.36,0,14,0,one-year,card,premium,0
CUST-05897,12,78.78,1,20,0,month-to-month,invoice,premium,0
CUST-05898,18,13.79,0,17,0,two-year,card,basic,0
CUST-05899,13,51.32,1,13,0,month-to-month,bank_transfer,standard,1
CUST-05900,34,56.7,1,19,2,month-to-month,bank_transfer,standard,0
CUST-05901,7,45.04,1,10,1,two-year,card,standard,0
CUST-05902,15,59.89,0,19,0,month-to-month,card,standard,1
CUST-05903,16,89.16,0,7,1,month-to-month,bank_transfer,premium,1
CUST-05904,16,18.31,0,9,1,one-year,bank_transfer,basic,0
CUST-05905,10,43.9,2,12,0,month-to-month,bank_transfer,standard,0
CUST-05906,51,30.71,1,13,2,two-year,card,basic,0
CUST-05907,37,48.1,1,14,0,one-year,card,standard,0
CUST-05908,48,41.01,0,11,0,one-year,invoice,standard,0
CUST-05909,14,63.75,1,9,0,month-to-month,card,standard,0
CUST-05910,21,91.36,3,20,0,month-to-month,invoice,premium,1
CUST-05911,64,53.79,1,11,0,two-year,bank_transfer,standard,0
CUST-05912,30,59.09,1,17,0,month-to-month,bank_transfer,standard,0
CUST-05913,33,22.69,1,15,0,month-to-month,card,basic,1
CUST-05914,9,94.85,1,11,1,month-to-month,invoice,premium,1
CUST-05915,35,49.33,2,16,0,month-to-month,invoice,standard,0
CUST-05916,48,53.4,0,8,1,one-year,bank_transfer,standard,0
CUST-05917,47,48.8,3,8,0,one-year,bank_transfer,standard,0
CUST-05918,40,18.88,0,15,1,one-year,card,basic,0
CUST-05919,70,49.72,0,10,1,two-year,card,standard,0
CUST-05920,15,16.62,1,6,2,month-to-month,invoice,basic,1
CUST-05921,26,22.03,4,8,0,month-to-month,card,basic,1
CUST-05922,25,92.01,2,12,0,month-to-month,card,premium,1
CUST-05923,43,93.91,1,9,0,one-year,card,premium,0
CUST-05924,27,52.84,2,13,0,month-to-month,bank_transfer,standard,1
CUST-05925,11,101.0,0,14,0,one-year,bank_transfer,premium,0
CUST-05926,12,55.32,0,10,1,month-to-month,bank_transfer,standard,1
CUST-05927,28,17.76,1,13,1,two-year,card,basic,0
CUST-05928,53,91.72,0,8,0,two-year,card,premium,0
CUST-05929,51,57.48,0,16,1,two-year,card,standard,0
CUST-05930,30,43.3,1,15,0,month-to-month,invoice,standard,0
CUST-05931,56,61.09,1,11,1,two-year,card,standard,0
CUST-05932,21,44.35,4,11,0,month-to-month,invoice,standard,1
CUST-05933,5,24.4,2,12,1,month-to-month,card,basic,1
CUST-05934,22,89.04,1,10,0,month-to-month,invoice,premium,1
CUST-05935,31,18.69,0,11,0,month-to-month,bank_transfer,basic,0
CUST-05936,38,41.18,0,14,0,one-year,invoice,standard,0
CUST-05937,32,24.45,1,11,0,month-to-month,bank_transfer,basic,0
CUST-05938,35,41.27,1,11,1,month-to-month,bank_transfer,standard,1
CUST-05939,21,10.34,2,13,0,one-year,bank_transfer,basic,0
CUST-05940,52,55.96,3,9,2,two-year,card,standard,0
CUST-05941,32,59.74,1,9,0,one-year,invoice,standard,0
CUST-05942,27,15.0,0,10,0,one-year,bank_transfer,basic,0
CUST-05943,8,25.02,3,19,0,month-to-month,card,basic,1
CUST-05944,17,23.78,5,13,0,two-year,card,basic,0
CUST-05945,6,48.45,0,13,1,month-to-month,bank_transfer,standard,0
CUST-05946,22,97.01,0,13,0,month-to-month,invoice,premium,0
CUST-05947,5,18.02,3,12,0,month-to-month,bank_transfer,basic,1
CUST-05948,25,52.11,1,9,0,one-year,card,standard,0
CUST-05949,18,11.48,3,8,0,month-to-month,bank_transfer,basic,0
CUST-05950,26,81.73,3,11,1,one-year,card,premium,0
CUST-05951,30,96.01,0,14,1,month-to-month,card,premium,0
CUST-05952,15,52.31,1,12,1,month-to-month,invoice,standard,1
CUST-05953,2,18.15,0,13,0,month-to-month,card,basic,0
CUST-05954,35,60.45,2,17,0,month-to-month,card,standard,0
CUST-05955,30,100.38,1,13,1,month-to-month,card,premium,1
CUST-05956,39,21.64,1,15,0,one-year,card,basic,0
CUST-05957,27,40.27,0,13,0,month-to-month,card,standard,0
CUST-05958,4,88.33,2,12,0,month-to-month,card,premium,1
CUST-05959,45,44.0,2,10,1,one-year,card,standard,0
CUST-05960,7,49.54,1,11,0,month-to-month,invoice,standard,1
CUST-05961,17,43.38,0,13,0,month-to-month,card,standard,0
CUST-05962,6,81.82,1,11,0,month-to-month,invoice,premium,1
CUST-05963,27,5.42,0,7,1,month-to-month,bank_transfer,basic,1
CUST-05964,8,90.0,1,6,0,month-to-month,card,premium,1
CUST-05965,15,35.21,3,13,0,one-year,card,standard,0
CUST-05966,3,47.08,1,19,0,month-to-month,card,standard,1
CUST-05967,43,93.17,0,19,0,one-year,bank_transfer,premium,0
CUST-05968,10,44.67,0,9,0,month-to-month,bank_transfer,standard,0
CUST-05969,31,12.49,0,13,0,one-year,card,basic,0
CUST-05970,19,18.59,1,14,2,one-year,card,basic,0
CUST-05971,27,84.03,0,11,0,month-to-month,card,premium,1
CUST-05972,8,50.11,1,12,0,month-to-month,bank_transfer,standard,0
CUST-05973,33,12.8,2,12,0,month-to-month,card,basic,0
CUST-05974,23,88.37,0,11,0,two-year,bank_transfer,premium,0
CUST-05975,7,86.92,3,10,0,two-year,bank_transfer,premium,0
CUST-05976,8,88.93,1,11,2,month-to-month,bank_transfer,premium,1
CUST-05977,4,58.81,1,16,0,one-year,card,standard,0
CUST-05978,16,90.2,3,11,1,month-to-month,card,premium,1
CUST-05979,9,92.03,3,12,0,month-to-month,card,premium,1
CUST-05980,53,15.25,0,13,1,one-year,invoice,basic,0
CUST-05981,18,90.34,2,15,0,month-to-month,card,premium,0
CUST-05982,8,47.35,0,13,0,month-to-month,card,standard,0
CUST-05983,32,89.18,3,11,0,two-year,card,premium,1
CUST-05984,7,52.89,1,11,0,month-to-month,bank_transfer,standard,0
CUST-05985,10,46.0,1,13,1,one-year,bank_transfer,standard,0
CUST-05986,10,16.61,2,17,0,month-to-month,bank_transfer,basic,1
CUST-05987,3,16.08,0,13,0,month-to-month,bank_transfer,basic,0
CUST-05988,6,15.97,1,7,1,month-to-month,invoice,basic,0
CUST-05989,67,50.04,0,14,0,two-year,invoice,standard,0
CUST-05990,24,86.82,1,7,0,month-to-month,card,premium,1
CUST-05991,33,27.99,0,14,1,month-to-month,card,basic,0
CUST-05992,15,35.07,1,9,0,one-year,invoice,basic,0
CUST-05993,61,45.59,1,7,0,two-year,bank_transfer,standard,0
CUST-05994,26,20.76,3,24,0,two-year,invoice,basic,0
CUST-05995,8,25.23,2,8,0,one-year,card,basic,0
CUST-05996,28,17.41,0,6,0,month-to-month,invoice,basic,0
CUST-05997,3,43.03,2,6,0,one-year,card,standard,1
CUST-05998,29,59.43,0,12,0,two-year,bank_transfer,standard,0
CUST-05999,58,93.12,2,11,1,two-year,card,premium,0
CUST-06000,44,20.91,1,10,1,two-year,card,basic,0
